2026-08-16 21:11:33.048   Log opened. (Time zone: UTC+06:00)
2026-08-16 21:11:33.048   Setup version: Inno Setup version 6.7.3
2026-08-16 21:11:33.048   Original Setup EXE: D:\projects\code\DriveBackup\dist\DriveBackup-Setup-0.1.0.exe
2026-08-16 21:11:33.048   Setup command line: /SL5="$1B04B4,31554112,893952,D:\projects\code\DriveBackup\dist\DriveBackup-Setup-0.1.0.exe" /VERYSILENT /SUPPRESSMSGBOXES /NORESTART /SP- /LOG=D:\projects\code\DriveBackup\install.log 
2026-08-16 21:11:33.048   Windows version: 10.0.26200
2026-08-16 21:11:33.048   Windows architecture: x64 (64-bit)
2026-08-16 21:11:33.048   Machine types supported by system: x86 x64
2026-08-16 21:11:33.048   User privileges: None
2026-08-16 21:11:33.079   Administrative install mode: No
2026-08-16 21:11:33.080   Install mode root key: HKEY_CURRENT_USER
2026-08-16 21:11:33.080   64-bit install mode: No
2026-08-16 21:11:33.080   RedirectionGuard status for current process: Enabled in enforcing mode
2026-08-16 21:11:33.084   Created temporary directory: C:\Users\in15\AppData\Local\Temp\is-XZQIUQYXI3.tmp
2026-08-16 21:11:33.491   Found 116 files to register with RestartManager.
2026-08-16 21:11:33.491   Calling RestartManager's RmGetList.
2026-08-16 21:11:34.055   RmGetList finished successfully.
2026-08-16 21:11:34.055   RestartManager found no applications using one of our files.
2026-08-16 21:11:34.068   Starting the installation process.
2026-08-16 21:11:34.072   Directory for uninstall files: C:\Users\in15\AppData\Local\DriveBackup
2026-08-16 21:11:34.072   Will append to existing uninstall log: C:\Users\in15\AppData\Local\DriveBackup\unins000.dat
2026-08-16 21:11:34.080   -- File entry --
2026-08-16 21:11:34.080   Dest filename: C:\Users\in15\AppData\Local\DriveBackup\unins000.exe
2026-08-16 21:11:34.086   Time stamp of our file: 2026-08-16 21:11:32.296
2026-08-16 21:11:34.086   Dest file exists.
2026-08-16 21:11:34.086   Time stamp of existing file: 2026-08-16 21:10:24.104
2026-08-16 21:11:34.086   Version of our file: 51.1054.0.0
2026-08-16 21:11:34.093   Version of existing file: 51.1054.0.0
2026-08-16 21:11:34.093   Installing the file.
2026-08-16 21:11:34.110   Leaving temporary file in place for now.
2026-08-16 21:11:34.110   -- File entry --
2026-08-16 21:11:34.111   Dest filename: C:\Users\in15\AppData\Local\DriveBackup\DriveBackup.exe
2026-08-16 21:11:34.112   Time stamp of our file: 2026-08-16 21:06:02.000
2026-08-16 21:11:34.112   Dest file exists.
2026-08-16 21:11:34.112   Time stamp of existing file: 2026-08-16 21:06:02.000
2026-08-16 21:11:34.112   Installing the file.
2026-08-16 21:11:34.666   Successfully installed the file.
2026-08-16 21:11:34.668   -- File entry --
2026-08-16 21:11:34.668   Dest filename: C:\Users\in15\AppData\Local\DriveBackup\_internal\base_library.zip
2026-08-16 21:11:34.668   Time stamp of our file: 2026-08-16 21:06:04.000
2026-08-16 21:11:34.668   Dest file exists.
2026-08-16 21:11:34.668   Time stamp of existing file: 2026-08-16 21:06:04.000
2026-08-16 21:11:34.668   Installing the file.
2026-08-16 21:11:34.743   Successfully installed the file.
2026-08-16 21:11:34.743   -- File entry --
2026-08-16 21:11:34.743   Dest filename: C:\Users\in15\AppData\Local\DriveBackup\_internal\libcrypto-3.dll
2026-08-16 21:11:34.743   Time stamp of our file: 2026-08-16 21:06:04.000
2026-08-16 21:11:34.743   Dest file exists.
2026-08-16 21:11:34.743   Time stamp of existing file: 2026-08-16 21:06:04.000
2026-08-16 21:11:34.745   Installing the file.
2026-08-16 21:11:35.242   Successfully installed the file.
2026-08-16 21:11:35.242   -- File entry --
2026-08-16 21:11:35.242   Dest filename: C:\Users\in15\AppData\Local\DriveBackup\_internal\libffi-8.dll
2026-08-16 21:11:35.244   Time stamp of our file: 2026-08-16 21:06:04.000
2026-08-16 21:11:35.244   Dest file exists.
2026-08-16 21:11:35.244   Time stamp of existing file: 2026-08-16 21:06:04.000
2026-08-16 21:11:35.244   Installing the file.
2026-08-16 21:11:35.252   Successfully installed the file.
2026-08-16 21:11:35.252   -- File entry --
2026-08-16 21:11:35.252   Dest filename: C:\Users\in15\AppData\Local\DriveBackup\_internal\libssl-3.dll
2026-08-16 21:11:35.252   Time stamp of our file: 2026-08-16 21:06:04.000
2026-08-16 21:11:35.252   Dest file exists.
2026-08-16 21:11:35.252   Time stamp of existing file: 2026-08-16 21:06:04.000
2026-08-16 21:11:35.254   Installing the file.
2026-08-16 21:11:35.374   Successfully installed the file.
2026-08-16 21:11:35.374   -- File entry --
2026-08-16 21:11:35.375   Dest filename: C:\Users\in15\AppData\Local\DriveBackup\_internal\pyexpat.pyd
2026-08-16 21:11:35.375   Time stamp of our file: 2026-08-16 21:06:06.000
2026-08-16 21:11:35.375   Dest file exists.
2026-08-16 21:11:35.376   Time stamp of existing file: 2026-08-16 21:06:06.000
2026-08-16 21:11:35.376   Installing the file.
2026-08-16 21:11:35.399   Successfully installed the file.
2026-08-16 21:11:35.399   -- File entry --
2026-08-16 21:11:35.399   Dest filename: C:\Users\in15\AppData\Local\DriveBackup\_internal\python314.dll
2026-08-16 21:11:35.401   Time stamp of our file: 2026-08-16 21:06:06.000
2026-08-16 21:11:35.401   Dest file exists.
2026-08-16 21:11:35.401   Time stamp of existing file: 2026-08-16 21:06:06.000
2026-08-16 21:11:35.401   Installing the file.
2026-08-16 21:11:35.990   Successfully installed the file.
2026-08-16 21:11:35.990   -- File entry --
2026-08-16 21:11:35.990   Dest filename: C:\Users\in15\AppData\Local\DriveBackup\_internal\select.pyd
2026-08-16 21:11:35.991   Time stamp of our file: 2026-08-16 21:06:06.000
2026-08-16 21:11:35.991   Dest file exists.
2026-08-16 21:11:35.991   Time stamp of existing file: 2026-08-16 21:06:06.000
2026-08-16 21:11:35.991   Installing the file.
2026-08-16 21:11:35.998   Successfully installed the file.
2026-08-16 21:11:35.998   -- File entry --
2026-08-16 21:11:35.999   Dest filename: C:\Users\in15\AppData\Local\DriveBackup\_internal\tcl86t.dll
2026-08-16 21:11:36.000   Time stamp of our file: 2026-08-16 21:06:06.000
2026-08-16 21:11:36.000   Dest file exists.
2026-08-16 21:11:36.000   Time stamp of existing file: 2026-08-16 21:06:06.000
2026-08-16 21:11:36.000   Installing the file.
2026-08-16 21:11:36.135   Successfully installed the file.
2026-08-16 21:11:36.135   -- File entry --
2026-08-16 21:11:36.135   Dest filename: C:\Users\in15\AppData\Local\DriveBackup\_internal\tk86t.dll
2026-08-16 21:11:36.135   Time stamp of our file: 2026-08-16 21:06:06.000
2026-08-16 21:11:36.135   Dest file exists.
2026-08-16 21:11:36.135   Time stamp of existing file: 2026-08-16 21:06:06.000
2026-08-16 21:11:36.135   Installing the file.
2026-08-16 21:11:36.269   Successfully installed the file.
2026-08-16 21:11:36.269   -- File entry --
2026-08-16 21:11:36.270   Dest filename: C:\Users\in15\AppData\Local\DriveBackup\_internal\unicodedata.pyd
2026-08-16 21:11:36.270   Time stamp of our file: 2026-08-16 21:06:06.000
2026-08-16 21:11:36.270   Dest file exists.
2026-08-16 21:11:36.270   Time stamp of existing file: 2026-08-16 21:06:06.000
2026-08-16 21:11:36.271   Installing the file.
2026-08-16 21:11:36.335   Successfully installed the file.
2026-08-16 21:11:36.335   -- File entry --
2026-08-16 21:11:36.335   Dest filename: C:\Users\in15\AppData\Local\DriveBackup\_internal\VCRUNTIME140.dll
2026-08-16 21:11:36.335   Time stamp of our file: 2026-08-16 21:06:02.000
2026-08-16 21:11:36.335   Dest file exists.
2026-08-16 21:11:36.335   Time stamp of existing file: 2026-08-16 21:06:02.000
2026-08-16 21:11:36.337   Installing the file.
2026-08-16 21:11:36.353   Successfully installed the file.
2026-08-16 21:11:36.353   -- File entry --
2026-08-16 21:11:36.353   Dest filename: C:\Users\in15\AppData\Local\DriveBackup\_internal\VCRUNTIME140_1.dll
2026-08-16 21:11:36.356   Time stamp of our file: 2026-08-16 21:06:02.000
2026-08-16 21:11:36.356   Dest file exists.
2026-08-16 21:11:36.356   Time stamp of existing file: 2026-08-16 21:06:02.000
2026-08-16 21:11:36.356   Installing the file.
2026-08-16 21:11:36.362   Successfully installed the file.
2026-08-16 21:11:36.362   -- File entry --
2026-08-16 21:11:36.363   Dest filename: C:\Users\in15\AppData\Local\DriveBackup\_internal\version.txt
2026-08-16 21:11:36.363   Time stamp of our file: 2026-08-16 21:06:06.000
2026-08-16 21:11:36.363   Dest file exists.
2026-08-16 21:11:36.364   Time stamp of existing file: 2026-08-16 21:06:06.000
2026-08-16 21:11:36.364   Installing the file.
2026-08-16 21:11:36.369   Successfully installed the file.
2026-08-16 21:11:36.369   -- File entry --
2026-08-16 21:11:36.369   Dest filename: C:\Users\in15\AppData\Local\DriveBackup\_internal\zlib1.dll
2026-08-16 21:11:36.370   Time stamp of our file: 2026-08-16 21:06:06.000
2026-08-16 21:11:36.370   Dest file exists.
2026-08-16 21:11:36.370   Time stamp of existing file: 2026-08-16 21:06:06.000
2026-08-16 21:11:36.370   Installing the file.
2026-08-16 21:11:36.385   Successfully installed the file.
2026-08-16 21:11:36.385   -- File entry --
2026-08-16 21:11:36.387   Dest filename: C:\Users\in15\AppData\Local\DriveBackup\_internal\_asyncio.pyd
2026-08-16 21:11:36.387   Time stamp of our file: 2026-08-16 21:06:02.000
2026-08-16 21:11:36.387   Dest file exists.
2026-08-16 21:11:36.387   Time stamp of existing file: 2026-08-16 21:06:02.000
2026-08-16 21:11:36.387   Installing the file.
2026-08-16 21:11:36.399   Successfully installed the file.
2026-08-16 21:11:36.399   -- File entry --
2026-08-16 21:11:36.400   Dest filename: C:\Users\in15\AppData\Local\DriveBackup\_internal\_bz2.pyd
2026-08-16 21:11:36.401   Time stamp of our file: 2026-08-16 21:06:02.000
2026-08-16 21:11:36.401   Dest file exists.
2026-08-16 21:11:36.401   Time stamp of existing file: 2026-08-16 21:06:02.000
2026-08-16 21:11:36.401   Installing the file.
2026-08-16 21:11:36.422   Successfully installed the file.
2026-08-16 21:11:36.422   -- File entry --
2026-08-16 21:11:36.422   Dest filename: C:\Users\in15\AppData\Local\DriveBackup\_internal\_cffi_backend.cp314-win_amd64.pyd
2026-08-16 21:11:36.423   Time stamp of our file: 2026-08-16 21:06:02.000
2026-08-16 21:11:36.423   Dest file exists.
2026-08-16 21:11:36.426   Time stamp of existing file: 2026-08-16 21:06:02.000
2026-08-16 21:11:36.427   Installing the file.
2026-08-16 21:11:36.450   Successfully installed the file.
2026-08-16 21:11:36.451   -- File entry --
2026-08-16 21:11:36.451   Dest filename: C:\Users\in15\AppData\Local\DriveBackup\_internal\_ctypes.pyd
2026-08-16 21:11:36.452   Time stamp of our file: 2026-08-16 21:06:02.000
2026-08-16 21:11:36.452   Dest file exists.
2026-08-16 21:11:36.452   Time stamp of existing file: 2026-08-16 21:06:02.000
2026-08-16 21:11:36.452   Installing the file.
2026-08-16 21:11:36.477   Successfully installed the file.
2026-08-16 21:11:36.477   -- File entry --
2026-08-16 21:11:36.478   Dest filename: C:\Users\in15\AppData\Local\DriveBackup\_internal\_decimal.pyd
2026-08-16 21:11:36.478   Time stamp of our file: 2026-08-16 21:06:02.000
2026-08-16 21:11:36.478   Dest file exists.
2026-08-16 21:11:36.478   Time stamp of existing file: 2026-08-16 21:06:02.000
2026-08-16 21:11:36.480   Installing the file.
2026-08-16 21:11:36.519   Successfully installed the file.
2026-08-16 21:11:36.519   -- File entry --
2026-08-16 21:11:36.520   Dest filename: C:\Users\in15\AppData\Local\DriveBackup\_internal\_elementtree.pyd
2026-08-16 21:11:36.520   Time stamp of our file: 2026-08-16 21:06:02.000
2026-08-16 21:11:36.520   Dest file exists.
2026-08-16 21:11:36.521   Time stamp of existing file: 2026-08-16 21:06:02.000
2026-08-16 21:11:36.521   Installing the file.
2026-08-16 21:11:36.548   Successfully installed the file.
2026-08-16 21:11:36.548   -- File entry --
2026-08-16 21:11:36.551   Dest filename: C:\Users\in15\AppData\Local\DriveBackup\_internal\_hashlib.pyd
2026-08-16 21:11:36.551   Time stamp of our file: 2026-08-16 21:06:02.000
2026-08-16 21:11:36.552   Dest file exists.
2026-08-16 21:11:36.552   Time stamp of existing file: 2026-08-16 21:06:02.000
2026-08-16 21:11:36.552   Installing the file.
2026-08-16 21:11:36.565   Successfully installed the file.
2026-08-16 21:11:36.566   -- File entry --
2026-08-16 21:11:36.568   Dest filename: C:\Users\in15\AppData\Local\DriveBackup\_internal\_lzma.pyd
2026-08-16 21:11:36.569   Time stamp of our file: 2026-08-16 21:06:02.000
2026-08-16 21:11:36.569   Dest file exists.
2026-08-16 21:11:36.569   Time stamp of existing file: 2026-08-16 21:06:02.000
2026-08-16 21:11:36.569   Installing the file.
2026-08-16 21:11:36.599   Successfully installed the file.
2026-08-16 21:11:36.600   -- File entry --
2026-08-16 21:11:36.601   Dest filename: C:\Users\in15\AppData\Local\DriveBackup\_internal\_multiprocessing.pyd
2026-08-16 21:11:36.602   Time stamp of our file: 2026-08-16 21:06:02.000
2026-08-16 21:11:36.602   Dest file exists.
2026-08-16 21:11:36.602   Time stamp of existing file: 2026-08-16 21:06:02.000
2026-08-16 21:11:36.602   Installing the file.
2026-08-16 21:11:36.610   Successfully installed the file.
2026-08-16 21:11:36.610   -- File entry --
2026-08-16 21:11:36.610   Dest filename: C:\Users\in15\AppData\Local\DriveBackup\_internal\_overlapped.pyd
2026-08-16 21:11:36.611   Time stamp of our file: 2026-08-16 21:06:02.000
2026-08-16 21:11:36.611   Dest file exists.
2026-08-16 21:11:36.611   Time stamp of existing file: 2026-08-16 21:06:02.000
2026-08-16 21:11:36.611   Installing the file.
2026-08-16 21:11:36.624   Successfully installed the file.
2026-08-16 21:11:36.624   -- File entry --
2026-08-16 21:11:36.624   Dest filename: C:\Users\in15\AppData\Local\DriveBackup\_internal\_queue.pyd
2026-08-16 21:11:36.625   Time stamp of our file: 2026-08-16 21:06:02.000
2026-08-16 21:11:36.625   Dest file exists.
2026-08-16 21:11:36.625   Time stamp of existing file: 2026-08-16 21:06:02.000
2026-08-16 21:11:36.625   Installing the file.
2026-08-16 21:11:36.634   Successfully installed the file.
2026-08-16 21:11:36.634   -- File entry --
2026-08-16 21:11:36.634   Dest filename: C:\Users\in15\AppData\Local\DriveBackup\_internal\_socket.pyd
2026-08-16 21:11:36.634   Time stamp of our file: 2026-08-16 21:06:02.000
2026-08-16 21:11:36.634   Dest file exists.
2026-08-16 21:11:36.636   Time stamp of existing file: 2026-08-16 21:06:02.000
2026-08-16 21:11:36.636   Installing the file.
2026-08-16 21:11:36.651   Successfully installed the file.
2026-08-16 21:11:36.651   -- File entry --
2026-08-16 21:11:36.651   Dest filename: C:\Users\in15\AppData\Local\DriveBackup\_internal\_ssl.pyd
2026-08-16 21:11:36.654   Time stamp of our file: 2026-08-16 21:06:02.000
2026-08-16 21:11:36.654   Dest file exists.
2026-08-16 21:11:36.654   Time stamp of existing file: 2026-08-16 21:06:02.000
2026-08-16 21:11:36.654   Installing the file.
2026-08-16 21:11:36.674   Successfully installed the file.
2026-08-16 21:11:36.676   -- File entry --
2026-08-16 21:11:36.678   Dest filename: C:\Users\in15\AppData\Local\DriveBackup\_internal\_tkinter.pyd
2026-08-16 21:11:36.678   Time stamp of our file: 2026-08-16 21:06:04.000
2026-08-16 21:11:36.678   Dest file exists.
2026-08-16 21:11:36.678   Time stamp of existing file: 2026-08-16 21:06:04.000
2026-08-16 21:11:36.679   Installing the file.
2026-08-16 21:11:36.696   Successfully installed the file.
2026-08-16 21:11:36.696   -- File entry --
2026-08-16 21:11:36.699   Dest filename: C:\Users\in15\AppData\Local\DriveBackup\_internal\_uuid.pyd
2026-08-16 21:11:36.700   Time stamp of our file: 2026-08-16 21:06:04.000
2026-08-16 21:11:36.700   Dest file exists.
2026-08-16 21:11:36.700   Time stamp of existing file: 2026-08-16 21:06:04.000
2026-08-16 21:11:36.700   Installing the file.
2026-08-16 21:11:36.709   Successfully installed the file.
2026-08-16 21:11:36.710   -- File entry --
2026-08-16 21:11:36.710   Dest filename: C:\Users\in15\AppData\Local\DriveBackup\_internal\_wmi.pyd
2026-08-16 21:11:36.710   Time stamp of our file: 2026-08-16 21:06:04.000
2026-08-16 21:11:36.711   Dest file exists.
2026-08-16 21:11:36.711   Time stamp of existing file: 2026-08-16 21:06:04.000
2026-08-16 21:11:36.711   Installing the file.
2026-08-16 21:11:36.732   Successfully installed the file.
2026-08-16 21:11:36.733   -- File entry --
2026-08-16 21:11:36.737   Dest filename: C:\Users\in15\AppData\Local\DriveBackup\_internal\_zoneinfo.pyd
2026-08-16 21:11:36.738   Time stamp of our file: 2026-08-16 21:06:04.000
2026-08-16 21:11:36.738   Dest file exists.
2026-08-16 21:11:36.738   Time stamp of existing file: 2026-08-16 21:06:04.000
2026-08-16 21:11:36.738   Installing the file.
2026-08-16 21:11:36.749   Successfully installed the file.
2026-08-16 21:11:36.752   -- File entry --
2026-08-16 21:11:36.753   Dest filename: C:\Users\in15\AppData\Local\DriveBackup\_internal\_zstd.pyd
2026-08-16 21:11:36.753   Time stamp of our file: 2026-08-16 21:06:04.000
2026-08-16 21:11:36.753   Dest file exists.
2026-08-16 21:11:36.753   Time stamp of existing file: 2026-08-16 21:06:04.000
2026-08-16 21:11:36.754   Installing the file.
2026-08-16 21:11:36.814   Successfully installed the file.
2026-08-16 21:11:36.815   -- File entry --
2026-08-16 21:11:36.815   Dest filename: C:\Users\in15\AppData\Local\DriveBackup\_internal\aiohttp\_http_parser.cp314-win_amd64.pyd
2026-08-16 21:11:36.816   Time stamp of our file: 2026-08-16 21:06:04.000
2026-08-16 21:11:36.816   Dest file exists.
2026-08-16 21:11:36.816   Time stamp of existing file: 2026-08-16 21:06:04.000
2026-08-16 21:11:36.816   Installing the file.
2026-08-16 21:11:36.848   Successfully installed the file.
2026-08-16 21:11:36.848   -- File entry --
2026-08-16 21:11:36.849   Dest filename: C:\Users\in15\AppData\Local\DriveBackup\_internal\aiohttp\_http_writer.cp314-win_amd64.pyd
2026-08-16 21:11:36.849   Time stamp of our file: 2026-08-16 21:06:04.000
2026-08-16 21:11:36.849   Dest file exists.
2026-08-16 21:11:36.849   Time stamp of existing file: 2026-08-16 21:06:04.000
2026-08-16 21:11:36.850   Installing the file.
2026-08-16 21:11:36.857   Successfully installed the file.
2026-08-16 21:11:36.857   -- File entry --
2026-08-16 21:11:36.857   Dest filename: C:\Users\in15\AppData\Local\DriveBackup\_internal\aiohttp\_websocket\mask.cp314-win_amd64.pyd
2026-08-16 21:11:36.858   Time stamp of our file: 2026-08-16 21:06:04.000
2026-08-16 21:11:36.858   Dest file exists.
2026-08-16 21:11:36.858   Time stamp of existing file: 2026-08-16 21:06:04.000
2026-08-16 21:11:36.858   Installing the file.
2026-08-16 21:11:36.877   Successfully installed the file.
2026-08-16 21:11:36.877   -- File entry --
2026-08-16 21:11:36.877   Dest filename: C:\Users\in15\AppData\Local\DriveBackup\_internal\aiohttp\_websocket\reader_c.cp314-win_amd64.pyd
2026-08-16 21:11:36.883   Time stamp of our file: 2026-08-16 21:06:04.000
2026-08-16 21:11:36.883   Dest file exists.
2026-08-16 21:11:36.883   Time stamp of existing file: 2026-08-16 21:06:04.000
2026-08-16 21:11:36.883   Installing the file.
2026-08-16 21:11:36.901   Successfully installed the file.
2026-08-16 21:11:36.901   -- File entry --
2026-08-16 21:11:36.902   Dest filename: C:\Users\in15\AppData\Local\DriveBackup\_internal\attrs-26.1.0.dist-info\INSTALLER
2026-08-16 21:11:36.902   Time stamp of our file: 2026-08-16 21:06:04.000
2026-08-16 21:11:36.902   Dest file exists.
2026-08-16 21:11:36.903   Time stamp of existing file: 2026-08-16 21:06:04.000
2026-08-16 21:11:36.903   Installing the file.
2026-08-16 21:11:36.908   Successfully installed the file.
2026-08-16 21:11:36.908   -- File entry --
2026-08-16 21:11:36.908   Dest filename: C:\Users\in15\AppData\Local\DriveBackup\_internal\attrs-26.1.0.dist-info\METADATA
2026-08-16 21:11:36.909   Time stamp of our file: 2026-08-16 21:06:04.000
2026-08-16 21:11:36.909   Dest file exists.
2026-08-16 21:11:36.909   Time stamp of existing file: 2026-08-16 21:06:04.000
2026-08-16 21:11:36.909   Installing the file.
2026-08-16 21:11:36.915   Successfully installed the file.
2026-08-16 21:11:36.916   -- File entry --
2026-08-16 21:11:36.916   Dest filename: C:\Users\in15\AppData\Local\DriveBackup\_internal\attrs-26.1.0.dist-info\RECORD
2026-08-16 21:11:36.917   Time stamp of our file: 2026-08-16 21:06:04.000
2026-08-16 21:11:36.917   Dest file exists.
2026-08-16 21:11:36.917   Time stamp of existing file: 2026-08-16 21:06:04.000
2026-08-16 21:11:36.917   Installing the file.
2026-08-16 21:11:36.932   Successfully installed the file.
2026-08-16 21:11:36.932   -- File entry --
2026-08-16 21:11:36.933   Dest filename: C:\Users\in15\AppData\Local\DriveBackup\_internal\attrs-26.1.0.dist-info\WHEEL
2026-08-16 21:11:36.934   Time stamp of our file: 2026-08-16 21:06:04.000
2026-08-16 21:11:36.934   Dest file exists.
2026-08-16 21:11:36.934   Time stamp of existing file: 2026-08-16 21:06:04.000
2026-08-16 21:11:36.934   Installing the file.
2026-08-16 21:11:36.940   Successfully installed the file.
2026-08-16 21:11:36.940   -- File entry --
2026-08-16 21:11:36.941   Dest filename: C:\Users\in15\AppData\Local\DriveBackup\_internal\attrs-26.1.0.dist-info\licenses\LICENSE
2026-08-16 21:11:36.942   Time stamp of our file: 2026-08-16 21:06:04.000
2026-08-16 21:11:36.942   Dest file exists.
2026-08-16 21:11:36.942   Time stamp of existing file: 2026-08-16 21:06:04.000
2026-08-16 21:11:36.942   Installing the file.
2026-08-16 21:11:36.949   Successfully installed the file.
2026-08-16 21:11:36.950   -- File entry --
2026-08-16 21:11:36.950   Dest filename: C:\Users\in15\AppData\Local\DriveBackup\_internal\certifi\cacert.pem
2026-08-16 21:11:36.951   Time stamp of our file: 2026-08-16 21:06:04.000
2026-08-16 21:11:36.951   Dest file exists.
2026-08-16 21:11:36.951   Time stamp of existing file: 2026-08-16 21:06:04.000
2026-08-16 21:11:36.951   Installing the file.
2026-08-16 21:11:36.982   Successfully installed the file.
2026-08-16 21:11:36.982   -- File entry --
2026-08-16 21:11:36.982   Dest filename: C:\Users\in15\AppData\Local\DriveBackup\_internal\certifi\py.typed
2026-08-16 21:11:36.982   Time stamp of our file: 2026-08-16 21:06:04.000
2026-08-16 21:11:36.982   Dest file exists.
2026-08-16 21:11:36.982   Time stamp of existing file: 2026-08-16 21:06:04.000
2026-08-16 21:11:36.982   Installing the file.
2026-08-16 21:11:36.982   Successfully installed the file.
2026-08-16 21:11:36.982   -- File entry --
2026-08-16 21:11:36.982   Dest filename: C:\Users\in15\AppData\Local\DriveBackup\_internal\charset_normalizer\cd.cp314-win_amd64.pyd
2026-08-16 21:11:36.982   Time stamp of our file: 2026-08-16 21:06:04.000
2026-08-16 21:11:36.982   Dest file exists.
2026-08-16 21:11:36.982   Time stamp of existing file: 2026-08-16 21:06:04.000
2026-08-16 21:11:36.982   Installing the file.
2026-08-16 21:11:37.001   Successfully installed the file.
2026-08-16 21:11:37.001   -- File entry --
2026-08-16 21:11:37.003   Dest filename: C:\Users\in15\AppData\Local\DriveBackup\_internal\charset_normalizer\md.cp314-win_amd64.pyd
2026-08-16 21:11:37.003   Time stamp of our file: 2026-08-16 21:06:04.000
2026-08-16 21:11:37.003   Dest file exists.
2026-08-16 21:11:37.004   Time stamp of existing file: 2026-08-16 21:06:04.000
2026-08-16 21:11:37.004   Installing the file.
2026-08-16 21:11:37.021   Successfully installed the file.
2026-08-16 21:11:37.021   -- File entry --
2026-08-16 21:11:37.021   Dest filename: C:\Users\in15\AppData\Local\DriveBackup\_internal\click-8.4.2.dist-info\INSTALLER
2026-08-16 21:11:37.022   Time stamp of our file: 2026-08-16 21:06:04.000
2026-08-16 21:11:37.022   Dest file exists.
2026-08-16 21:11:37.022   Time stamp of existing file: 2026-08-16 21:06:04.000
2026-08-16 21:11:37.022   Installing the file.
2026-08-16 21:11:37.026   Successfully installed the file.
2026-08-16 21:11:37.026   -- File entry --
2026-08-16 21:11:37.027   Dest filename: C:\Users\in15\AppData\Local\DriveBackup\_internal\click-8.4.2.dist-info\METADATA
2026-08-16 21:11:37.027   Time stamp of our file: 2026-08-16 21:06:04.000
2026-08-16 21:11:37.027   Dest file exists.
2026-08-16 21:11:37.027   Time stamp of existing file: 2026-08-16 21:06:04.000
2026-08-16 21:11:37.027   Installing the file.
2026-08-16 21:11:37.033   Successfully installed the file.
2026-08-16 21:11:37.033   -- File entry --
2026-08-16 21:11:37.034   Dest filename: C:\Users\in15\AppData\Local\DriveBackup\_internal\click-8.4.2.dist-info\RECORD
2026-08-16 21:11:37.034   Time stamp of our file: 2026-08-16 21:06:04.000
2026-08-16 21:11:37.034   Dest file exists.
2026-08-16 21:11:37.034   Time stamp of existing file: 2026-08-16 21:06:04.000
2026-08-16 21:11:37.035   Installing the file.
2026-08-16 21:11:37.039   Successfully installed the file.
2026-08-16 21:11:37.039   -- File entry --
2026-08-16 21:11:37.039   Dest filename: C:\Users\in15\AppData\Local\DriveBackup\_internal\click-8.4.2.dist-info\WHEEL
2026-08-16 21:11:37.040   Time stamp of our file: 2026-08-16 21:06:04.000
2026-08-16 21:11:37.040   Dest file exists.
2026-08-16 21:11:37.040   Time stamp of existing file: 2026-08-16 21:06:04.000
2026-08-16 21:11:37.040   Installing the file.
2026-08-16 21:11:37.044   Successfully installed the file.
2026-08-16 21:11:37.044   -- File entry --
2026-08-16 21:11:37.045   Dest filename: C:\Users\in15\AppData\Local\DriveBackup\_internal\click-8.4.2.dist-info\licenses\LICENSE.txt
2026-08-16 21:11:37.045   Time stamp of our file: 2026-08-16 21:06:04.000
2026-08-16 21:11:37.045   Dest file exists.
2026-08-16 21:11:37.046   Time stamp of existing file: 2026-08-16 21:06:04.000
2026-08-16 21:11:37.046   Installing the file.
2026-08-16 21:11:37.050   Successfully installed the file.
2026-08-16 21:11:37.050   -- File entry --
2026-08-16 21:11:37.050   Dest filename: C:\Users\in15\AppData\Local\DriveBackup\_internal\clr_loader\ffi\dlls\amd64\ClrLoader.dll
2026-08-16 21:11:37.050   Time stamp of our file: 2026-08-16 21:06:04.000
2026-08-16 21:11:37.050   Dest file exists.
2026-08-16 21:11:37.052   Time stamp of existing file: 2026-08-16 21:06:04.000
2026-08-16 21:11:37.052   Installing the file.
2026-08-16 21:11:37.056   Successfully installed the file.
2026-08-16 21:11:37.058   -- File entry --
2026-08-16 21:11:37.058   Dest filename: C:\Users\in15\AppData\Local\DriveBackup\_internal\clr_loader\ffi\dlls\x86\ClrLoader.dll
2026-08-16 21:11:37.058   Time stamp of our file: 2026-08-16 21:06:04.000
2026-08-16 21:11:37.058   Dest file exists.
2026-08-16 21:11:37.058   Time stamp of existing file: 2026-08-16 21:06:04.000
2026-08-16 21:11:37.058   Installing the file.
2026-08-16 21:11:37.066   Successfully installed the file.
2026-08-16 21:11:37.066   -- File entry --
2026-08-16 21:11:37.066   Dest filename: C:\Users\in15\AppData\Local\DriveBackup\_internal\docutils\docutils.conf
2026-08-16 21:11:37.068   Time stamp of our file: 2026-08-16 21:06:04.000
2026-08-16 21:11:37.068   Dest file exists.
2026-08-16 21:11:37.068   Time stamp of existing file: 2026-08-16 21:06:04.000
2026-08-16 21:11:37.068   Installing the file.
2026-08-16 21:11:37.074   Successfully installed the file.
2026-08-16 21:11:37.074   -- File entry --
2026-08-16 21:11:37.074   Dest filename: C:\Users\in15\AppData\Local\DriveBackup\_internal\docutils\parsers\rst\include\html-roles.txt
2026-08-16 21:11:37.074   Time stamp of our file: 2026-08-16 21:06:04.000
2026-08-16 21:11:37.074   Dest file exists.
2026-08-16 21:11:37.074   Time stamp of existing file: 2026-08-16 21:06:04.000
2026-08-16 21:11:37.074   Installing the file.
2026-08-16 21:11:37.081   Successfully installed the file.
2026-08-16 21:11:37.081   -- File entry --
2026-08-16 21:11:37.081   Dest filename: C:\Users\in15\AppData\Local\DriveBackup\_internal\docutils\parsers\rst\include\isoamsa.txt
2026-08-16 21:11:37.082   Time stamp of our file: 2026-08-16 21:06:04.000
2026-08-16 21:11:37.082   Dest file exists.
2026-08-16 21:11:37.082   Time stamp of existing file: 2026-08-16 21:06:04.000
2026-08-16 21:11:37.082   Installing the file.
2026-08-16 21:11:37.088   Successfully installed the file.
2026-08-16 21:11:37.088   -- File entry --
2026-08-16 21:11:37.089   Dest filename: C:\Users\in15\AppData\Local\DriveBackup\_internal\docutils\parsers\rst\include\isoamsb.txt
2026-08-16 21:11:37.089   Time stamp of our file: 2026-08-16 21:06:04.000
2026-08-16 21:11:37.089   Dest file exists.
2026-08-16 21:11:37.089   Time stamp of existing file: 2026-08-16 21:06:04.000
2026-08-16 21:11:37.090   Installing the file.
2026-08-16 21:11:37.095   Successfully installed the file.
2026-08-16 21:11:37.095   -- File entry --
2026-08-16 21:11:37.095   Dest filename: C:\Users\in15\AppData\Local\DriveBackup\_internal\docutils\parsers\rst\include\isoamsc.txt
2026-08-16 21:11:37.096   Time stamp of our file: 2026-08-16 21:06:04.000
2026-08-16 21:11:37.096   Dest file exists.
2026-08-16 21:11:37.096   Time stamp of existing file: 2026-08-16 21:06:04.000
2026-08-16 21:11:37.096   Installing the file.
2026-08-16 21:11:37.101   Successfully installed the file.
2026-08-16 21:11:37.101   -- File entry --
2026-08-16 21:11:37.101   Dest filename: C:\Users\in15\AppData\Local\DriveBackup\_internal\docutils\parsers\rst\include\isoamsn.txt
2026-08-16 21:11:37.102   Time stamp of our file: 2026-08-16 21:06:04.000
2026-08-16 21:11:37.102   Dest file exists.
2026-08-16 21:11:37.102   Time stamp of existing file: 2026-08-16 21:06:04.000
2026-08-16 21:11:37.102   Installing the file.
2026-08-16 21:11:37.107   Successfully installed the file.
2026-08-16 21:11:37.107   -- File entry --
2026-08-16 21:11:37.108   Dest filename: C:\Users\in15\AppData\Local\DriveBackup\_internal\docutils\parsers\rst\include\isoamso.txt
2026-08-16 21:11:37.108   Time stamp of our file: 2026-08-16 21:06:04.000
2026-08-16 21:11:37.109   Dest file exists.
2026-08-16 21:11:37.109   Time stamp of existing file: 2026-08-16 21:06:04.000
2026-08-16 21:11:37.109   Installing the file.
2026-08-16 21:11:37.115   Successfully installed the file.
2026-08-16 21:11:37.115   -- File entry --
2026-08-16 21:11:37.117   Dest filename: C:\Users\in15\AppData\Local\DriveBackup\_internal\docutils\parsers\rst\include\isoamsr.txt
2026-08-16 21:11:37.119   Time stamp of our file: 2026-08-16 21:06:04.000
2026-08-16 21:11:37.119   Dest file exists.
2026-08-16 21:11:37.119   Time stamp of existing file: 2026-08-16 21:06:04.000
2026-08-16 21:11:37.119   Installing the file.
2026-08-16 21:11:37.125   Successfully installed the file.
2026-08-16 21:11:37.125   -- File entry --
2026-08-16 21:11:37.125   Dest filename: C:\Users\in15\AppData\Local\DriveBackup\_internal\docutils\parsers\rst\include\isobox.txt
2026-08-16 21:11:37.127   Time stamp of our file: 2026-08-16 21:06:04.000
2026-08-16 21:11:37.127   Dest file exists.
2026-08-16 21:11:37.127   Time stamp of existing file: 2026-08-16 21:06:04.000
2026-08-16 21:11:37.127   Installing the file.
2026-08-16 21:11:37.132   Successfully installed the file.
2026-08-16 21:11:37.132   -- File entry --
2026-08-16 21:11:37.134   Dest filename: C:\Users\in15\AppData\Local\DriveBackup\_internal\docutils\parsers\rst\include\isocyr1.txt
2026-08-16 21:11:37.134   Time stamp of our file: 2026-08-16 21:06:04.000
2026-08-16 21:11:37.134   Dest file exists.
2026-08-16 21:11:37.134   Time stamp of existing file: 2026-08-16 21:06:04.000
2026-08-16 21:11:37.134   Installing the file.
2026-08-16 21:11:37.139   Successfully installed the file.
2026-08-16 21:11:37.139   -- File entry --
2026-08-16 21:11:37.139   Dest filename: C:\Users\in15\AppData\Local\DriveBackup\_internal\docutils\parsers\rst\include\isocyr2.txt
2026-08-16 21:11:37.141   Time stamp of our file: 2026-08-16 21:06:04.000
2026-08-16 21:11:37.141   Dest file exists.
2026-08-16 21:11:37.141   Time stamp of existing file: 2026-08-16 21:06:04.000
2026-08-16 21:11:37.141   Installing the file.
2026-08-16 21:11:37.145   Successfully installed the file.
2026-08-16 21:11:37.145   -- File entry --
2026-08-16 21:11:37.145   Dest filename: C:\Users\in15\AppData\Local\DriveBackup\_internal\docutils\parsers\rst\include\isodia.txt
2026-08-16 21:11:37.145   Time stamp of our file: 2026-08-16 21:06:04.000
2026-08-16 21:11:37.145   Dest file exists.
2026-08-16 21:11:37.145   Time stamp of existing file: 2026-08-16 21:06:04.000
2026-08-16 21:11:37.145   Installing the file.
2026-08-16 21:11:37.151   Successfully installed the file.
2026-08-16 21:11:37.151   -- File entry --
2026-08-16 21:11:37.151   Dest filename: C:\Users\in15\AppData\Local\DriveBackup\_internal\docutils\parsers\rst\include\isogrk1.txt
2026-08-16 21:11:37.151   Time stamp of our file: 2026-08-16 21:06:04.000
2026-08-16 21:11:37.151   Dest file exists.
2026-08-16 21:11:37.153   Time stamp of existing file: 2026-08-16 21:06:04.000
2026-08-16 21:11:37.153   Installing the file.
2026-08-16 21:11:37.157   Successfully installed the file.
2026-08-16 21:11:37.157   -- File entry --
2026-08-16 21:11:37.157   Dest filename: C:\Users\in15\AppData\Local\DriveBackup\_internal\docutils\parsers\rst\include\isogrk2.txt
2026-08-16 21:11:37.159   Time stamp of our file: 2026-08-16 21:06:04.000
2026-08-16 21:11:37.159   Dest file exists.
2026-08-16 21:11:37.159   Time stamp of existing file: 2026-08-16 21:06:04.000
2026-08-16 21:11:37.159   Installing the file.
2026-08-16 21:11:37.163   Successfully installed the file.
2026-08-16 21:11:37.165   -- File entry --
2026-08-16 21:11:37.165   Dest filename: C:\Users\in15\AppData\Local\DriveBackup\_internal\docutils\parsers\rst\include\isogrk3.txt
2026-08-16 21:11:37.165   Time stamp of our file: 2026-08-16 21:06:04.000
2026-08-16 21:11:37.165   Dest file exists.
2026-08-16 21:11:37.165   Time stamp of existing file: 2026-08-16 21:06:04.000
2026-08-16 21:11:37.165   Installing the file.
2026-08-16 21:11:37.171   Successfully installed the file.
2026-08-16 21:11:37.171   -- File entry --
2026-08-16 21:11:37.171   Dest filename: C:\Users\in15\AppData\Local\DriveBackup\_internal\docutils\parsers\rst\include\isogrk4-wide.txt
2026-08-16 21:11:37.171   Time stamp of our file: 2026-08-16 21:06:04.000
2026-08-16 21:11:37.171   Dest file exists.
2026-08-16 21:11:37.171   Time stamp of existing file: 2026-08-16 21:06:04.000
2026-08-16 21:11:37.171   Installing the file.
2026-08-16 21:11:37.177   Successfully installed the file.
2026-08-16 21:11:37.177   -- File entry --
2026-08-16 21:11:37.177   Dest filename: C:\Users\in15\AppData\Local\DriveBackup\_internal\docutils\parsers\rst\include\isogrk4.txt
2026-08-16 21:11:37.177   Time stamp of our file: 2026-08-16 21:06:04.000
2026-08-16 21:11:37.177   Dest file exists.
2026-08-16 21:11:37.179   Time stamp of existing file: 2026-08-16 21:06:04.000
2026-08-16 21:11:37.179   Installing the file.
2026-08-16 21:11:37.187   Successfully installed the file.
2026-08-16 21:11:37.187   -- File entry --
2026-08-16 21:11:37.189   Dest filename: C:\Users\in15\AppData\Local\DriveBackup\_internal\docutils\parsers\rst\include\isolat1.txt
2026-08-16 21:11:37.189   Time stamp of our file: 2026-08-16 21:06:04.000
2026-08-16 21:11:37.189   Dest file exists.
2026-08-16 21:11:37.189   Time stamp of existing file: 2026-08-16 21:06:04.000
2026-08-16 21:11:37.189   Installing the file.
2026-08-16 21:11:37.195   Successfully installed the file.
2026-08-16 21:11:37.195   -- File entry --
2026-08-16 21:11:37.196   Dest filename: C:\Users\in15\AppData\Local\DriveBackup\_internal\docutils\parsers\rst\include\isolat2.txt
2026-08-16 21:11:37.196   Time stamp of our file: 2026-08-16 21:06:04.000
2026-08-16 21:11:37.196   Dest file exists.
2026-08-16 21:11:37.196   Time stamp of existing file: 2026-08-16 21:06:04.000
2026-08-16 21:11:37.196   Installing the file.
2026-08-16 21:11:37.205   Successfully installed the file.
2026-08-16 21:11:37.206   -- File entry --
2026-08-16 21:11:37.206   Dest filename: C:\Users\in15\AppData\Local\DriveBackup\_internal\docutils\parsers\rst\include\isomfrk-wide.txt
2026-08-16 21:11:37.207   Time stamp of our file: 2026-08-16 21:06:04.000
2026-08-16 21:11:37.207   Dest file exists.
2026-08-16 21:11:37.207   Time stamp of existing file: 2026-08-16 21:06:04.000
2026-08-16 21:11:37.207   Installing the file.
2026-08-16 21:11:37.214   Successfully installed the file.
2026-08-16 21:11:37.214   -- File entry --
2026-08-16 21:11:37.215   Dest filename: C:\Users\in15\AppData\Local\DriveBackup\_internal\docutils\parsers\rst\include\isomfrk.txt
2026-08-16 21:11:37.215   Time stamp of our file: 2026-08-16 21:06:04.000
2026-08-16 21:11:37.215   Dest file exists.
2026-08-16 21:11:37.216   Time stamp of existing file: 2026-08-16 21:06:04.000
2026-08-16 21:11:37.216   Installing the file.
2026-08-16 21:11:37.220   Successfully installed the file.
2026-08-16 21:11:37.220   -- File entry --
2026-08-16 21:11:37.221   Dest filename: C:\Users\in15\AppData\Local\DriveBackup\_internal\docutils\parsers\rst\include\isomopf-wide.txt
2026-08-16 21:11:37.221   Time stamp of our file: 2026-08-16 21:06:04.000
2026-08-16 21:11:37.221   Dest file exists.
2026-08-16 21:11:37.222   Time stamp of existing file: 2026-08-16 21:06:04.000
2026-08-16 21:11:37.222   Installing the file.
2026-08-16 21:11:37.226   Successfully installed the file.
2026-08-16 21:11:37.227   -- File entry --
2026-08-16 21:11:37.227   Dest filename: C:\Users\in15\AppData\Local\DriveBackup\_internal\docutils\parsers\rst\include\isomopf.txt
2026-08-16 21:11:37.228   Time stamp of our file: 2026-08-16 21:06:04.000
2026-08-16 21:11:37.228   Dest file exists.
2026-08-16 21:11:37.228   Time stamp of existing file: 2026-08-16 21:06:04.000
2026-08-16 21:11:37.228   Installing the file.
2026-08-16 21:11:37.235   Successfully installed the file.
2026-08-16 21:11:37.235   -- File entry --
2026-08-16 21:11:37.235   Dest filename: C:\Users\in15\AppData\Local\DriveBackup\_internal\docutils\parsers\rst\include\isomscr-wide.txt
2026-08-16 21:11:37.235   Time stamp of our file: 2026-08-16 21:06:04.000
2026-08-16 21:11:37.235   Dest file exists.
2026-08-16 21:11:37.235   Time stamp of existing file: 2026-08-16 21:06:04.000
2026-08-16 21:11:37.235   Installing the file.
2026-08-16 21:11:37.241   Successfully installed the file.
2026-08-16 21:11:37.241   -- File entry --
2026-08-16 21:11:37.241   Dest filename: C:\Users\in15\AppData\Local\DriveBackup\_internal\docutils\parsers\rst\include\isomscr.txt
2026-08-16 21:11:37.241   Time stamp of our file: 2026-08-16 21:06:04.000
2026-08-16 21:11:37.241   Dest file exists.
2026-08-16 21:11:37.241   Time stamp of existing file: 2026-08-16 21:06:04.000
2026-08-16 21:11:37.241   Installing the file.
2026-08-16 21:11:37.247   Successfully installed the file.
2026-08-16 21:11:37.247   -- File entry --
2026-08-16 21:11:37.247   Dest filename: C:\Users\in15\AppData\Local\DriveBackup\_internal\docutils\parsers\rst\include\isonum.txt
2026-08-16 21:11:37.247   Time stamp of our file: 2026-08-16 21:06:04.000
2026-08-16 21:11:37.247   Dest file exists.
2026-08-16 21:11:37.247   Time stamp of existing file: 2026-08-16 21:06:04.000
2026-08-16 21:11:37.247   Installing the file.
2026-08-16 21:11:37.253   Successfully installed the file.
2026-08-16 21:11:37.253   -- File entry --
2026-08-16 21:11:37.253   Dest filename: C:\Users\in15\AppData\Local\DriveBackup\_internal\docutils\parsers\rst\include\isopub.txt
2026-08-16 21:11:37.253   Time stamp of our file: 2026-08-16 21:06:04.000
2026-08-16 21:11:37.253   Dest file exists.
2026-08-16 21:11:37.253   Time stamp of existing file: 2026-08-16 21:06:04.000
2026-08-16 21:11:37.253   Installing the file.
2026-08-16 21:11:37.260   Successfully installed the file.
2026-08-16 21:11:37.260   -- File entry --
2026-08-16 21:11:37.261   Dest filename: C:\Users\in15\AppData\Local\DriveBackup\_internal\docutils\parsers\rst\include\isotech.txt
2026-08-16 21:11:37.261   Time stamp of our file: 2026-08-16 21:06:04.000
2026-08-16 21:11:37.261   Dest file exists.
2026-08-16 21:11:37.261   Time stamp of existing file: 2026-08-16 21:06:04.000
2026-08-16 21:11:37.261   Installing the file.
2026-08-16 21:11:37.267   Successfully installed the file.
2026-08-16 21:11:37.267   -- File entry --
2026-08-16 21:11:37.267   Dest filename: C:\Users\in15\AppData\Local\DriveBackup\_internal\docutils\parsers\rst\include\mmlalias.txt
2026-08-16 21:11:37.269   Time stamp of our file: 2026-08-16 21:06:04.000
2026-08-16 21:11:37.269   Dest file exists.
2026-08-16 21:11:37.269   Time stamp of existing file: 2026-08-16 21:06:04.000
2026-08-16 21:11:37.269   Installing the file.
2026-08-16 21:11:37.274   Successfully installed the file.
2026-08-16 21:11:37.274   -- File entry --
2026-08-16 21:11:37.274   Dest filename: C:\Users\in15\AppData\Local\DriveBackup\_internal\docutils\parsers\rst\include\mmlextra-wide.txt
2026-08-16 21:11:37.278   Time stamp of our file: 2026-08-16 21:06:04.000
2026-08-16 21:11:37.278   Dest file exists.
2026-08-16 21:11:37.278   Time stamp of existing file: 2026-08-16 21:06:04.000
2026-08-16 21:11:37.278   Installing the file.
2026-08-16 21:11:37.284   Successfully installed the file.
2026-08-16 21:11:37.284   -- File entry --
2026-08-16 21:11:37.284   Dest filename: C:\Users\in15\AppData\Local\DriveBackup\_internal\docutils\parsers\rst\include\mmlextra.txt
2026-08-16 21:11:37.284   Time stamp of our file: 2026-08-16 21:06:04.000
2026-08-16 21:11:37.284   Dest file exists.
2026-08-16 21:11:37.284   Time stamp of existing file: 2026-08-16 21:06:04.000
2026-08-16 21:11:37.284   Installing the file.
2026-08-16 21:11:37.290   Successfully installed the file.
2026-08-16 21:11:37.290   -- File entry --
2026-08-16 21:11:37.290   Dest filename: C:\Users\in15\AppData\Local\DriveBackup\_internal\docutils\parsers\rst\include\README.rst
2026-08-16 21:11:37.292   Time stamp of our file: 2026-08-16 21:06:04.000
2026-08-16 21:11:37.292   Dest file exists.
2026-08-16 21:11:37.292   Time stamp of existing file: 2026-08-16 21:06:04.000
2026-08-16 21:11:37.292   Installing the file.
2026-08-16 21:11:37.300   Successfully installed the file.
2026-08-16 21:11:37.302   -- File entry --
2026-08-16 21:11:37.302   Dest filename: C:\Users\in15\AppData\Local\DriveBackup\_internal\docutils\parsers\rst\include\s5defs.txt
2026-08-16 21:11:37.302   Time stamp of our file: 2026-08-16 21:06:04.000
2026-08-16 21:11:37.302   Dest file exists.
2026-08-16 21:11:37.302   Time stamp of existing file: 2026-08-16 21:06:04.000
2026-08-16 21:11:37.302   Installing the file.
2026-08-16 21:11:37.308   Successfully installed the file.
2026-08-16 21:11:37.308   -- File entry --
2026-08-16 21:11:37.308   Dest filename: C:\Users\in15\AppData\Local\DriveBackup\_internal\docutils\parsers\rst\include\xhtml1-lat1.txt
2026-08-16 21:11:37.308   Time stamp of our file: 2026-08-16 21:06:04.000
2026-08-16 21:11:37.308   Dest file exists.
2026-08-16 21:11:37.308   Time stamp of existing file: 2026-08-16 21:06:04.000
2026-08-16 21:11:37.308   Installing the file.
2026-08-16 21:11:37.314   Successfully installed the file.
2026-08-16 21:11:37.314   -- File entry --
2026-08-16 21:11:37.315   Dest filename: C:\Users\in15\AppData\Local\DriveBackup\_internal\docutils\parsers\rst\include\xhtml1-special.txt
2026-08-16 21:11:37.315   Time stamp of our file: 2026-08-16 21:06:04.000
2026-08-16 21:11:37.315   Dest file exists.
2026-08-16 21:11:37.316   Time stamp of existing file: 2026-08-16 21:06:04.000
2026-08-16 21:11:37.316   Installing the file.
2026-08-16 21:11:37.320   Successfully installed the file.
2026-08-16 21:11:37.321   -- File entry --
2026-08-16 21:11:37.321   Dest filename: C:\Users\in15\AppData\Local\DriveBackup\_internal\docutils\parsers\rst\include\xhtml1-symbol.txt
2026-08-16 21:11:37.321   Time stamp of our file: 2026-08-16 21:06:04.000
2026-08-16 21:11:37.321   Dest file exists.
2026-08-16 21:11:37.322   Time stamp of existing file: 2026-08-16 21:06:04.000
2026-08-16 21:11:37.322   Installing the file.
2026-08-16 21:11:37.326   Successfully installed the file.
2026-08-16 21:11:37.326   -- File entry --
2026-08-16 21:11:37.327   Dest filename: C:\Users\in15\AppData\Local\DriveBackup\_internal\docutils\writers\html4css1\html4css1.css
2026-08-16 21:11:37.327   Time stamp of our file: 2026-08-16 21:06:04.000
2026-08-16 21:11:37.327   Dest file exists.
2026-08-16 21:11:37.328   Time stamp of existing file: 2026-08-16 21:06:04.000
2026-08-16 21:11:37.328   Installing the file.
2026-08-16 21:11:37.341   Successfully installed the file.
2026-08-16 21:11:37.341   -- File entry --
2026-08-16 21:11:37.342   Dest filename: C:\Users\in15\AppData\Local\DriveBackup\_internal\docutils\writers\html4css1\template.txt
2026-08-16 21:11:37.342   Time stamp of our file: 2026-08-16 21:06:04.000
2026-08-16 21:11:37.342   Dest file exists.
2026-08-16 21:11:37.342   Time stamp of existing file: 2026-08-16 21:06:04.000
2026-08-16 21:11:37.343   Installing the file.
2026-08-16 21:11:37.347   Successfully installed the file.
2026-08-16 21:11:37.347   -- File entry --
2026-08-16 21:11:37.349   Dest filename: C:\Users\in15\AppData\Local\DriveBackup\_internal\docutils\writers\html5_polyglot\italic-field-names.css
2026-08-16 21:11:37.349   Time stamp of our file: 2026-08-16 21:06:04.000
2026-08-16 21:11:37.349   Dest file exists.
2026-08-16 21:11:37.349   Time stamp of existing file: 2026-08-16 21:06:04.000
2026-08-16 21:11:37.349   Installing the file.
2026-08-16 21:11:37.355   Successfully installed the file.
2026-08-16 21:11:37.355   -- File entry --
2026-08-16 21:11:37.357   Dest filename: C:\Users\in15\AppData\Local\DriveBackup\_internal\docutils\writers\html5_polyglot\math.css
2026-08-16 21:11:37.357   Time stamp of our file: 2026-08-16 21:06:04.000
2026-08-16 21:11:37.357   Dest file exists.
2026-08-16 21:11:37.357   Time stamp of existing file: 2026-08-16 21:06:04.000
2026-08-16 21:11:37.357   Installing the file.
2026-08-16 21:11:37.363   Successfully installed the file.
2026-08-16 21:11:37.363   -- File entry --
2026-08-16 21:11:37.368   Dest filename: C:\Users\in15\AppData\Local\DriveBackup\_internal\docutils\writers\html5_polyglot\minimal.css
2026-08-16 21:11:37.368   Time stamp of our file: 2026-08-16 21:06:04.000
2026-08-16 21:11:37.368   Dest file exists.
2026-08-16 21:11:37.369   Time stamp of existing file: 2026-08-16 21:06:04.000
2026-08-16 21:11:37.369   Installing the file.
2026-08-16 21:11:37.381   Successfully installed the file.
2026-08-16 21:11:37.381   -- File entry --
2026-08-16 21:11:37.388   Dest filename: C:\Users\in15\AppData\Local\DriveBackup\_internal\docutils\writers\html5_polyglot\plain.css
2026-08-16 21:11:37.388   Time stamp of our file: 2026-08-16 21:06:04.000
2026-08-16 21:11:37.388   Dest file exists.
2026-08-16 21:11:37.389   Time stamp of existing file: 2026-08-16 21:06:04.000
2026-08-16 21:11:37.389   Installing the file.
2026-08-16 21:11:37.404   Successfully installed the file.
2026-08-16 21:11:37.404   -- File entry --
2026-08-16 21:11:37.410   Dest filename: C:\Users\in15\AppData\Local\DriveBackup\_internal\docutils\writers\html5_polyglot\responsive.css
2026-08-16 21:11:37.412   Time stamp of our file: 2026-08-16 21:06:04.000
2026-08-16 21:11:37.412   Dest file exists.
2026-08-16 21:11:37.412   Time stamp of existing file: 2026-08-16 21:06:04.000
2026-08-16 21:11:37.413   Installing the file.
2026-08-16 21:11:37.432   Successfully installed the file.
2026-08-16 21:11:37.432   -- File entry --
2026-08-16 21:11:37.439   Dest filename: C:\Users\in15\AppData\Local\DriveBackup\_internal\docutils\writers\html5_polyglot\template.txt
2026-08-16 21:11:37.440   Time stamp of our file: 2026-08-16 21:06:04.000
2026-08-16 21:11:37.440   Dest file exists.
2026-08-16 21:11:37.440   Time stamp of existing file: 2026-08-16 21:06:04.000
2026-08-16 21:11:37.440   Installing the file.
2026-08-16 21:11:37.455   Successfully installed the file.
2026-08-16 21:11:37.455   -- File entry --
2026-08-16 21:11:37.455   Dest filename: C:\Users\in15\AppData\Local\DriveBackup\_internal\docutils\writers\html5_polyglot\tuftig.css
2026-08-16 21:11:37.456   Time stamp of our file: 2026-08-16 21:06:04.000
2026-08-16 21:11:37.456   Dest file exists.
2026-08-16 21:11:37.456   Time stamp of existing file: 2026-08-16 21:06:04.000
2026-08-16 21:11:37.456   Installing the file.
2026-08-16 21:11:37.461   Successfully installed the file.
2026-08-16 21:11:37.462   -- File entry --
2026-08-16 21:11:37.462   Dest filename: C:\Users\in15\AppData\Local\DriveBackup\_internal\docutils\writers\latex2e\default.tex
2026-08-16 21:11:37.462   Time stamp of our file: 2026-08-16 21:06:04.000
2026-08-16 21:11:37.462   Dest file exists.
2026-08-16 21:11:37.462   Time stamp of existing file: 2026-08-16 21:06:04.000
2026-08-16 21:11:37.462   Installing the file.
2026-08-16 21:11:37.469   Successfully installed the file.
2026-08-16 21:11:37.469   -- File entry --
2026-08-16 21:11:37.469   Dest filename: C:\Users\in15\AppData\Local\DriveBackup\_internal\docutils\writers\latex2e\docutils.sty
2026-08-16 21:11:37.469   Time stamp of our file: 2026-08-16 21:06:04.000
2026-08-16 21:11:37.469   Dest file exists.
2026-08-16 21:11:37.471   Time stamp of existing file: 2026-08-16 21:06:04.000
2026-08-16 21:11:37.471   Installing the file.
2026-08-16 21:11:37.478   Successfully installed the file.
2026-08-16 21:11:37.478   -- File entry --
2026-08-16 21:11:37.480   Dest filename: C:\Users\in15\AppData\Local\DriveBackup\_internal\docutils\writers\latex2e\titlepage.tex
2026-08-16 21:11:37.480   Time stamp of our file: 2026-08-16 21:06:04.000
2026-08-16 21:11:37.480   Dest file exists.
2026-08-16 21:11:37.480   Time stamp of existing file: 2026-08-16 21:06:04.000
2026-08-16 21:11:37.480   Installing the file.
2026-08-16 21:11:37.488   Successfully installed the file.
2026-08-16 21:11:37.488   -- File entry --
2026-08-16 21:11:37.488   Dest filename: C:\Users\in15\AppData\Local\DriveBackup\_internal\docutils\writers\latex2e\titlingpage.tex
2026-08-16 21:11:37.490   Time stamp of our file: 2026-08-16 21:06:04.000
2026-08-16 21:11:37.490   Dest file exists.
2026-08-16 21:11:37.490   Time stamp of existing file: 2026-08-16 21:06:04.000
2026-08-16 21:11:37.490   Installing the file.
2026-08-16 21:11:37.496   Successfully installed the file.
2026-08-16 21:11:37.496   -- File entry --
2026-08-16 21:11:37.496   Dest filename: C:\Users\in15\AppData\Local\DriveBackup\_internal\docutils\writers\latex2e\xelatex.tex
2026-08-16 21:11:37.498   Time stamp of our file: 2026-08-16 21:06:04.000
2026-08-16 21:11:37.498   Dest file exists.
2026-08-16 21:11:37.498   Time stamp of existing file: 2026-08-16 21:06:04.000
2026-08-16 21:11:37.498   Installing the file.
2026-08-16 21:11:37.503   Successfully installed the file.
2026-08-16 21:11:37.503   -- File entry --
2026-08-16 21:11:37.503   Dest filename: C:\Users\in15\AppData\Local\DriveBackup\_internal\docutils\writers\odf_odt\styles.odt
2026-08-16 21:11:37.504   Time stamp of our file: 2026-08-16 21:06:04.000
2026-08-16 21:11:37.504   Dest file exists.
2026-08-16 21:11:37.504   Time stamp of existing file: 2026-08-16 21:06:04.000
2026-08-16 21:11:37.504   Installing the file.
2026-08-16 21:11:37.511   Successfully installed the file.
2026-08-16 21:11:37.511   -- File entry --
2026-08-16 21:11:37.511   Dest filename: C:\Users\in15\AppData\Local\DriveBackup\_internal\docutils\writers\pep_html\pep.css
2026-08-16 21:11:37.512   Time stamp of our file: 2026-08-16 21:06:04.000
2026-08-16 21:11:37.512   Dest file exists.
2026-08-16 21:11:37.513   Time stamp of existing file: 2026-08-16 21:06:04.000
2026-08-16 21:11:37.513   Installing the file.
2026-08-16 21:11:37.518   Successfully installed the file.
2026-08-16 21:11:37.518   -- File entry --
2026-08-16 21:11:37.518   Dest filename: C:\Users\in15\AppData\Local\DriveBackup\_internal\docutils\writers\pep_html\template.txt
2026-08-16 21:11:37.519   Time stamp of our file: 2026-08-16 21:06:04.000
2026-08-16 21:11:37.519   Dest file exists.
2026-08-16 21:11:37.519   Time stamp of existing file: 2026-08-16 21:06:04.000
2026-08-16 21:11:37.519   Installing the file.
2026-08-16 21:11:37.525   Successfully installed the file.
2026-08-16 21:11:37.525   -- File entry --
2026-08-16 21:11:37.525   Dest filename: C:\Users\in15\AppData\Local\DriveBackup\_internal\docutils\writers\s5_html\themes\README.rst
2026-08-16 21:11:37.526   Time stamp of our file: 2026-08-16 21:06:04.000
2026-08-16 21:11:37.526   Dest file exists.
2026-08-16 21:11:37.526   Time stamp of existing file: 2026-08-16 21:06:04.000
2026-08-16 21:11:37.526   Installing the file.
2026-08-16 21:11:37.531   Successfully installed the file.
2026-08-16 21:11:37.531   -- File entry --
2026-08-16 21:11:37.531   Dest filename: C:\Users\in15\AppData\Local\DriveBackup\_internal\docutils\writers\s5_html\themes\big-black\framing.css
2026-08-16 21:11:37.533   Time stamp of our file: 2026-08-16 21:06:04.000
2026-08-16 21:11:37.533   Dest file exists.
2026-08-16 21:11:37.533   Time stamp of existing file: 2026-08-16 21:06:04.000
2026-08-16 21:11:37.533   Installing the file.
2026-08-16 21:11:37.537   Successfully installed the file.
2026-08-16 21:11:37.537   -- File entry --
2026-08-16 21:11:37.539   Dest filename: C:\Users\in15\AppData\Local\DriveBackup\_internal\docutils\writers\s5_html\themes\big-black\pretty.css
2026-08-16 21:11:37.539   Time stamp of our file: 2026-08-16 21:06:04.000
2026-08-16 21:11:37.539   Dest file exists.
2026-08-16 21:11:37.539   Time stamp of existing file: 2026-08-16 21:06:04.000
2026-08-16 21:11:37.539   Installing the file.
2026-08-16 21:11:37.545   Successfully installed the file.
2026-08-16 21:11:37.547   -- File entry --
2026-08-16 21:11:37.547   Dest filename: C:\Users\in15\AppData\Local\DriveBackup\_internal\docutils\writers\s5_html\themes\big-black\__base__
2026-08-16 21:11:37.547   Time stamp of our file: 2026-08-16 21:06:04.000
2026-08-16 21:11:37.547   Dest file exists.
2026-08-16 21:11:37.547   Time stamp of existing file: 2026-08-16 21:06:04.000
2026-08-16 21:11:37.547   Installing the file.
2026-08-16 21:11:37.554   Successfully installed the file.
2026-08-16 21:11:37.554   -- File entry --
2026-08-16 21:11:37.554   Dest filename: C:\Users\in15\AppData\Local\DriveBackup\_internal\docutils\writers\s5_html\themes\big-white\framing.css
2026-08-16 21:11:37.556   Time stamp of our file: 2026-08-16 21:06:04.000
2026-08-16 21:11:37.556   Dest file exists.
2026-08-16 21:11:37.556   Time stamp of existing file: 2026-08-16 21:06:04.000
2026-08-16 21:11:37.556   Installing the file.
2026-08-16 21:11:37.561   Successfully installed the file.
2026-08-16 21:11:37.563   -- File entry --
2026-08-16 21:11:37.563   Dest filename: C:\Users\in15\AppData\Local\DriveBackup\_internal\docutils\writers\s5_html\themes\big-white\pretty.css
2026-08-16 21:11:37.564   Time stamp of our file: 2026-08-16 21:06:04.000
2026-08-16 21:11:37.564   Dest file exists.
2026-08-16 21:11:37.564   Time stamp of existing file: 2026-08-16 21:06:04.000
2026-08-16 21:11:37.564   Installing the file.
2026-08-16 21:11:37.569   Successfully installed the file.
2026-08-16 21:11:37.570   -- File entry --
2026-08-16 21:11:37.570   Dest filename: C:\Users\in15\AppData\Local\DriveBackup\_internal\docutils\writers\s5_html\themes\default\framing.css
2026-08-16 21:11:37.571   Time stamp of our file: 2026-08-16 21:06:04.000
2026-08-16 21:11:37.571   Dest file exists.
2026-08-16 21:11:37.571   Time stamp of existing file: 2026-08-16 21:06:04.000
2026-08-16 21:11:37.571   Installing the file.
2026-08-16 21:11:37.576   Successfully installed the file.
2026-08-16 21:11:37.576   -- File entry --
2026-08-16 21:11:37.576   Dest filename: C:\Users\in15\AppData\Local\DriveBackup\_internal\docutils\writers\s5_html\themes\default\opera.css
2026-08-16 21:11:37.577   Time stamp of our file: 2026-08-16 21:06:04.000
2026-08-16 21:11:37.577   Dest file exists.
2026-08-16 21:11:37.577   Time stamp of existing file: 2026-08-16 21:06:04.000
2026-08-16 21:11:37.577   Installing the file.
2026-08-16 21:11:37.583   Successfully installed the file.
2026-08-16 21:11:37.583   -- File entry --
2026-08-16 21:11:37.584   Dest filename: C:\Users\in15\AppData\Local\DriveBackup\_internal\docutils\writers\s5_html\themes\default\outline.css
2026-08-16 21:11:37.584   Time stamp of our file: 2026-08-16 21:06:04.000
2026-08-16 21:11:37.584   Dest file exists.
2026-08-16 21:11:37.585   Time stamp of existing file: 2026-08-16 21:06:04.000
2026-08-16 21:11:37.585   Installing the file.
2026-08-16 21:11:37.589   Successfully installed the file.
2026-08-16 21:11:37.590   -- File entry --
2026-08-16 21:11:37.590   Dest filename: C:\Users\in15\AppData\Local\DriveBackup\_internal\docutils\writers\s5_html\themes\default\pretty.css
2026-08-16 21:11:37.590   Time stamp of our file: 2026-08-16 21:06:04.000
2026-08-16 21:11:37.590   Dest file exists.
2026-08-16 21:11:37.591   Time stamp of existing file: 2026-08-16 21:06:04.000
2026-08-16 21:11:37.591   Installing the file.
2026-08-16 21:11:37.595   Successfully installed the file.
2026-08-16 21:11:37.595   -- File entry --
2026-08-16 21:11:37.596   Dest filename: C:\Users\in15\AppData\Local\DriveBackup\_internal\docutils\writers\s5_html\themes\default\print.css
2026-08-16 21:11:37.596   Time stamp of our file: 2026-08-16 21:06:04.000
2026-08-16 21:11:37.596   Dest file exists.
2026-08-16 21:11:37.596   Time stamp of existing file: 2026-08-16 21:06:04.000
2026-08-16 21:11:37.596   Installing the file.
2026-08-16 21:11:37.601   Successfully installed the file.
2026-08-16 21:11:37.601   -- File entry --
2026-08-16 21:11:37.601   Dest filename: C:\Users\in15\AppData\Local\DriveBackup\_internal\docutils\writers\s5_html\themes\default\s5-core.css
2026-08-16 21:11:37.601   Time stamp of our file: 2026-08-16 21:06:04.000
2026-08-16 21:11:37.601   Dest file exists.
2026-08-16 21:11:37.601   Time stamp of existing file: 2026-08-16 21:06:04.000
2026-08-16 21:11:37.601   Installing the file.
2026-08-16 21:11:37.607   Successfully installed the file.
2026-08-16 21:11:37.607   -- File entry --
2026-08-16 21:11:37.607   Dest filename: C:\Users\in15\AppData\Local\DriveBackup\_internal\docutils\writers\s5_html\themes\default\slides.css
2026-08-16 21:11:37.607   Time stamp of our file: 2026-08-16 21:06:04.000
2026-08-16 21:11:37.607   Dest file exists.
2026-08-16 21:11:37.607   Time stamp of existing file: 2026-08-16 21:06:04.000
2026-08-16 21:11:37.607   Installing the file.
2026-08-16 21:11:37.612   Successfully installed the file.
2026-08-16 21:11:37.612   -- File entry --
2026-08-16 21:11:37.614   Dest filename: C:\Users\in15\AppData\Local\DriveBackup\_internal\docutils\writers\s5_html\themes\default\slides.js
2026-08-16 21:11:37.614   Time stamp of our file: 2026-08-16 21:06:04.000
2026-08-16 21:11:37.614   Dest file exists.
2026-08-16 21:11:37.614   Time stamp of existing file: 2026-08-16 21:06:04.000
2026-08-16 21:11:37.614   Installing the file.
2026-08-16 21:11:37.616   Successfully installed the file.
2026-08-16 21:11:37.616   -- File entry --
2026-08-16 21:11:37.616   Dest filename: C:\Users\in15\AppData\Local\DriveBackup\_internal\docutils\writers\s5_html\themes\medium-black\pretty.css
2026-08-16 21:11:37.616   Time stamp of our file: 2026-08-16 21:06:04.000
2026-08-16 21:11:37.616   Dest file exists.
2026-08-16 21:11:37.616   Time stamp of existing file: 2026-08-16 21:06:04.000
2026-08-16 21:11:37.616   Installing the file.
2026-08-16 21:11:37.626   Successfully installed the file.
2026-08-16 21:11:37.626   -- File entry --
2026-08-16 21:11:37.626   Dest filename: C:\Users\in15\AppData\Local\DriveBackup\_internal\docutils\writers\s5_html\themes\medium-black\__base__
2026-08-16 21:11:37.627   Time stamp of our file: 2026-08-16 21:06:04.000
2026-08-16 21:11:37.627   Dest file exists.
2026-08-16 21:11:37.627   Time stamp of existing file: 2026-08-16 21:06:04.000
2026-08-16 21:11:37.627   Installing the file.
2026-08-16 21:11:37.632   Successfully installed the file.
2026-08-16 21:11:37.637   -- File entry --
2026-08-16 21:11:37.637   Dest filename: C:\Users\in15\AppData\Local\DriveBackup\_internal\docutils\writers\s5_html\themes\medium-white\framing.css
2026-08-16 21:11:37.637   Time stamp of our file: 2026-08-16 21:06:04.000
2026-08-16 21:11:37.637   Dest file exists.
2026-08-16 21:11:37.637   Time stamp of existing file: 2026-08-16 21:06:04.000
2026-08-16 21:11:37.637   Installing the file.
2026-08-16 21:11:37.643   Successfully installed the file.
2026-08-16 21:11:37.645   -- File entry --
2026-08-16 21:11:37.647   Dest filename: C:\Users\in15\AppData\Local\DriveBackup\_internal\docutils\writers\s5_html\themes\medium-white\pretty.css
2026-08-16 21:11:37.647   Time stamp of our file: 2026-08-16 21:06:04.000
2026-08-16 21:11:37.647   Dest file exists.
2026-08-16 21:11:37.648   Time stamp of existing file: 2026-08-16 21:06:04.000
2026-08-16 21:11:37.648   Installing the file.
2026-08-16 21:11:37.656   Successfully installed the file.
2026-08-16 21:11:37.657   -- File entry --
2026-08-16 21:11:37.657   Dest filename: C:\Users\in15\AppData\Local\DriveBackup\_internal\docutils\writers\s5_html\themes\small-black\pretty.css
2026-08-16 21:11:37.658   Time stamp of our file: 2026-08-16 21:06:04.000
2026-08-16 21:11:37.660   Dest file exists.
2026-08-16 21:11:37.660   Time stamp of existing file: 2026-08-16 21:06:04.000
2026-08-16 21:11:37.660   Installing the file.
2026-08-16 21:11:37.669   Successfully installed the file.
2026-08-16 21:11:37.670   -- File entry --
2026-08-16 21:11:37.670   Dest filename: C:\Users\in15\AppData\Local\DriveBackup\_internal\docutils\writers\s5_html\themes\small-black\__base__
2026-08-16 21:11:37.671   Time stamp of our file: 2026-08-16 21:06:04.000
2026-08-16 21:11:37.671   Dest file exists.
2026-08-16 21:11:37.671   Time stamp of existing file: 2026-08-16 21:06:04.000
2026-08-16 21:11:37.671   Installing the file.
2026-08-16 21:11:37.676   Successfully installed the file.
2026-08-16 21:11:37.676   -- File entry --
2026-08-16 21:11:37.677   Dest filename: C:\Users\in15\AppData\Local\DriveBackup\_internal\docutils\writers\s5_html\themes\small-white\framing.css
2026-08-16 21:11:37.677   Time stamp of our file: 2026-08-16 21:06:04.000
2026-08-16 21:11:37.677   Dest file exists.
2026-08-16 21:11:37.678   Time stamp of existing file: 2026-08-16 21:06:04.000
2026-08-16 21:11:37.678   Installing the file.
2026-08-16 21:11:37.685   Successfully installed the file.
2026-08-16 21:11:37.685   -- File entry --
2026-08-16 21:11:37.685   Dest filename: C:\Users\in15\AppData\Local\DriveBackup\_internal\docutils\writers\s5_html\themes\small-white\pretty.css
2026-08-16 21:11:37.685   Time stamp of our file: 2026-08-16 21:06:04.000
2026-08-16 21:11:37.685   Dest file exists.
2026-08-16 21:11:37.685   Time stamp of existing file: 2026-08-16 21:06:04.000
2026-08-16 21:11:37.685   Installing the file.
2026-08-16 21:11:37.691   Successfully installed the file.
2026-08-16 21:11:37.691   -- File entry --
2026-08-16 21:11:37.691   Dest filename: C:\Users\in15\AppData\Local\DriveBackup\_internal\frozenlist\_frozenlist.cp314-win_amd64.pyd
2026-08-16 21:11:37.693   Time stamp of our file: 2026-08-16 21:06:04.000
2026-08-16 21:11:37.693   Dest file exists.
2026-08-16 21:11:37.693   Time stamp of existing file: 2026-08-16 21:06:04.000
2026-08-16 21:11:37.693   Installing the file.
2026-08-16 21:11:37.706   Successfully installed the file.
2026-08-16 21:11:37.706   -- File entry --
2026-08-16 21:11:37.706   Dest filename: C:\Users\in15\AppData\Local\DriveBackup\_internal\httptools\parser\parser.cp314-win_amd64.pyd
2026-08-16 21:11:37.706   Time stamp of our file: 2026-08-16 21:06:04.000
2026-08-16 21:11:37.706   Dest file exists.
2026-08-16 21:11:37.708   Time stamp of existing file: 2026-08-16 21:06:04.000
2026-08-16 21:11:37.708   Installing the file.
2026-08-16 21:11:37.718   Successfully installed the file.
2026-08-16 21:11:37.718   -- File entry --
2026-08-16 21:11:37.718   Dest filename: C:\Users\in15\AppData\Local\DriveBackup\_internal\httptools\parser\url_parser.cp314-win_amd64.pyd
2026-08-16 21:11:37.718   Time stamp of our file: 2026-08-16 21:06:04.000
2026-08-16 21:11:37.718   Dest file exists.
2026-08-16 21:11:37.720   Time stamp of existing file: 2026-08-16 21:06:04.000
2026-08-16 21:11:37.720   Installing the file.
2026-08-16 21:11:37.727   Successfully installed the file.
2026-08-16 21:11:37.727   -- File entry --
2026-08-16 21:11:37.727   Dest filename: C:\Users\in15\AppData\Local\DriveBackup\_internal\itsdangerous-2.2.0.dist-info\INSTALLER
2026-08-16 21:11:37.727   Time stamp of our file: 2026-08-16 21:06:04.000
2026-08-16 21:11:37.727   Dest file exists.
2026-08-16 21:11:37.727   Time stamp of existing file: 2026-08-16 21:06:04.000
2026-08-16 21:11:37.727   Installing the file.
2026-08-16 21:11:37.734   Successfully installed the file.
2026-08-16 21:11:37.734   -- File entry --
2026-08-16 21:11:37.734   Dest filename: C:\Users\in15\AppData\Local\DriveBackup\_internal\itsdangerous-2.2.0.dist-info\LICENSE.txt
2026-08-16 21:11:37.735   Time stamp of our file: 2026-08-16 21:06:04.000
2026-08-16 21:11:37.735   Dest file exists.
2026-08-16 21:11:37.735   Time stamp of existing file: 2026-08-16 21:06:04.000
2026-08-16 21:11:37.735   Installing the file.
2026-08-16 21:11:37.739   Successfully installed the file.
2026-08-16 21:11:37.740   -- File entry --
2026-08-16 21:11:37.740   Dest filename: C:\Users\in15\AppData\Local\DriveBackup\_internal\itsdangerous-2.2.0.dist-info\METADATA
2026-08-16 21:11:37.741   Time stamp of our file: 2026-08-16 21:06:04.000
2026-08-16 21:11:37.741   Dest file exists.
2026-08-16 21:11:37.741   Time stamp of existing file: 2026-08-16 21:06:04.000
2026-08-16 21:11:37.741   Installing the file.
2026-08-16 21:11:37.749   Successfully installed the file.
2026-08-16 21:11:37.749   -- File entry --
2026-08-16 21:11:37.749   Dest filename: C:\Users\in15\AppData\Local\DriveBackup\_internal\itsdangerous-2.2.0.dist-info\RECORD
2026-08-16 21:11:37.750   Time stamp of our file: 2026-08-16 21:06:04.000
2026-08-16 21:11:37.750   Dest file exists.
2026-08-16 21:11:37.750   Time stamp of existing file: 2026-08-16 21:06:04.000
2026-08-16 21:11:37.750   Installing the file.
2026-08-16 21:11:37.757   Successfully installed the file.
2026-08-16 21:11:37.757   -- File entry --
2026-08-16 21:11:37.757   Dest filename: C:\Users\in15\AppData\Local\DriveBackup\_internal\itsdangerous-2.2.0.dist-info\WHEEL
2026-08-16 21:11:37.763   Time stamp of our file: 2026-08-16 21:06:04.000
2026-08-16 21:11:37.763   Dest file exists.
2026-08-16 21:11:37.764   Time stamp of existing file: 2026-08-16 21:06:04.000
2026-08-16 21:11:37.764   Installing the file.
2026-08-16 21:11:37.772   Successfully installed the file.
2026-08-16 21:11:37.772   -- File entry --
2026-08-16 21:11:37.772   Dest filename: C:\Users\in15\AppData\Local\DriveBackup\_internal\markupsafe\_speedups.cp314-win_amd64.pyd
2026-08-16 21:11:37.772   Time stamp of our file: 2026-08-16 21:06:04.000
2026-08-16 21:11:37.772   Dest file exists.
2026-08-16 21:11:37.774   Time stamp of existing file: 2026-08-16 21:06:04.000
2026-08-16 21:11:37.774   Installing the file.
2026-08-16 21:11:37.780   Successfully installed the file.
2026-08-16 21:11:37.780   -- File entry --
2026-08-16 21:11:37.780   Dest filename: C:\Users\in15\AppData\Local\DriveBackup\_internal\markupsafe-3.0.3.dist-info\INSTALLER
2026-08-16 21:11:37.782   Time stamp of our file: 2026-08-16 21:06:04.000
2026-08-16 21:11:37.782   Dest file exists.
2026-08-16 21:11:37.782   Time stamp of existing file: 2026-08-16 21:06:04.000
2026-08-16 21:11:37.782   Installing the file.
2026-08-16 21:11:37.792   Successfully installed the file.
2026-08-16 21:11:37.792   -- File entry --
2026-08-16 21:11:37.792   Dest filename: C:\Users\in15\AppData\Local\DriveBackup\_internal\markupsafe-3.0.3.dist-info\METADATA
2026-08-16 21:11:37.794   Time stamp of our file: 2026-08-16 21:06:04.000
2026-08-16 21:11:37.794   Dest file exists.
2026-08-16 21:11:37.794   Time stamp of existing file: 2026-08-16 21:06:04.000
2026-08-16 21:11:37.794   Installing the file.
2026-08-16 21:11:37.805   Successfully installed the file.
2026-08-16 21:11:37.805   -- File entry --
2026-08-16 21:11:37.808   Dest filename: C:\Users\in15\AppData\Local\DriveBackup\_internal\markupsafe-3.0.3.dist-info\RECORD
2026-08-16 21:11:37.810   Time stamp of our file: 2026-08-16 21:06:04.000
2026-08-16 21:11:37.810   Dest file exists.
2026-08-16 21:11:37.810   Time stamp of existing file: 2026-08-16 21:06:04.000
2026-08-16 21:11:37.810   Installing the file.
2026-08-16 21:11:37.817   Successfully installed the file.
2026-08-16 21:11:37.818   -- File entry --
2026-08-16 21:11:37.820   Dest filename: C:\Users\in15\AppData\Local\DriveBackup\_internal\markupsafe-3.0.3.dist-info\top_level.txt
2026-08-16 21:11:37.821   Time stamp of our file: 2026-08-16 21:06:04.000
2026-08-16 21:11:37.821   Dest file exists.
2026-08-16 21:11:37.821   Time stamp of existing file: 2026-08-16 21:06:04.000
2026-08-16 21:11:37.822   Installing the file.
2026-08-16 21:11:37.830   Successfully installed the file.
2026-08-16 21:11:37.830   -- File entry --
2026-08-16 21:11:37.831   Dest filename: C:\Users\in15\AppData\Local\DriveBackup\_internal\markupsafe-3.0.3.dist-info\WHEEL
2026-08-16 21:11:37.831   Time stamp of our file: 2026-08-16 21:06:04.000
2026-08-16 21:11:37.831   Dest file exists.
2026-08-16 21:11:37.832   Time stamp of existing file: 2026-08-16 21:06:04.000
2026-08-16 21:11:37.832   Installing the file.
2026-08-16 21:11:37.836   Successfully installed the file.
2026-08-16 21:11:37.836   -- File entry --
2026-08-16 21:11:37.837   Dest filename: C:\Users\in15\AppData\Local\DriveBackup\_internal\markupsafe-3.0.3.dist-info\licenses\LICENSE.txt
2026-08-16 21:11:37.837   Time stamp of our file: 2026-08-16 21:06:04.000
2026-08-16 21:11:37.837   Dest file exists.
2026-08-16 21:11:37.837   Time stamp of existing file: 2026-08-16 21:06:04.000
2026-08-16 21:11:37.837   Installing the file.
2026-08-16 21:11:37.842   Successfully installed the file.
2026-08-16 21:11:37.842   -- File entry --
2026-08-16 21:11:37.843   Dest filename: C:\Users\in15\AppData\Local\DriveBackup\_internal\multidict\_multidict.cp314-win_amd64.pyd
2026-08-16 21:11:37.843   Time stamp of our file: 2026-08-16 21:06:04.000
2026-08-16 21:11:37.843   Dest file exists.
2026-08-16 21:11:37.843   Time stamp of existing file: 2026-08-16 21:06:04.000
2026-08-16 21:11:37.844   Installing the file.
2026-08-16 21:11:37.860   Successfully installed the file.
2026-08-16 21:11:37.860   -- File entry --
2026-08-16 21:11:37.860   Dest filename: C:\Users\in15\AppData\Local\DriveBackup\_internal\nicegui\.syncignore
2026-08-16 21:11:37.860   Time stamp of our file: 2026-08-16 21:06:04.000
2026-08-16 21:11:37.862   Dest file exists.
2026-08-16 21:11:37.870   Time stamp of existing file: 2026-08-16 21:06:04.000
2026-08-16 21:11:37.870   Installing the file.
2026-08-16 21:11:37.882   Successfully installed the file.
2026-08-16 21:11:37.882   -- File entry --
2026-08-16 21:11:37.883   Dest filename: C:\Users\in15\AppData\Local\DriveBackup\_internal\nicegui\air.py
2026-08-16 21:11:37.886   Time stamp of our file: 2026-08-16 21:06:04.000
2026-08-16 21:11:37.886   Dest file exists.
2026-08-16 21:11:37.886   Time stamp of existing file: 2026-08-16 21:06:04.000
2026-08-16 21:11:37.887   Installing the file.
2026-08-16 21:11:37.892   Successfully installed the file.
2026-08-16 21:11:37.893   -- File entry --
2026-08-16 21:11:37.893   Dest filename: C:\Users\in15\AppData\Local\DriveBackup\_internal\nicegui\api_router.py
2026-08-16 21:11:37.894   Time stamp of our file: 2026-08-16 21:06:04.000
2026-08-16 21:11:37.894   Dest file exists.
2026-08-16 21:11:37.895   Time stamp of existing file: 2026-08-16 21:06:04.000
2026-08-16 21:11:37.895   Installing the file.
2026-08-16 21:11:37.907   Successfully installed the file.
2026-08-16 21:11:37.909   -- File entry --
2026-08-16 21:11:37.909   Dest filename: C:\Users\in15\AppData\Local\DriveBackup\_internal\nicegui\awaitable_response.py
2026-08-16 21:11:37.909   Time stamp of our file: 2026-08-16 21:06:04.000
2026-08-16 21:11:37.909   Dest file exists.
2026-08-16 21:11:37.914   Time stamp of existing file: 2026-08-16 21:06:04.000
2026-08-16 21:11:37.914   Installing the file.
2026-08-16 21:11:37.922   Successfully installed the file.
2026-08-16 21:11:37.922   -- File entry --
2026-08-16 21:11:37.922   Dest filename: C:\Users\in15\AppData\Local\DriveBackup\_internal\nicegui\background_tasks.py
2026-08-16 21:11:37.923   Time stamp of our file: 2026-08-16 21:06:04.000
2026-08-16 21:11:37.923   Dest file exists.
2026-08-16 21:11:37.924   Time stamp of existing file: 2026-08-16 21:06:04.000
2026-08-16 21:11:37.924   Installing the file.
2026-08-16 21:11:37.928   Successfully installed the file.
2026-08-16 21:11:37.929   -- File entry --
2026-08-16 21:11:37.930   Dest filename: C:\Users\in15\AppData\Local\DriveBackup\_internal\nicegui\binding.py
2026-08-16 21:11:37.930   Time stamp of our file: 2026-08-16 21:06:04.000
2026-08-16 21:11:37.930   Dest file exists.
2026-08-16 21:11:37.931   Time stamp of existing file: 2026-08-16 21:06:04.000
2026-08-16 21:11:37.931   Installing the file.
2026-08-16 21:11:37.938   Successfully installed the file.
2026-08-16 21:11:37.939   -- File entry --
2026-08-16 21:11:37.939   Dest filename: C:\Users\in15\AppData\Local\DriveBackup\_internal\nicegui\classes.py
2026-08-16 21:11:37.939   Time stamp of our file: 2026-08-16 21:06:04.000
2026-08-16 21:11:37.939   Dest file exists.
2026-08-16 21:11:37.940   Time stamp of existing file: 2026-08-16 21:06:04.000
2026-08-16 21:11:37.940   Installing the file.
2026-08-16 21:11:37.944   Successfully installed the file.
2026-08-16 21:11:37.944   -- File entry --
2026-08-16 21:11:37.945   Dest filename: C:\Users\in15\AppData\Local\DriveBackup\_internal\nicegui\client.py
2026-08-16 21:11:37.945   Time stamp of our file: 2026-08-16 21:06:04.000
2026-08-16 21:11:37.945   Dest file exists.
2026-08-16 21:11:37.945   Time stamp of existing file: 2026-08-16 21:06:04.000
2026-08-16 21:11:37.945   Installing the file.
2026-08-16 21:11:37.952   Successfully installed the file.
2026-08-16 21:11:37.952   -- File entry --
2026-08-16 21:11:37.952   Dest filename: C:\Users\in15\AppData\Local\DriveBackup\_internal\nicegui\context.py
2026-08-16 21:11:37.952   Time stamp of our file: 2026-08-16 21:06:04.000
2026-08-16 21:11:37.952   Dest file exists.
2026-08-16 21:11:37.954   Time stamp of existing file: 2026-08-16 21:06:04.000
2026-08-16 21:11:37.954   Installing the file.
2026-08-16 21:11:37.961   Successfully installed the file.
2026-08-16 21:11:37.961   -- File entry --
2026-08-16 21:11:37.961   Dest filename: C:\Users\in15\AppData\Local\DriveBackup\_internal\nicegui\core.py
2026-08-16 21:11:37.961   Time stamp of our file: 2026-08-16 21:06:04.000
2026-08-16 21:11:37.961   Dest file exists.
2026-08-16 21:11:37.961   Time stamp of existing file: 2026-08-16 21:06:04.000
2026-08-16 21:11:37.964   Installing the file.
2026-08-16 21:11:37.970   Successfully installed the file.
2026-08-16 21:11:37.970   -- File entry --
2026-08-16 21:11:37.970   Dest filename: C:\Users\in15\AppData\Local\DriveBackup\_internal\nicegui\dataclasses.py
2026-08-16 21:11:37.971   Time stamp of our file: 2026-08-16 21:06:04.000
2026-08-16 21:11:37.971   Dest file exists.
2026-08-16 21:11:37.971   Time stamp of existing file: 2026-08-16 21:06:04.000
2026-08-16 21:11:37.971   Installing the file.
2026-08-16 21:11:37.978   Successfully installed the file.
2026-08-16 21:11:37.978   -- File entry --
2026-08-16 21:11:37.980   Dest filename: C:\Users\in15\AppData\Local\DriveBackup\_internal\nicegui\defaults.py
2026-08-16 21:11:37.980   Time stamp of our file: 2026-08-16 21:06:04.000
2026-08-16 21:11:37.980   Dest file exists.
2026-08-16 21:11:37.981   Time stamp of existing file: 2026-08-16 21:06:04.000
2026-08-16 21:11:37.981   Installing the file.
2026-08-16 21:11:37.986   Successfully installed the file.
2026-08-16 21:11:37.986   -- File entry --
2026-08-16 21:11:37.987   Dest filename: C:\Users\in15\AppData\Local\DriveBackup\_internal\nicegui\dependencies.py
2026-08-16 21:11:37.987   Time stamp of our file: 2026-08-16 21:06:04.000
2026-08-16 21:11:37.987   Dest file exists.
2026-08-16 21:11:37.988   Time stamp of existing file: 2026-08-16 21:06:04.000
2026-08-16 21:11:37.988   Installing the file.
2026-08-16 21:11:37.992   Successfully installed the file.
2026-08-16 21:11:37.992   -- File entry --
2026-08-16 21:11:37.993   Dest filename: C:\Users\in15\AppData\Local\DriveBackup\_internal\nicegui\element.py
2026-08-16 21:11:37.993   Time stamp of our file: 2026-08-16 21:06:04.000
2026-08-16 21:11:37.993   Dest file exists.
2026-08-16 21:11:37.994   Time stamp of existing file: 2026-08-16 21:06:04.000
2026-08-16 21:11:37.994   Installing the file.
2026-08-16 21:11:38.006   Successfully installed the file.
2026-08-16 21:11:38.006   -- File entry --
2026-08-16 21:11:38.006   Dest filename: C:\Users\in15\AppData\Local\DriveBackup\_internal\nicegui\element_filter.py
2026-08-16 21:11:38.008   Time stamp of our file: 2026-08-16 21:06:04.000
2026-08-16 21:11:38.008   Dest file exists.
2026-08-16 21:11:38.008   Time stamp of existing file: 2026-08-16 21:06:04.000
2026-08-16 21:11:38.010   Installing the file.
2026-08-16 21:11:38.019   Successfully installed the file.
2026-08-16 21:11:38.019   -- File entry --
2026-08-16 21:11:38.019   Dest filename: C:\Users\in15\AppData\Local\DriveBackup\_internal\nicegui\error.py
2026-08-16 21:11:38.020   Time stamp of our file: 2026-08-16 21:06:06.000
2026-08-16 21:11:38.020   Dest file exists.
2026-08-16 21:11:38.022   Time stamp of existing file: 2026-08-16 21:06:06.000
2026-08-16 21:11:38.022   Installing the file.
2026-08-16 21:11:38.026   Successfully installed the file.
2026-08-16 21:11:38.026   -- File entry --
2026-08-16 21:11:38.030   Dest filename: C:\Users\in15\AppData\Local\DriveBackup\_internal\nicegui\event.py
2026-08-16 21:11:38.031   Time stamp of our file: 2026-08-16 21:06:06.000
2026-08-16 21:11:38.031   Dest file exists.
2026-08-16 21:11:38.031   Time stamp of existing file: 2026-08-16 21:06:06.000
2026-08-16 21:11:38.031   Installing the file.
2026-08-16 21:11:38.041   Successfully installed the file.
2026-08-16 21:11:38.041   -- File entry --
2026-08-16 21:11:38.042   Dest filename: C:\Users\in15\AppData\Local\DriveBackup\_internal\nicegui\events.py
2026-08-16 21:11:38.042   Time stamp of our file: 2026-08-16 21:06:06.000
2026-08-16 21:11:38.042   Dest file exists.
2026-08-16 21:11:38.044   Time stamp of existing file: 2026-08-16 21:06:06.000
2026-08-16 21:11:38.044   Installing the file.
2026-08-16 21:11:38.054   Successfully installed the file.
2026-08-16 21:11:38.055   -- File entry --
2026-08-16 21:11:38.056   Dest filename: C:\Users\in15\AppData\Local\DriveBackup\_internal\nicegui\event_listener.py
2026-08-16 21:11:38.057   Time stamp of our file: 2026-08-16 21:06:06.000
2026-08-16 21:11:38.057   Dest file exists.
2026-08-16 21:11:38.057   Time stamp of existing file: 2026-08-16 21:06:06.000
2026-08-16 21:11:38.057   Installing the file.
2026-08-16 21:11:38.064   Successfully installed the file.
2026-08-16 21:11:38.064   -- File entry --
2026-08-16 21:11:38.066   Dest filename: C:\Users\in15\AppData\Local\DriveBackup\_internal\nicegui\favicon.py
2026-08-16 21:11:38.067   Time stamp of our file: 2026-08-16 21:06:06.000
2026-08-16 21:11:38.067   Dest file exists.
2026-08-16 21:11:38.067   Time stamp of existing file: 2026-08-16 21:06:06.000
2026-08-16 21:11:38.067   Installing the file.
2026-08-16 21:11:38.073   Successfully installed the file.
2026-08-16 21:11:38.074   -- File entry --
2026-08-16 21:11:38.074   Dest filename: C:\Users\in15\AppData\Local\DriveBackup\_internal\nicegui\html.py
2026-08-16 21:11:38.075   Time stamp of our file: 2026-08-16 21:06:06.000
2026-08-16 21:11:38.075   Dest file exists.
2026-08-16 21:11:38.075   Time stamp of existing file: 2026-08-16 21:06:06.000
2026-08-16 21:11:38.075   Installing the file.
2026-08-16 21:11:38.079   Successfully installed the file.
2026-08-16 21:11:38.079   -- File entry --
2026-08-16 21:11:38.081   Dest filename: C:\Users\in15\AppData\Local\DriveBackup\_internal\nicegui\javascript_request.py
2026-08-16 21:11:38.081   Time stamp of our file: 2026-08-16 21:06:06.000
2026-08-16 21:11:38.081   Dest file exists.
2026-08-16 21:11:38.081   Time stamp of existing file: 2026-08-16 21:06:06.000
2026-08-16 21:11:38.081   Installing the file.
2026-08-16 21:11:38.086   Successfully installed the file.
2026-08-16 21:11:38.086   -- File entry --
2026-08-16 21:11:38.086   Dest filename: C:\Users\in15\AppData\Local\DriveBackup\_internal\nicegui\language.py
2026-08-16 21:11:38.086   Time stamp of our file: 2026-08-16 21:06:06.000
2026-08-16 21:11:38.086   Dest file exists.
2026-08-16 21:11:38.088   Time stamp of existing file: 2026-08-16 21:06:06.000
2026-08-16 21:11:38.088   Installing the file.
2026-08-16 21:11:38.092   Successfully installed the file.
2026-08-16 21:11:38.092   -- File entry --
2026-08-16 21:11:38.092   Dest filename: C:\Users\in15\AppData\Local\DriveBackup\_internal\nicegui\llms.md
2026-08-16 21:11:38.092   Time stamp of our file: 2026-08-16 21:06:06.000
2026-08-16 21:11:38.092   Dest file exists.
2026-08-16 21:11:38.092   Time stamp of existing file: 2026-08-16 21:06:06.000
2026-08-16 21:11:38.092   Installing the file.
2026-08-16 21:11:38.104   Successfully installed the file.
2026-08-16 21:11:38.104   -- File entry --
2026-08-16 21:11:38.104   Dest filename: C:\Users\in15\AppData\Local\DriveBackup\_internal\nicegui\logging.py
2026-08-16 21:11:38.104   Time stamp of our file: 2026-08-16 21:06:06.000
2026-08-16 21:11:38.104   Dest file exists.
2026-08-16 21:11:38.104   Time stamp of existing file: 2026-08-16 21:06:06.000
2026-08-16 21:11:38.104   Installing the file.
2026-08-16 21:11:38.108   Successfully installed the file.
2026-08-16 21:11:38.108   -- File entry --
2026-08-16 21:11:38.110   Dest filename: C:\Users\in15\AppData\Local\DriveBackup\_internal\nicegui\middlewares.py
2026-08-16 21:11:38.110   Time stamp of our file: 2026-08-16 21:06:06.000
2026-08-16 21:11:38.110   Dest file exists.
2026-08-16 21:11:38.110   Time stamp of existing file: 2026-08-16 21:06:06.000
2026-08-16 21:11:38.110   Installing the file.
2026-08-16 21:11:38.115   Successfully installed the file.
2026-08-16 21:11:38.116   -- File entry --
2026-08-16 21:11:38.116   Dest filename: C:\Users\in15\AppData\Local\DriveBackup\_internal\nicegui\nicegui.py
2026-08-16 21:11:38.116   Time stamp of our file: 2026-08-16 21:06:06.000
2026-08-16 21:11:38.116   Dest file exists.
2026-08-16 21:11:38.116   Time stamp of existing file: 2026-08-16 21:06:06.000
2026-08-16 21:11:38.116   Installing the file.
2026-08-16 21:11:38.122   Successfully installed the file.
2026-08-16 21:11:38.122   -- File entry --
2026-08-16 21:11:38.122   Dest filename: C:\Users\in15\AppData\Local\DriveBackup\_internal\nicegui\observables.py
2026-08-16 21:11:38.122   Time stamp of our file: 2026-08-16 21:06:06.000
2026-08-16 21:11:38.124   Dest file exists.
2026-08-16 21:11:38.124   Time stamp of existing file: 2026-08-16 21:06:06.000
2026-08-16 21:11:38.124   Installing the file.
2026-08-16 21:11:38.140   Successfully installed the file.
2026-08-16 21:11:38.140   -- File entry --
2026-08-16 21:11:38.141   Dest filename: C:\Users\in15\AppData\Local\DriveBackup\_internal\nicegui\optional_features.py
2026-08-16 21:11:38.141   Time stamp of our file: 2026-08-16 21:06:06.000
2026-08-16 21:11:38.141   Dest file exists.
2026-08-16 21:11:38.142   Time stamp of existing file: 2026-08-16 21:06:06.000
2026-08-16 21:11:38.142   Installing the file.
2026-08-16 21:11:38.147   Successfully installed the file.
2026-08-16 21:11:38.147   -- File entry --
2026-08-16 21:11:38.147   Dest filename: C:\Users\in15\AppData\Local\DriveBackup\_internal\nicegui\outbox.py
2026-08-16 21:11:38.148   Time stamp of our file: 2026-08-16 21:06:06.000
2026-08-16 21:11:38.148   Dest file exists.
2026-08-16 21:11:38.148   Time stamp of existing file: 2026-08-16 21:06:06.000
2026-08-16 21:11:38.148   Installing the file.
2026-08-16 21:11:38.152   Successfully installed the file.
2026-08-16 21:11:38.153   -- File entry --
2026-08-16 21:11:38.153   Dest filename: C:\Users\in15\AppData\Local\DriveBackup\_internal\nicegui\page.py
2026-08-16 21:11:38.154   Time stamp of our file: 2026-08-16 21:06:06.000
2026-08-16 21:11:38.154   Dest file exists.
2026-08-16 21:11:38.154   Time stamp of existing file: 2026-08-16 21:06:06.000
2026-08-16 21:11:38.154   Installing the file.
2026-08-16 21:11:38.158   Successfully installed the file.
2026-08-16 21:11:38.158   -- File entry --
2026-08-16 21:11:38.159   Dest filename: C:\Users\in15\AppData\Local\DriveBackup\_internal\nicegui\page_arguments.py
2026-08-16 21:11:38.159   Time stamp of our file: 2026-08-16 21:06:06.000
2026-08-16 21:11:38.159   Dest file exists.
2026-08-16 21:11:38.160   Time stamp of existing file: 2026-08-16 21:06:06.000
2026-08-16 21:11:38.160   Installing the file.
2026-08-16 21:11:38.165   Successfully installed the file.
2026-08-16 21:11:38.167   -- File entry --
2026-08-16 21:11:38.167   Dest filename: C:\Users\in15\AppData\Local\DriveBackup\_internal\nicegui\props.py
2026-08-16 21:11:38.167   Time stamp of our file: 2026-08-16 21:06:06.000
2026-08-16 21:11:38.167   Dest file exists.
2026-08-16 21:11:38.167   Time stamp of existing file: 2026-08-16 21:06:06.000
2026-08-16 21:11:38.167   Installing the file.
2026-08-16 21:11:38.172   Successfully installed the file.
2026-08-16 21:11:38.172   -- File entry --
2026-08-16 21:11:38.172   Dest filename: C:\Users\in15\AppData\Local\DriveBackup\_internal\nicegui\py.typed
2026-08-16 21:11:38.172   Time stamp of our file: 2026-08-16 21:06:06.000
2026-08-16 21:11:38.172   Dest file exists.
2026-08-16 21:11:38.172   Time stamp of existing file: 2026-08-16 21:06:06.000
2026-08-16 21:11:38.172   Installing the file.
2026-08-16 21:11:38.176   Successfully installed the file.
2026-08-16 21:11:38.176   -- File entry --
2026-08-16 21:11:38.178   Dest filename: C:\Users\in15\AppData\Local\DriveBackup\_internal\nicegui\run.py
2026-08-16 21:11:38.179   Time stamp of our file: 2026-08-16 21:06:06.000
2026-08-16 21:11:38.179   Dest file exists.
2026-08-16 21:11:38.179   Time stamp of existing file: 2026-08-16 21:06:06.000
2026-08-16 21:11:38.179   Installing the file.
2026-08-16 21:11:38.185   Successfully installed the file.
2026-08-16 21:11:38.185   -- File entry --
2026-08-16 21:11:38.187   Dest filename: C:\Users\in15\AppData\Local\DriveBackup\_internal\nicegui\server.py
2026-08-16 21:11:38.187   Time stamp of our file: 2026-08-16 21:06:06.000
2026-08-16 21:11:38.187   Dest file exists.
2026-08-16 21:11:38.187   Time stamp of existing file: 2026-08-16 21:06:06.000
2026-08-16 21:11:38.187   Installing the file.
2026-08-16 21:11:38.192   Successfully installed the file.
2026-08-16 21:11:38.192   -- File entry --
2026-08-16 21:11:38.192   Dest filename: C:\Users\in15\AppData\Local\DriveBackup\_internal\nicegui\slot.py
2026-08-16 21:11:38.192   Time stamp of our file: 2026-08-16 21:06:06.000
2026-08-16 21:11:38.192   Dest file exists.
2026-08-16 21:11:38.192   Time stamp of existing file: 2026-08-16 21:06:06.000
2026-08-16 21:11:38.192   Installing the file.
2026-08-16 21:11:38.199   Successfully installed the file.
2026-08-16 21:11:38.200   -- File entry --
2026-08-16 21:11:38.200   Dest filename: C:\Users\in15\AppData\Local\DriveBackup\_internal\nicegui\staticfiles.py
2026-08-16 21:11:38.201   Time stamp of our file: 2026-08-16 21:06:06.000
2026-08-16 21:11:38.201   Dest file exists.
2026-08-16 21:11:38.201   Time stamp of existing file: 2026-08-16 21:06:06.000
2026-08-16 21:11:38.201   Installing the file.
2026-08-16 21:11:38.205   Successfully installed the file.
2026-08-16 21:11:38.206   -- File entry --
2026-08-16 21:11:38.206   Dest filename: C:\Users\in15\AppData\Local\DriveBackup\_internal\nicegui\storage.py
2026-08-16 21:11:38.206   Time stamp of our file: 2026-08-16 21:06:06.000
2026-08-16 21:11:38.207   Dest file exists.
2026-08-16 21:11:38.207   Time stamp of existing file: 2026-08-16 21:06:06.000
2026-08-16 21:11:38.207   Installing the file.
2026-08-16 21:11:38.211   Successfully installed the file.
2026-08-16 21:11:38.212   -- File entry --
2026-08-16 21:11:38.213   Dest filename: C:\Users\in15\AppData\Local\DriveBackup\_internal\nicegui\style.py
2026-08-16 21:11:38.213   Time stamp of our file: 2026-08-16 21:06:06.000
2026-08-16 21:11:38.213   Dest file exists.
2026-08-16 21:11:38.213   Time stamp of existing file: 2026-08-16 21:06:06.000
2026-08-16 21:11:38.213   Installing the file.
2026-08-16 21:11:38.219   Successfully installed the file.
2026-08-16 21:11:38.219   -- File entry --
2026-08-16 21:11:38.219   Dest filename: C:\Users\in15\AppData\Local\DriveBackup\_internal\nicegui\sub_pages_router.py
2026-08-16 21:11:38.220   Time stamp of our file: 2026-08-16 21:06:06.000
2026-08-16 21:11:38.220   Dest file exists.
2026-08-16 21:11:38.220   Time stamp of existing file: 2026-08-16 21:06:06.000
2026-08-16 21:11:38.220   Installing the file.
2026-08-16 21:11:38.225   Successfully installed the file.
2026-08-16 21:11:38.225   -- File entry --
2026-08-16 21:11:38.225   Dest filename: C:\Users\in15\AppData\Local\DriveBackup\_internal\nicegui\timer.py
2026-08-16 21:11:38.226   Time stamp of our file: 2026-08-16 21:06:06.000
2026-08-16 21:11:38.226   Dest file exists.
2026-08-16 21:11:38.226   Time stamp of existing file: 2026-08-16 21:06:06.000
2026-08-16 21:11:38.226   Installing the file.
2026-08-16 21:11:38.231   Successfully installed the file.
2026-08-16 21:11:38.231   -- File entry --
2026-08-16 21:11:38.231   Dest filename: C:\Users\in15\AppData\Local\DriveBackup\_internal\nicegui\translations.py
2026-08-16 21:11:38.231   Time stamp of our file: 2026-08-16 21:06:06.000
2026-08-16 21:11:38.231   Dest file exists.
2026-08-16 21:11:38.231   Time stamp of existing file: 2026-08-16 21:06:06.000
2026-08-16 21:11:38.231   Installing the file.
2026-08-16 21:11:38.237   Successfully installed the file.
2026-08-16 21:11:38.237   -- File entry --
2026-08-16 21:11:38.237   Dest filename: C:\Users\in15\AppData\Local\DriveBackup\_internal\nicegui\ui.py
2026-08-16 21:11:38.237   Time stamp of our file: 2026-08-16 21:06:06.000
2026-08-16 21:11:38.237   Dest file exists.
2026-08-16 21:11:38.237   Time stamp of existing file: 2026-08-16 21:06:06.000
2026-08-16 21:11:38.237   Installing the file.
2026-08-16 21:11:38.239   Successfully installed the file.
2026-08-16 21:11:38.239   -- File entry --
2026-08-16 21:11:38.239   Dest filename: C:\Users\in15\AppData\Local\DriveBackup\_internal\nicegui\ui_run.py
2026-08-16 21:11:38.244   Time stamp of our file: 2026-08-16 21:06:06.000
2026-08-16 21:11:38.244   Dest file exists.
2026-08-16 21:11:38.245   Time stamp of existing file: 2026-08-16 21:06:06.000
2026-08-16 21:11:38.245   Installing the file.
2026-08-16 21:11:38.253   Successfully installed the file.
2026-08-16 21:11:38.253   -- File entry --
2026-08-16 21:11:38.253   Dest filename: C:\Users\in15\AppData\Local\DriveBackup\_internal\nicegui\ui_run_with.py
2026-08-16 21:11:38.254   Time stamp of our file: 2026-08-16 21:06:06.000
2026-08-16 21:11:38.254   Dest file exists.
2026-08-16 21:11:38.254   Time stamp of existing file: 2026-08-16 21:06:06.000
2026-08-16 21:11:38.254   Installing the file.
2026-08-16 21:11:38.257   Successfully installed the file.
2026-08-16 21:11:38.257   -- File entry --
2026-08-16 21:11:38.257   Dest filename: C:\Users\in15\AppData\Local\DriveBackup\_internal\nicegui\vbuild.py
2026-08-16 21:11:38.257   Time stamp of our file: 2026-08-16 21:06:06.000
2026-08-16 21:11:38.257   Dest file exists.
2026-08-16 21:11:38.257   Time stamp of existing file: 2026-08-16 21:06:06.000
2026-08-16 21:11:38.257   Installing the file.
2026-08-16 21:11:38.267   Successfully installed the file.
2026-08-16 21:11:38.267   -- File entry --
2026-08-16 21:11:38.268   Dest filename: C:\Users\in15\AppData\Local\DriveBackup\_internal\nicegui\version.py
2026-08-16 21:11:38.268   Time stamp of our file: 2026-08-16 21:06:06.000
2026-08-16 21:11:38.268   Dest file exists.
2026-08-16 21:11:38.268   Time stamp of existing file: 2026-08-16 21:06:06.000
2026-08-16 21:11:38.269   Installing the file.
2026-08-16 21:11:38.273   Successfully installed the file.
2026-08-16 21:11:38.273   -- File entry --
2026-08-16 21:11:38.273   Dest filename: C:\Users\in15\AppData\Local\DriveBackup\_internal\nicegui\welcome.py
2026-08-16 21:11:38.273   Time stamp of our file: 2026-08-16 21:06:06.000
2026-08-16 21:11:38.273   Dest file exists.
2026-08-16 21:11:38.274   Time stamp of existing file: 2026-08-16 21:06:06.000
2026-08-16 21:11:38.274   Installing the file.
2026-08-16 21:11:38.278   Successfully installed the file.
2026-08-16 21:11:38.278   -- File entry --
2026-08-16 21:11:38.279   Dest filename: C:\Users\in15\AppData\Local\DriveBackup\_internal\nicegui\__init__.py
2026-08-16 21:11:38.280   Time stamp of our file: 2026-08-16 21:06:04.000
2026-08-16 21:11:38.280   Dest file exists.
2026-08-16 21:11:38.280   Time stamp of existing file: 2026-08-16 21:06:04.000
2026-08-16 21:11:38.280   Installing the file.
2026-08-16 21:11:38.285   Successfully installed the file.
2026-08-16 21:11:38.286   -- File entry --
2026-08-16 21:11:38.286   Dest filename: C:\Users\in15\AppData\Local\DriveBackup\_internal\nicegui\app\app.py
2026-08-16 21:11:38.286   Time stamp of our file: 2026-08-16 21:06:04.000
2026-08-16 21:11:38.287   Dest file exists.
2026-08-16 21:11:38.287   Time stamp of existing file: 2026-08-16 21:06:04.000
2026-08-16 21:11:38.287   Installing the file.
2026-08-16 21:11:38.292   Successfully installed the file.
2026-08-16 21:11:38.292   -- File entry --
2026-08-16 21:11:38.293   Dest filename: C:\Users\in15\AppData\Local\DriveBackup\_internal\nicegui\app\app_config.py
2026-08-16 21:11:38.293   Time stamp of our file: 2026-08-16 21:06:04.000
2026-08-16 21:11:38.293   Dest file exists.
2026-08-16 21:11:38.293   Time stamp of existing file: 2026-08-16 21:06:04.000
2026-08-16 21:11:38.294   Installing the file.
2026-08-16 21:11:38.300   Successfully installed the file.
2026-08-16 21:11:38.300   -- File entry --
2026-08-16 21:11:38.300   Dest filename: C:\Users\in15\AppData\Local\DriveBackup\_internal\nicegui\app\range_response.py
2026-08-16 21:11:38.302   Time stamp of our file: 2026-08-16 21:06:04.000
2026-08-16 21:11:38.302   Dest file exists.
2026-08-16 21:11:38.302   Time stamp of existing file: 2026-08-16 21:06:04.000
2026-08-16 21:11:38.302   Installing the file.
2026-08-16 21:11:38.306   Successfully installed the file.
2026-08-16 21:11:38.306   -- File entry --
2026-08-16 21:11:38.306   Dest filename: C:\Users\in15\AppData\Local\DriveBackup\_internal\nicegui\app\__init__.py
2026-08-16 21:11:38.308   Time stamp of our file: 2026-08-16 21:06:04.000
2026-08-16 21:11:38.308   Dest file exists.
2026-08-16 21:11:38.308   Time stamp of existing file: 2026-08-16 21:06:04.000
2026-08-16 21:11:38.308   Installing the file.
2026-08-16 21:11:38.314   Successfully installed the file.
2026-08-16 21:11:38.314   -- File entry --
2026-08-16 21:11:38.314   Dest filename: C:\Users\in15\AppData\Local\DriveBackup\_internal\nicegui\elements\altair.py
2026-08-16 21:11:38.316   Time stamp of our file: 2026-08-16 21:06:04.000
2026-08-16 21:11:38.316   Dest file exists.
2026-08-16 21:11:38.316   Time stamp of existing file: 2026-08-16 21:06:04.000
2026-08-16 21:11:38.316   Installing the file.
2026-08-16 21:11:38.322   Successfully installed the file.
2026-08-16 21:11:38.322   -- File entry --
2026-08-16 21:11:38.322   Dest filename: C:\Users\in15\AppData\Local\DriveBackup\_internal\nicegui\elements\audio.js
2026-08-16 21:11:38.322   Time stamp of our file: 2026-08-16 21:06:04.000
2026-08-16 21:11:38.322   Dest file exists.
2026-08-16 21:11:38.322   Time stamp of existing file: 2026-08-16 21:06:04.000
2026-08-16 21:11:38.322   Installing the file.
2026-08-16 21:11:38.327   Successfully installed the file.
2026-08-16 21:11:38.327   -- File entry --
2026-08-16 21:11:38.328   Dest filename: C:\Users\in15\AppData\Local\DriveBackup\_internal\nicegui\elements\audio.py
2026-08-16 21:11:38.328   Time stamp of our file: 2026-08-16 21:06:04.000
2026-08-16 21:11:38.328   Dest file exists.
2026-08-16 21:11:38.328   Time stamp of existing file: 2026-08-16 21:06:04.000
2026-08-16 21:11:38.328   Installing the file.
2026-08-16 21:11:38.333   Successfully installed the file.
2026-08-16 21:11:38.334   -- File entry --
2026-08-16 21:11:38.334   Dest filename: C:\Users\in15\AppData\Local\DriveBackup\_internal\nicegui\elements\avatar.py
2026-08-16 21:11:38.335   Time stamp of our file: 2026-08-16 21:06:04.000
2026-08-16 21:11:38.335   Dest file exists.
2026-08-16 21:11:38.335   Time stamp of existing file: 2026-08-16 21:06:04.000
2026-08-16 21:11:38.335   Installing the file.
2026-08-16 21:11:38.339   Successfully installed the file.
2026-08-16 21:11:38.340   -- File entry --
2026-08-16 21:11:38.340   Dest filename: C:\Users\in15\AppData\Local\DriveBackup\_internal\nicegui\elements\badge.py
2026-08-16 21:11:38.341   Time stamp of our file: 2026-08-16 21:06:04.000
2026-08-16 21:11:38.341   Dest file exists.
2026-08-16 21:11:38.341   Time stamp of existing file: 2026-08-16 21:06:04.000
2026-08-16 21:11:38.341   Installing the file.
2026-08-16 21:11:38.345   Successfully installed the file.
2026-08-16 21:11:38.345   -- File entry --
2026-08-16 21:11:38.346   Dest filename: C:\Users\in15\AppData\Local\DriveBackup\_internal\nicegui\elements\button.py
2026-08-16 21:11:38.348   Time stamp of our file: 2026-08-16 21:06:04.000
2026-08-16 21:11:38.348   Dest file exists.
2026-08-16 21:11:38.348   Time stamp of existing file: 2026-08-16 21:06:04.000
2026-08-16 21:11:38.349   Installing the file.
2026-08-16 21:11:38.354   Successfully installed the file.
2026-08-16 21:11:38.354   -- File entry --
2026-08-16 21:11:38.354   Dest filename: C:\Users\in15\AppData\Local\DriveBackup\_internal\nicegui\elements\button_dropdown.py
2026-08-16 21:11:38.354   Time stamp of our file: 2026-08-16 21:06:04.000
2026-08-16 21:11:38.354   Dest file exists.
2026-08-16 21:11:38.356   Time stamp of existing file: 2026-08-16 21:06:04.000
2026-08-16 21:11:38.356   Installing the file.
2026-08-16 21:11:38.360   Successfully installed the file.
2026-08-16 21:11:38.360   -- File entry --
2026-08-16 21:11:38.360   Dest filename: C:\Users\in15\AppData\Local\DriveBackup\_internal\nicegui\elements\button_group.py
2026-08-16 21:11:38.360   Time stamp of our file: 2026-08-16 21:06:04.000
2026-08-16 21:11:38.360   Dest file exists.
2026-08-16 21:11:38.360   Time stamp of existing file: 2026-08-16 21:06:04.000
2026-08-16 21:11:38.360   Installing the file.
2026-08-16 21:11:38.368   Successfully installed the file.
2026-08-16 21:11:38.368   -- File entry --
2026-08-16 21:11:38.368   Dest filename: C:\Users\in15\AppData\Local\DriveBackup\_internal\nicegui\elements\card.py
2026-08-16 21:11:38.369   Time stamp of our file: 2026-08-16 21:06:04.000
2026-08-16 21:11:38.369   Dest file exists.
2026-08-16 21:11:38.369   Time stamp of existing file: 2026-08-16 21:06:04.000
2026-08-16 21:11:38.369   Installing the file.
2026-08-16 21:11:38.374   Successfully installed the file.
2026-08-16 21:11:38.374   -- File entry --
2026-08-16 21:11:38.374   Dest filename: C:\Users\in15\AppData\Local\DriveBackup\_internal\nicegui\elements\carousel.py
2026-08-16 21:11:38.375   Time stamp of our file: 2026-08-16 21:06:04.000
2026-08-16 21:11:38.375   Dest file exists.
2026-08-16 21:11:38.375   Time stamp of existing file: 2026-08-16 21:06:04.000
2026-08-16 21:11:38.375   Installing the file.
2026-08-16 21:11:38.380   Successfully installed the file.
2026-08-16 21:11:38.381   -- File entry --
2026-08-16 21:11:38.382   Dest filename: C:\Users\in15\AppData\Local\DriveBackup\_internal\nicegui\elements\carousel_slide.py
2026-08-16 21:11:38.383   Time stamp of our file: 2026-08-16 21:06:04.000
2026-08-16 21:11:38.383   Dest file exists.
2026-08-16 21:11:38.383   Time stamp of existing file: 2026-08-16 21:06:04.000
2026-08-16 21:11:38.383   Installing the file.
2026-08-16 21:11:38.389   Successfully installed the file.
2026-08-16 21:11:38.389   -- File entry --
2026-08-16 21:11:38.390   Dest filename: C:\Users\in15\AppData\Local\DriveBackup\_internal\nicegui\elements\chat_message.py
2026-08-16 21:11:38.391   Time stamp of our file: 2026-08-16 21:06:04.000
2026-08-16 21:11:38.391   Dest file exists.
2026-08-16 21:11:38.391   Time stamp of existing file: 2026-08-16 21:06:04.000
2026-08-16 21:11:38.391   Installing the file.
2026-08-16 21:11:38.396   Successfully installed the file.
2026-08-16 21:11:38.396   -- File entry --
2026-08-16 21:11:38.396   Dest filename: C:\Users\in15\AppData\Local\DriveBackup\_internal\nicegui\elements\checkbox.py
2026-08-16 21:11:38.396   Time stamp of our file: 2026-08-16 21:06:04.000
2026-08-16 21:11:38.396   Dest file exists.
2026-08-16 21:11:38.396   Time stamp of existing file: 2026-08-16 21:06:04.000
2026-08-16 21:11:38.396   Installing the file.
2026-08-16 21:11:38.401   Successfully installed the file.
2026-08-16 21:11:38.401   -- File entry --
2026-08-16 21:11:38.401   Dest filename: C:\Users\in15\AppData\Local\DriveBackup\_internal\nicegui\elements\chip.py
2026-08-16 21:11:38.401   Time stamp of our file: 2026-08-16 21:06:04.000
2026-08-16 21:11:38.401   Dest file exists.
2026-08-16 21:11:38.401   Time stamp of existing file: 2026-08-16 21:06:04.000
2026-08-16 21:11:38.401   Installing the file.
2026-08-16 21:11:38.409   Successfully installed the file.
2026-08-16 21:11:38.409   -- File entry --
2026-08-16 21:11:38.410   Dest filename: C:\Users\in15\AppData\Local\DriveBackup\_internal\nicegui\elements\choice_element.py
2026-08-16 21:11:38.410   Time stamp of our file: 2026-08-16 21:06:04.000
2026-08-16 21:11:38.410   Dest file exists.
2026-08-16 21:11:38.410   Time stamp of existing file: 2026-08-16 21:06:04.000
2026-08-16 21:11:38.410   Installing the file.
2026-08-16 21:11:38.415   Successfully installed the file.
2026-08-16 21:11:38.415   -- File entry --
2026-08-16 21:11:38.415   Dest filename: C:\Users\in15\AppData\Local\DriveBackup\_internal\nicegui\elements\code.js
2026-08-16 21:11:38.417   Time stamp of our file: 2026-08-16 21:06:04.000
2026-08-16 21:11:38.417   Dest file exists.
2026-08-16 21:11:38.417   Time stamp of existing file: 2026-08-16 21:06:04.000
2026-08-16 21:11:38.417   Installing the file.
2026-08-16 21:11:38.419   Successfully installed the file.
2026-08-16 21:11:38.419   -- File entry --
2026-08-16 21:11:38.419   Dest filename: C:\Users\in15\AppData\Local\DriveBackup\_internal\nicegui\elements\code.py
2026-08-16 21:11:38.419   Time stamp of our file: 2026-08-16 21:06:04.000
2026-08-16 21:11:38.419   Dest file exists.
2026-08-16 21:11:38.419   Time stamp of existing file: 2026-08-16 21:06:04.000
2026-08-16 21:11:38.419   Installing the file.
2026-08-16 21:11:38.424   Successfully installed the file.
2026-08-16 21:11:38.424   -- File entry --
2026-08-16 21:11:38.424   Dest filename: C:\Users\in15\AppData\Local\DriveBackup\_internal\nicegui\elements\colors.js
2026-08-16 21:11:38.428   Time stamp of our file: 2026-08-16 21:06:04.000
2026-08-16 21:11:38.428   Dest file exists.
2026-08-16 21:11:38.428   Time stamp of existing file: 2026-08-16 21:06:04.000
2026-08-16 21:11:38.428   Installing the file.
2026-08-16 21:11:38.435   Successfully installed the file.
2026-08-16 21:11:38.435   -- File entry --
2026-08-16 21:11:38.435   Dest filename: C:\Users\in15\AppData\Local\DriveBackup\_internal\nicegui\elements\colors.py
2026-08-16 21:11:38.436   Time stamp of our file: 2026-08-16 21:06:04.000
2026-08-16 21:11:38.436   Dest file exists.
2026-08-16 21:11:38.436   Time stamp of existing file: 2026-08-16 21:06:04.000
2026-08-16 21:11:38.436   Installing the file.
2026-08-16 21:11:38.441   Successfully installed the file.
2026-08-16 21:11:38.442   -- File entry --
2026-08-16 21:11:38.442   Dest filename: C:\Users\in15\AppData\Local\DriveBackup\_internal\nicegui\elements\color_input.py
2026-08-16 21:11:38.443   Time stamp of our file: 2026-08-16 21:06:04.000
2026-08-16 21:11:38.443   Dest file exists.
2026-08-16 21:11:38.443   Time stamp of existing file: 2026-08-16 21:06:04.000
2026-08-16 21:11:38.443   Installing the file.
2026-08-16 21:11:38.448   Successfully installed the file.
2026-08-16 21:11:38.448   -- File entry --
2026-08-16 21:11:38.448   Dest filename: C:\Users\in15\AppData\Local\DriveBackup\_internal\nicegui\elements\color_picker.py
2026-08-16 21:11:38.449   Time stamp of our file: 2026-08-16 21:06:04.000
2026-08-16 21:11:38.449   Dest file exists.
2026-08-16 21:11:38.449   Time stamp of existing file: 2026-08-16 21:06:04.000
2026-08-16 21:11:38.449   Installing the file.
2026-08-16 21:11:38.452   Successfully installed the file.
2026-08-16 21:11:38.454   -- File entry --
2026-08-16 21:11:38.454   Dest filename: C:\Users\in15\AppData\Local\DriveBackup\_internal\nicegui\elements\column.py
2026-08-16 21:11:38.454   Time stamp of our file: 2026-08-16 21:06:04.000
2026-08-16 21:11:38.454   Dest file exists.
2026-08-16 21:11:38.454   Time stamp of existing file: 2026-08-16 21:06:04.000
2026-08-16 21:11:38.454   Installing the file.
2026-08-16 21:11:38.459   Successfully installed the file.
2026-08-16 21:11:38.459   -- File entry --
2026-08-16 21:11:38.461   Dest filename: C:\Users\in15\AppData\Local\DriveBackup\_internal\nicegui\elements\context_menu.py
2026-08-16 21:11:38.461   Time stamp of our file: 2026-08-16 21:06:04.000
2026-08-16 21:11:38.461   Dest file exists.
2026-08-16 21:11:38.461   Time stamp of existing file: 2026-08-16 21:06:04.000
2026-08-16 21:11:38.461   Installing the file.
2026-08-16 21:11:38.469   Successfully installed the file.
2026-08-16 21:11:38.469   -- File entry --
2026-08-16 21:11:38.469   Dest filename: C:\Users\in15\AppData\Local\DriveBackup\_internal\nicegui\elements\dark_mode.js
2026-08-16 21:11:38.470   Time stamp of our file: 2026-08-16 21:06:04.000
2026-08-16 21:11:38.470   Dest file exists.
2026-08-16 21:11:38.470   Time stamp of existing file: 2026-08-16 21:06:04.000
2026-08-16 21:11:38.470   Installing the file.
2026-08-16 21:11:38.474   Successfully installed the file.
2026-08-16 21:11:38.474   -- File entry --
2026-08-16 21:11:38.475   Dest filename: C:\Users\in15\AppData\Local\DriveBackup\_internal\nicegui\elements\dark_mode.py
2026-08-16 21:11:38.475   Time stamp of our file: 2026-08-16 21:06:04.000
2026-08-16 21:11:38.475   Dest file exists.
2026-08-16 21:11:38.475   Time stamp of existing file: 2026-08-16 21:06:04.000
2026-08-16 21:11:38.476   Installing the file.
2026-08-16 21:11:38.480   Successfully installed the file.
2026-08-16 21:11:38.481   -- File entry --
2026-08-16 21:11:38.481   Dest filename: C:\Users\in15\AppData\Local\DriveBackup\_internal\nicegui\elements\date.py
2026-08-16 21:11:38.482   Time stamp of our file: 2026-08-16 21:06:04.000
2026-08-16 21:11:38.482   Dest file exists.
2026-08-16 21:11:38.482   Time stamp of existing file: 2026-08-16 21:06:04.000
2026-08-16 21:11:38.482   Installing the file.
2026-08-16 21:11:38.488   Successfully installed the file.
2026-08-16 21:11:38.488   -- File entry --
2026-08-16 21:11:38.488   Dest filename: C:\Users\in15\AppData\Local\DriveBackup\_internal\nicegui\elements\date_input.py
2026-08-16 21:11:38.488   Time stamp of our file: 2026-08-16 21:06:04.000
2026-08-16 21:11:38.488   Dest file exists.
2026-08-16 21:11:38.488   Time stamp of existing file: 2026-08-16 21:06:04.000
2026-08-16 21:11:38.488   Installing the file.
2026-08-16 21:11:38.494   Successfully installed the file.
2026-08-16 21:11:38.496   -- File entry --
2026-08-16 21:11:38.496   Dest filename: C:\Users\in15\AppData\Local\DriveBackup\_internal\nicegui\elements\dialog.js
2026-08-16 21:11:38.497   Time stamp of our file: 2026-08-16 21:06:04.000
2026-08-16 21:11:38.497   Dest file exists.
2026-08-16 21:11:38.497   Time stamp of existing file: 2026-08-16 21:06:04.000
2026-08-16 21:11:38.497   Installing the file.
2026-08-16 21:11:38.502   Successfully installed the file.
2026-08-16 21:11:38.502   -- File entry --
2026-08-16 21:11:38.503   Dest filename: C:\Users\in15\AppData\Local\DriveBackup\_internal\nicegui\elements\dialog.py
2026-08-16 21:11:38.503   Time stamp of our file: 2026-08-16 21:06:04.000
2026-08-16 21:11:38.503   Dest file exists.
2026-08-16 21:11:38.503   Time stamp of existing file: 2026-08-16 21:06:04.000
2026-08-16 21:11:38.503   Installing the file.
2026-08-16 21:11:38.506   Successfully installed the file.
2026-08-16 21:11:38.507   -- File entry --
2026-08-16 21:11:38.507   Dest filename: C:\Users\in15\AppData\Local\DriveBackup\_internal\nicegui\elements\drawer.py
2026-08-16 21:11:38.507   Time stamp of our file: 2026-08-16 21:06:04.000
2026-08-16 21:11:38.507   Dest file exists.
2026-08-16 21:11:38.507   Time stamp of existing file: 2026-08-16 21:06:04.000
2026-08-16 21:11:38.507   Installing the file.
2026-08-16 21:11:38.511   Successfully installed the file.
2026-08-16 21:11:38.511   -- File entry --
2026-08-16 21:11:38.512   Dest filename: C:\Users\in15\AppData\Local\DriveBackup\_internal\nicegui\elements\editor.js
2026-08-16 21:11:38.512   Time stamp of our file: 2026-08-16 21:06:04.000
2026-08-16 21:11:38.512   Dest file exists.
2026-08-16 21:11:38.513   Time stamp of existing file: 2026-08-16 21:06:04.000
2026-08-16 21:11:38.513   Installing the file.
2026-08-16 21:11:38.518   Successfully installed the file.
2026-08-16 21:11:38.518   -- File entry --
2026-08-16 21:11:38.520   Dest filename: C:\Users\in15\AppData\Local\DriveBackup\_internal\nicegui\elements\editor.py
2026-08-16 21:11:38.520   Time stamp of our file: 2026-08-16 21:06:04.000
2026-08-16 21:11:38.520   Dest file exists.
2026-08-16 21:11:38.520   Time stamp of existing file: 2026-08-16 21:06:04.000
2026-08-16 21:11:38.520   Installing the file.
2026-08-16 21:11:38.524   Successfully installed the file.
2026-08-16 21:11:38.524   -- File entry --
2026-08-16 21:11:38.524   Dest filename: C:\Users\in15\AppData\Local\DriveBackup\_internal\nicegui\elements\expansion.js
2026-08-16 21:11:38.524   Time stamp of our file: 2026-08-16 21:06:04.000
2026-08-16 21:11:38.524   Dest file exists.
2026-08-16 21:11:38.524   Time stamp of existing file: 2026-08-16 21:06:04.000
2026-08-16 21:11:38.527   Installing the file.
2026-08-16 21:11:38.531   Successfully installed the file.
2026-08-16 21:11:38.531   -- File entry --
2026-08-16 21:11:38.532   Dest filename: C:\Users\in15\AppData\Local\DriveBackup\_internal\nicegui\elements\expansion.py
2026-08-16 21:11:38.532   Time stamp of our file: 2026-08-16 21:06:04.000
2026-08-16 21:11:38.532   Dest file exists.
2026-08-16 21:11:38.533   Time stamp of existing file: 2026-08-16 21:06:04.000
2026-08-16 21:11:38.533   Installing the file.
2026-08-16 21:11:38.539   Successfully installed the file.
2026-08-16 21:11:38.539   -- File entry --
2026-08-16 21:11:38.539   Dest filename: C:\Users\in15\AppData\Local\DriveBackup\_internal\nicegui\elements\fab.py
2026-08-16 21:11:38.540   Time stamp of our file: 2026-08-16 21:06:04.000
2026-08-16 21:11:38.540   Dest file exists.
2026-08-16 21:11:38.540   Time stamp of existing file: 2026-08-16 21:06:04.000
2026-08-16 21:11:38.540   Installing the file.
2026-08-16 21:11:38.545   Successfully installed the file.
2026-08-16 21:11:38.546   -- File entry --
2026-08-16 21:11:38.546   Dest filename: C:\Users\in15\AppData\Local\DriveBackup\_internal\nicegui\elements\footer.py
2026-08-16 21:11:38.547   Time stamp of our file: 2026-08-16 21:06:04.000
2026-08-16 21:11:38.547   Dest file exists.
2026-08-16 21:11:38.547   Time stamp of existing file: 2026-08-16 21:06:04.000
2026-08-16 21:11:38.547   Installing the file.
2026-08-16 21:11:38.551   Successfully installed the file.
2026-08-16 21:11:38.551   -- File entry --
2026-08-16 21:11:38.552   Dest filename: C:\Users\in15\AppData\Local\DriveBackup\_internal\nicegui\elements\fullscreen.js
2026-08-16 21:11:38.552   Time stamp of our file: 2026-08-16 21:06:04.000
2026-08-16 21:11:38.552   Dest file exists.
2026-08-16 21:11:38.553   Time stamp of existing file: 2026-08-16 21:06:04.000
2026-08-16 21:11:38.553   Installing the file.
2026-08-16 21:11:38.557   Successfully installed the file.
2026-08-16 21:11:38.558   -- File entry --
2026-08-16 21:11:38.558   Dest filename: C:\Users\in15\AppData\Local\DriveBackup\_internal\nicegui\elements\fullscreen.py
2026-08-16 21:11:38.559   Time stamp of our file: 2026-08-16 21:06:04.000
2026-08-16 21:11:38.559   Dest file exists.
2026-08-16 21:11:38.559   Time stamp of existing file: 2026-08-16 21:06:04.000
2026-08-16 21:11:38.559   Installing the file.
2026-08-16 21:11:38.563   Successfully installed the file.
2026-08-16 21:11:38.565   -- File entry --
2026-08-16 21:11:38.565   Dest filename: C:\Users\in15\AppData\Local\DriveBackup\_internal\nicegui\elements\grid.py
2026-08-16 21:11:38.565   Time stamp of our file: 2026-08-16 21:06:04.000
2026-08-16 21:11:38.565   Dest file exists.
2026-08-16 21:11:38.565   Time stamp of existing file: 2026-08-16 21:06:04.000
2026-08-16 21:11:38.565   Installing the file.
2026-08-16 21:11:38.569   Successfully installed the file.
2026-08-16 21:11:38.569   -- File entry --
2026-08-16 21:11:38.569   Dest filename: C:\Users\in15\AppData\Local\DriveBackup\_internal\nicegui\elements\header.js
2026-08-16 21:11:38.571   Time stamp of our file: 2026-08-16 21:06:04.000
2026-08-16 21:11:38.571   Dest file exists.
2026-08-16 21:11:38.571   Time stamp of existing file: 2026-08-16 21:06:04.000
2026-08-16 21:11:38.571   Installing the file.
2026-08-16 21:11:38.571   Successfully installed the file.
2026-08-16 21:11:38.571   -- File entry --
2026-08-16 21:11:38.571   Dest filename: C:\Users\in15\AppData\Local\DriveBackup\_internal\nicegui\elements\header.py
2026-08-16 21:11:38.571   Time stamp of our file: 2026-08-16 21:06:04.000
2026-08-16 21:11:38.571   Dest file exists.
2026-08-16 21:11:38.571   Time stamp of existing file: 2026-08-16 21:06:04.000
2026-08-16 21:11:38.571   Installing the file.
2026-08-16 21:11:38.580   Successfully installed the file.
2026-08-16 21:11:38.582   -- File entry --
2026-08-16 21:11:38.582   Dest filename: C:\Users\in15\AppData\Local\DriveBackup\_internal\nicegui\elements\highchart.py
2026-08-16 21:11:38.582   Time stamp of our file: 2026-08-16 21:06:04.000
2026-08-16 21:11:38.582   Dest file exists.
2026-08-16 21:11:38.582   Time stamp of existing file: 2026-08-16 21:06:04.000
2026-08-16 21:11:38.582   Installing the file.
2026-08-16 21:11:38.584   Successfully installed the file.
2026-08-16 21:11:38.584   -- File entry --
2026-08-16 21:11:38.584   Dest filename: C:\Users\in15\AppData\Local\DriveBackup\_internal\nicegui\elements\html.js
2026-08-16 21:11:38.584   Time stamp of our file: 2026-08-16 21:06:04.000
2026-08-16 21:11:38.584   Dest file exists.
2026-08-16 21:11:38.584   Time stamp of existing file: 2026-08-16 21:06:04.000
2026-08-16 21:11:38.584   Installing the file.
2026-08-16 21:11:38.594   Successfully installed the file.
2026-08-16 21:11:38.594   -- File entry --
2026-08-16 21:11:38.594   Dest filename: C:\Users\in15\AppData\Local\DriveBackup\_internal\nicegui\elements\html.py
2026-08-16 21:11:38.596   Time stamp of our file: 2026-08-16 21:06:04.000
2026-08-16 21:11:38.596   Dest file exists.
2026-08-16 21:11:38.596   Time stamp of existing file: 2026-08-16 21:06:04.000
2026-08-16 21:11:38.597   Installing the file.
2026-08-16 21:11:38.601   Successfully installed the file.
2026-08-16 21:11:38.601   -- File entry --
2026-08-16 21:11:38.601   Dest filename: C:\Users\in15\AppData\Local\DriveBackup\_internal\nicegui\elements\icon.py
2026-08-16 21:11:38.602   Time stamp of our file: 2026-08-16 21:06:04.000
2026-08-16 21:11:38.602   Dest file exists.
2026-08-16 21:11:38.602   Time stamp of existing file: 2026-08-16 21:06:04.000
2026-08-16 21:11:38.602   Installing the file.
2026-08-16 21:11:38.607   Successfully installed the file.
2026-08-16 21:11:38.607   -- File entry --
2026-08-16 21:11:38.607   Dest filename: C:\Users\in15\AppData\Local\DriveBackup\_internal\nicegui\elements\image.js
2026-08-16 21:11:38.608   Time stamp of our file: 2026-08-16 21:06:04.000
2026-08-16 21:11:38.608   Dest file exists.
2026-08-16 21:11:38.608   Time stamp of existing file: 2026-08-16 21:06:04.000
2026-08-16 21:11:38.608   Installing the file.
2026-08-16 21:11:38.612   Successfully installed the file.
2026-08-16 21:11:38.612   -- File entry --
2026-08-16 21:11:38.613   Dest filename: C:\Users\in15\AppData\Local\DriveBackup\_internal\nicegui\elements\image.py
2026-08-16 21:11:38.613   Time stamp of our file: 2026-08-16 21:06:04.000
2026-08-16 21:11:38.613   Dest file exists.
2026-08-16 21:11:38.613   Time stamp of existing file: 2026-08-16 21:06:04.000
2026-08-16 21:11:38.613   Installing the file.
2026-08-16 21:11:38.619   Successfully installed the file.
2026-08-16 21:11:38.619   -- File entry --
2026-08-16 21:11:38.620   Dest filename: C:\Users\in15\AppData\Local\DriveBackup\_internal\nicegui\elements\input.js
2026-08-16 21:11:38.620   Time stamp of our file: 2026-08-16 21:06:04.000
2026-08-16 21:11:38.620   Dest file exists.
2026-08-16 21:11:38.621   Time stamp of existing file: 2026-08-16 21:06:04.000
2026-08-16 21:11:38.621   Installing the file.
2026-08-16 21:11:38.625   Successfully installed the file.
2026-08-16 21:11:38.625   -- File entry --
2026-08-16 21:11:38.626   Dest filename: C:\Users\in15\AppData\Local\DriveBackup\_internal\nicegui\elements\input.py
2026-08-16 21:11:38.626   Time stamp of our file: 2026-08-16 21:06:04.000
2026-08-16 21:11:38.626   Dest file exists.
2026-08-16 21:11:38.627   Time stamp of existing file: 2026-08-16 21:06:04.000
2026-08-16 21:11:38.627   Installing the file.
2026-08-16 21:11:38.632   Successfully installed the file.
2026-08-16 21:11:38.632   -- File entry --
2026-08-16 21:11:38.632   Dest filename: C:\Users\in15\AppData\Local\DriveBackup\_internal\nicegui\elements\input_chips.py
2026-08-16 21:11:38.634   Time stamp of our file: 2026-08-16 21:06:04.000
2026-08-16 21:11:38.634   Dest file exists.
2026-08-16 21:11:38.634   Time stamp of existing file: 2026-08-16 21:06:04.000
2026-08-16 21:11:38.634   Installing the file.
2026-08-16 21:11:38.638   Successfully installed the file.
2026-08-16 21:11:38.638   -- File entry --
2026-08-16 21:11:38.640   Dest filename: C:\Users\in15\AppData\Local\DriveBackup\_internal\nicegui\elements\interactive_image.js
2026-08-16 21:11:38.640   Time stamp of our file: 2026-08-16 21:06:04.000
2026-08-16 21:11:38.640   Dest file exists.
2026-08-16 21:11:38.640   Time stamp of existing file: 2026-08-16 21:06:04.000
2026-08-16 21:11:38.640   Installing the file.
2026-08-16 21:11:38.645   Successfully installed the file.
2026-08-16 21:11:38.645   -- File entry --
2026-08-16 21:11:38.645   Dest filename: C:\Users\in15\AppData\Local\DriveBackup\_internal\nicegui\elements\interactive_image.py
2026-08-16 21:11:38.647   Time stamp of our file: 2026-08-16 21:06:04.000
2026-08-16 21:11:38.647   Dest file exists.
2026-08-16 21:11:38.647   Time stamp of existing file: 2026-08-16 21:06:04.000
2026-08-16 21:11:38.647   Installing the file.
2026-08-16 21:11:38.656   Successfully installed the file.
2026-08-16 21:11:38.656   -- File entry --
2026-08-16 21:11:38.656   Dest filename: C:\Users\in15\AppData\Local\DriveBackup\_internal\nicegui\elements\item.py
2026-08-16 21:11:38.656   Time stamp of our file: 2026-08-16 21:06:04.000
2026-08-16 21:11:38.656   Dest file exists.
2026-08-16 21:11:38.658   Time stamp of existing file: 2026-08-16 21:06:04.000
2026-08-16 21:11:38.658   Installing the file.
2026-08-16 21:11:38.664   Successfully installed the file.
2026-08-16 21:11:38.664   -- File entry --
2026-08-16 21:11:38.665   Dest filename: C:\Users\in15\AppData\Local\DriveBackup\_internal\nicegui\elements\keep_alive.py
2026-08-16 21:11:38.665   Time stamp of our file: 2026-08-16 21:06:04.000
2026-08-16 21:11:38.665   Dest file exists.
2026-08-16 21:11:38.666   Time stamp of existing file: 2026-08-16 21:06:04.000
2026-08-16 21:11:38.666   Installing the file.
2026-08-16 21:11:38.671   Successfully installed the file.
2026-08-16 21:11:38.671   -- File entry --
2026-08-16 21:11:38.672   Dest filename: C:\Users\in15\AppData\Local\DriveBackup\_internal\nicegui\elements\keep_alive_anchor.js
2026-08-16 21:11:38.672   Time stamp of our file: 2026-08-16 21:06:04.000
2026-08-16 21:11:38.672   Dest file exists.
2026-08-16 21:11:38.673   Time stamp of existing file: 2026-08-16 21:06:04.000
2026-08-16 21:11:38.673   Installing the file.
2026-08-16 21:11:38.677   Successfully installed the file.
2026-08-16 21:11:38.677   -- File entry --
2026-08-16 21:11:38.678   Dest filename: C:\Users\in15\AppData\Local\DriveBackup\_internal\nicegui\elements\keep_alive_host.js
2026-08-16 21:11:38.678   Time stamp of our file: 2026-08-16 21:06:04.000
2026-08-16 21:11:38.678   Dest file exists.
2026-08-16 21:11:38.679   Time stamp of existing file: 2026-08-16 21:06:04.000
2026-08-16 21:11:38.679   Installing the file.
2026-08-16 21:11:38.685   Successfully installed the file.
2026-08-16 21:11:38.685   -- File entry --
2026-08-16 21:11:38.687   Dest filename: C:\Users\in15\AppData\Local\DriveBackup\_internal\nicegui\elements\keyboard.js
2026-08-16 21:11:38.687   Time stamp of our file: 2026-08-16 21:06:04.000
2026-08-16 21:11:38.687   Dest file exists.
2026-08-16 21:11:38.687   Time stamp of existing file: 2026-08-16 21:06:04.000
2026-08-16 21:11:38.687   Installing the file.
2026-08-16 21:11:38.693   Successfully installed the file.
2026-08-16 21:11:38.693   -- File entry --
2026-08-16 21:11:38.693   Dest filename: C:\Users\in15\AppData\Local\DriveBackup\_internal\nicegui\elements\keyboard.py
2026-08-16 21:11:38.693   Time stamp of our file: 2026-08-16 21:06:04.000
2026-08-16 21:11:38.693   Dest file exists.
2026-08-16 21:11:38.693   Time stamp of existing file: 2026-08-16 21:06:04.000
2026-08-16 21:11:38.695   Installing the file.
2026-08-16 21:11:38.699   Successfully installed the file.
2026-08-16 21:11:38.700   -- File entry --
2026-08-16 21:11:38.700   Dest filename: C:\Users\in15\AppData\Local\DriveBackup\_internal\nicegui\elements\knob.py
2026-08-16 21:11:38.701   Time stamp of our file: 2026-08-16 21:06:04.000
2026-08-16 21:11:38.701   Dest file exists.
2026-08-16 21:11:38.701   Time stamp of existing file: 2026-08-16 21:06:04.000
2026-08-16 21:11:38.701   Installing the file.
2026-08-16 21:11:38.705   Successfully installed the file.
2026-08-16 21:11:38.705   -- File entry --
2026-08-16 21:11:38.706   Dest filename: C:\Users\in15\AppData\Local\DriveBackup\_internal\nicegui\elements\label.py
2026-08-16 21:11:38.706   Time stamp of our file: 2026-08-16 21:06:04.000
2026-08-16 21:11:38.706   Dest file exists.
2026-08-16 21:11:38.706   Time stamp of existing file: 2026-08-16 21:06:04.000
2026-08-16 21:11:38.707   Installing the file.
2026-08-16 21:11:38.711   Successfully installed the file.
2026-08-16 21:11:38.711   -- File entry --
2026-08-16 21:11:38.711   Dest filename: C:\Users\in15\AppData\Local\DriveBackup\_internal\nicegui\elements\line_plot.py
2026-08-16 21:11:38.712   Time stamp of our file: 2026-08-16 21:06:04.000
2026-08-16 21:11:38.712   Dest file exists.
2026-08-16 21:11:38.712   Time stamp of existing file: 2026-08-16 21:06:04.000
2026-08-16 21:11:38.713   Installing the file.
2026-08-16 21:11:38.725   Successfully installed the file.
2026-08-16 21:11:38.725   -- File entry --
2026-08-16 21:11:38.727   Dest filename: C:\Users\in15\AppData\Local\DriveBackup\_internal\nicegui\elements\link.js
2026-08-16 21:11:38.727   Time stamp of our file: 2026-08-16 21:06:04.000
2026-08-16 21:11:38.727   Dest file exists.
2026-08-16 21:11:38.730   Time stamp of existing file: 2026-08-16 21:06:04.000
2026-08-16 21:11:38.730   Installing the file.
2026-08-16 21:11:38.737   Successfully installed the file.
2026-08-16 21:11:38.740   -- File entry --
2026-08-16 21:11:38.741   Dest filename: C:\Users\in15\AppData\Local\DriveBackup\_internal\nicegui\elements\link.py
2026-08-16 21:11:38.741   Time stamp of our file: 2026-08-16 21:06:04.000
2026-08-16 21:11:38.741   Dest file exists.
2026-08-16 21:11:38.742   Time stamp of existing file: 2026-08-16 21:06:04.000
2026-08-16 21:11:38.742   Installing the file.
2026-08-16 21:11:38.749   Successfully installed the file.
2026-08-16 21:11:38.750   -- File entry --
2026-08-16 21:11:38.750   Dest filename: C:\Users\in15\AppData\Local\DriveBackup\_internal\nicegui\elements\list.py
2026-08-16 21:11:38.751   Time stamp of our file: 2026-08-16 21:06:04.000
2026-08-16 21:11:38.751   Dest file exists.
2026-08-16 21:11:38.751   Time stamp of existing file: 2026-08-16 21:06:04.000
2026-08-16 21:11:38.751   Installing the file.
2026-08-16 21:11:38.763   Successfully installed the file.
2026-08-16 21:11:38.763   -- File entry --
2026-08-16 21:11:38.765   Dest filename: C:\Users\in15\AppData\Local\DriveBackup\_internal\nicegui\elements\log.js
2026-08-16 21:11:38.765   Time stamp of our file: 2026-08-16 21:06:04.000
2026-08-16 21:11:38.765   Dest file exists.
2026-08-16 21:11:38.767   Time stamp of existing file: 2026-08-16 21:06:04.000
2026-08-16 21:11:38.767   Installing the file.
2026-08-16 21:11:38.780   Successfully installed the file.
2026-08-16 21:11:38.780   -- File entry --
2026-08-16 21:11:38.780   Dest filename: C:\Users\in15\AppData\Local\DriveBackup\_internal\nicegui\elements\log.py
2026-08-16 21:11:38.780   Time stamp of our file: 2026-08-16 21:06:04.000
2026-08-16 21:11:38.780   Dest file exists.
2026-08-16 21:11:38.780   Time stamp of existing file: 2026-08-16 21:06:04.000
2026-08-16 21:11:38.782   Installing the file.
2026-08-16 21:11:38.794   Successfully installed the file.
2026-08-16 21:11:38.794   -- File entry --
2026-08-16 21:11:38.798   Dest filename: C:\Users\in15\AppData\Local\DriveBackup\_internal\nicegui\elements\markdown.js
2026-08-16 21:11:38.798   Time stamp of our file: 2026-08-16 21:06:04.000
2026-08-16 21:11:38.799   Dest file exists.
2026-08-16 21:11:38.799   Time stamp of existing file: 2026-08-16 21:06:04.000
2026-08-16 21:11:38.799   Installing the file.
2026-08-16 21:11:38.805   Successfully installed the file.
2026-08-16 21:11:38.805   -- File entry --
2026-08-16 21:11:38.805   Dest filename: C:\Users\in15\AppData\Local\DriveBackup\_internal\nicegui\elements\markdown.py
2026-08-16 21:11:38.807   Time stamp of our file: 2026-08-16 21:06:04.000
2026-08-16 21:11:38.807   Dest file exists.
2026-08-16 21:11:38.807   Time stamp of existing file: 2026-08-16 21:06:04.000
2026-08-16 21:11:38.807   Installing the file.
2026-08-16 21:11:38.815   Successfully installed the file.
2026-08-16 21:11:38.815   -- File entry --
2026-08-16 21:11:38.815   Dest filename: C:\Users\in15\AppData\Local\DriveBackup\_internal\nicegui\elements\menu.py
2026-08-16 21:11:38.817   Time stamp of our file: 2026-08-16 21:06:04.000
2026-08-16 21:11:38.817   Dest file exists.
2026-08-16 21:11:38.817   Time stamp of existing file: 2026-08-16 21:06:04.000
2026-08-16 21:11:38.817   Installing the file.
2026-08-16 21:11:38.828   Successfully installed the file.
2026-08-16 21:11:38.828   -- File entry --
2026-08-16 21:11:38.828   Dest filename: C:\Users\in15\AppData\Local\DriveBackup\_internal\nicegui\elements\notification.js
2026-08-16 21:11:38.830   Time stamp of our file: 2026-08-16 21:06:06.000
2026-08-16 21:11:38.830   Dest file exists.
2026-08-16 21:11:38.830   Time stamp of existing file: 2026-08-16 21:06:06.000
2026-08-16 21:11:38.830   Installing the file.
2026-08-16 21:11:38.836   Successfully installed the file.
2026-08-16 21:11:38.836   -- File entry --
2026-08-16 21:11:38.836   Dest filename: C:\Users\in15\AppData\Local\DriveBackup\_internal\nicegui\elements\notification.py
2026-08-16 21:11:38.837   Time stamp of our file: 2026-08-16 21:06:06.000
2026-08-16 21:11:38.837   Dest file exists.
2026-08-16 21:11:38.837   Time stamp of existing file: 2026-08-16 21:06:06.000
2026-08-16 21:11:38.837   Installing the file.
2026-08-16 21:11:38.842   Successfully installed the file.
2026-08-16 21:11:38.842   -- File entry --
2026-08-16 21:11:38.842   Dest filename: C:\Users\in15\AppData\Local\DriveBackup\_internal\nicegui\elements\number.py
2026-08-16 21:11:38.843   Time stamp of our file: 2026-08-16 21:06:06.000
2026-08-16 21:11:38.843   Dest file exists.
2026-08-16 21:11:38.843   Time stamp of existing file: 2026-08-16 21:06:06.000
2026-08-16 21:11:38.843   Installing the file.
2026-08-16 21:11:38.850   Successfully installed the file.
2026-08-16 21:11:38.850   -- File entry --
2026-08-16 21:11:38.850   Dest filename: C:\Users\in15\AppData\Local\DriveBackup\_internal\nicegui\elements\page_scroller.py
2026-08-16 21:11:38.850   Time stamp of our file: 2026-08-16 21:06:06.000
2026-08-16 21:11:38.850   Dest file exists.
2026-08-16 21:11:38.852   Time stamp of existing file: 2026-08-16 21:06:06.000
2026-08-16 21:11:38.852   Installing the file.
2026-08-16 21:11:38.857   Successfully installed the file.
2026-08-16 21:11:38.857   -- File entry --
2026-08-16 21:11:38.857   Dest filename: C:\Users\in15\AppData\Local\DriveBackup\_internal\nicegui\elements\page_sticky.py
2026-08-16 21:11:38.857   Time stamp of our file: 2026-08-16 21:06:06.000
2026-08-16 21:11:38.857   Dest file exists.
2026-08-16 21:11:38.857   Time stamp of existing file: 2026-08-16 21:06:06.000
2026-08-16 21:11:38.857   Installing the file.
2026-08-16 21:11:38.859   Successfully installed the file.
2026-08-16 21:11:38.859   -- File entry --
2026-08-16 21:11:38.859   Dest filename: C:\Users\in15\AppData\Local\DriveBackup\_internal\nicegui\elements\pagination.py
2026-08-16 21:11:38.863   Time stamp of our file: 2026-08-16 21:06:06.000
2026-08-16 21:11:38.863   Dest file exists.
2026-08-16 21:11:38.864   Time stamp of existing file: 2026-08-16 21:06:06.000
2026-08-16 21:11:38.864   Installing the file.
2026-08-16 21:11:38.868   Successfully installed the file.
2026-08-16 21:11:38.869   -- File entry --
2026-08-16 21:11:38.869   Dest filename: C:\Users\in15\AppData\Local\DriveBackup\_internal\nicegui\elements\parallax.py
2026-08-16 21:11:38.870   Time stamp of our file: 2026-08-16 21:06:06.000
2026-08-16 21:11:38.870   Dest file exists.
2026-08-16 21:11:38.870   Time stamp of existing file: 2026-08-16 21:06:06.000
2026-08-16 21:11:38.870   Installing the file.
2026-08-16 21:11:38.874   Successfully installed the file.
2026-08-16 21:11:38.875   -- File entry --
2026-08-16 21:11:38.875   Dest filename: C:\Users\in15\AppData\Local\DriveBackup\_internal\nicegui\elements\popup.py
2026-08-16 21:11:38.876   Time stamp of our file: 2026-08-16 21:06:06.000
2026-08-16 21:11:38.876   Dest file exists.
2026-08-16 21:11:38.876   Time stamp of existing file: 2026-08-16 21:06:06.000
2026-08-16 21:11:38.876   Installing the file.
2026-08-16 21:11:38.882   Successfully installed the file.
2026-08-16 21:11:38.882   -- File entry --
2026-08-16 21:11:38.883   Dest filename: C:\Users\in15\AppData\Local\DriveBackup\_internal\nicegui\elements\progress.py
2026-08-16 21:11:38.884   Time stamp of our file: 2026-08-16 21:06:06.000
2026-08-16 21:11:38.884   Dest file exists.
2026-08-16 21:11:38.885   Time stamp of existing file: 2026-08-16 21:06:06.000
2026-08-16 21:11:38.885   Installing the file.
2026-08-16 21:11:38.889   Successfully installed the file.
2026-08-16 21:11:38.889   -- File entry --
2026-08-16 21:11:38.889   Dest filename: C:\Users\in15\AppData\Local\DriveBackup\_internal\nicegui\elements\pyplot.py
2026-08-16 21:11:38.892   Time stamp of our file: 2026-08-16 21:06:06.000
2026-08-16 21:11:38.892   Dest file exists.
2026-08-16 21:11:38.892   Time stamp of existing file: 2026-08-16 21:06:06.000
2026-08-16 21:11:38.892   Installing the file.
2026-08-16 21:11:38.898   Successfully installed the file.
2026-08-16 21:11:38.898   -- File entry --
2026-08-16 21:11:38.899   Dest filename: C:\Users\in15\AppData\Local\DriveBackup\_internal\nicegui\elements\query.js
2026-08-16 21:11:38.900   Time stamp of our file: 2026-08-16 21:06:06.000
2026-08-16 21:11:38.900   Dest file exists.
2026-08-16 21:11:38.900   Time stamp of existing file: 2026-08-16 21:06:06.000
2026-08-16 21:11:38.900   Installing the file.
2026-08-16 21:11:38.905   Successfully installed the file.
2026-08-16 21:11:38.905   -- File entry --
2026-08-16 21:11:38.906   Dest filename: C:\Users\in15\AppData\Local\DriveBackup\_internal\nicegui\elements\query.py
2026-08-16 21:11:38.906   Time stamp of our file: 2026-08-16 21:06:06.000
2026-08-16 21:11:38.906   Dest file exists.
2026-08-16 21:11:38.906   Time stamp of existing file: 2026-08-16 21:06:06.000
2026-08-16 21:11:38.907   Installing the file.
2026-08-16 21:11:38.912   Successfully installed the file.
2026-08-16 21:11:38.913   -- File entry --
2026-08-16 21:11:38.914   Dest filename: C:\Users\in15\AppData\Local\DriveBackup\_internal\nicegui\elements\radio.py
2026-08-16 21:11:38.914   Time stamp of our file: 2026-08-16 21:06:06.000
2026-08-16 21:11:38.914   Dest file exists.
2026-08-16 21:11:38.915   Time stamp of existing file: 2026-08-16 21:06:06.000
2026-08-16 21:11:38.915   Installing the file.
2026-08-16 21:11:38.919   Successfully installed the file.
2026-08-16 21:11:38.919   -- File entry --
2026-08-16 21:11:38.920   Dest filename: C:\Users\in15\AppData\Local\DriveBackup\_internal\nicegui\elements\range.py
2026-08-16 21:11:38.920   Time stamp of our file: 2026-08-16 21:06:06.000
2026-08-16 21:11:38.920   Dest file exists.
2026-08-16 21:11:38.921   Time stamp of existing file: 2026-08-16 21:06:06.000
2026-08-16 21:11:38.921   Installing the file.
2026-08-16 21:11:38.925   Successfully installed the file.
2026-08-16 21:11:38.925   -- File entry --
2026-08-16 21:11:38.926   Dest filename: C:\Users\in15\AppData\Local\DriveBackup\_internal\nicegui\elements\rating.py
2026-08-16 21:11:38.926   Time stamp of our file: 2026-08-16 21:06:06.000
2026-08-16 21:11:38.926   Dest file exists.
2026-08-16 21:11:38.926   Time stamp of existing file: 2026-08-16 21:06:06.000
2026-08-16 21:11:38.927   Installing the file.
2026-08-16 21:11:38.937   Successfully installed the file.
2026-08-16 21:11:38.938   -- File entry --
2026-08-16 21:11:38.938   Dest filename: C:\Users\in15\AppData\Local\DriveBackup\_internal\nicegui\elements\restructured_text.py
2026-08-16 21:11:38.939   Time stamp of our file: 2026-08-16 21:06:06.000
2026-08-16 21:11:38.939   Dest file exists.
2026-08-16 21:11:38.939   Time stamp of existing file: 2026-08-16 21:06:06.000
2026-08-16 21:11:38.939   Installing the file.
2026-08-16 21:11:38.943   Successfully installed the file.
2026-08-16 21:11:38.944   -- File entry --
2026-08-16 21:11:38.944   Dest filename: C:\Users\in15\AppData\Local\DriveBackup\_internal\nicegui\elements\row.py
2026-08-16 21:11:38.945   Time stamp of our file: 2026-08-16 21:06:06.000
2026-08-16 21:11:38.945   Dest file exists.
2026-08-16 21:11:38.945   Time stamp of existing file: 2026-08-16 21:06:06.000
2026-08-16 21:11:38.945   Installing the file.
2026-08-16 21:11:38.951   Successfully installed the file.
2026-08-16 21:11:38.951   -- File entry --
2026-08-16 21:11:38.952   Dest filename: C:\Users\in15\AppData\Local\DriveBackup\_internal\nicegui\elements\scroll_area.py
2026-08-16 21:11:38.952   Time stamp of our file: 2026-08-16 21:06:06.000
2026-08-16 21:11:38.952   Dest file exists.
2026-08-16 21:11:38.953   Time stamp of existing file: 2026-08-16 21:06:06.000
2026-08-16 21:11:38.953   Installing the file.
2026-08-16 21:11:38.957   Successfully installed the file.
2026-08-16 21:11:38.957   -- File entry --
2026-08-16 21:11:38.958   Dest filename: C:\Users\in15\AppData\Local\DriveBackup\_internal\nicegui\elements\select.js
2026-08-16 21:11:38.958   Time stamp of our file: 2026-08-16 21:06:06.000
2026-08-16 21:11:38.958   Dest file exists.
2026-08-16 21:11:38.959   Time stamp of existing file: 2026-08-16 21:06:06.000
2026-08-16 21:11:38.959   Installing the file.
2026-08-16 21:11:38.966   Successfully installed the file.
2026-08-16 21:11:38.966   -- File entry --
2026-08-16 21:11:38.968   Dest filename: C:\Users\in15\AppData\Local\DriveBackup\_internal\nicegui\elements\select.py
2026-08-16 21:11:38.969   Time stamp of our file: 2026-08-16 21:06:06.000
2026-08-16 21:11:38.969   Dest file exists.
2026-08-16 21:11:38.969   Time stamp of existing file: 2026-08-16 21:06:06.000
2026-08-16 21:11:38.969   Installing the file.
2026-08-16 21:11:38.975   Successfully installed the file.
2026-08-16 21:11:38.975   -- File entry --
2026-08-16 21:11:38.976   Dest filename: C:\Users\in15\AppData\Local\DriveBackup\_internal\nicegui\elements\separator.py
2026-08-16 21:11:38.976   Time stamp of our file: 2026-08-16 21:06:06.000
2026-08-16 21:11:38.976   Dest file exists.
2026-08-16 21:11:38.977   Time stamp of existing file: 2026-08-16 21:06:06.000
2026-08-16 21:11:38.977   Installing the file.
2026-08-16 21:11:38.981   Successfully installed the file.
2026-08-16 21:11:38.981   -- File entry --
2026-08-16 21:11:38.981   Dest filename: C:\Users\in15\AppData\Local\DriveBackup\_internal\nicegui\elements\skeleton.py
2026-08-16 21:11:38.983   Time stamp of our file: 2026-08-16 21:06:06.000
2026-08-16 21:11:38.983   Dest file exists.
2026-08-16 21:11:38.983   Time stamp of existing file: 2026-08-16 21:06:06.000
2026-08-16 21:11:38.983   Installing the file.
2026-08-16 21:11:38.988   Successfully installed the file.
2026-08-16 21:11:38.988   -- File entry --
2026-08-16 21:11:38.988   Dest filename: C:\Users\in15\AppData\Local\DriveBackup\_internal\nicegui\elements\skip_link.py
2026-08-16 21:11:38.988   Time stamp of our file: 2026-08-16 21:06:06.000
2026-08-16 21:11:38.988   Dest file exists.
2026-08-16 21:11:38.990   Time stamp of existing file: 2026-08-16 21:06:06.000
2026-08-16 21:11:38.990   Installing the file.
2026-08-16 21:11:38.996   Successfully installed the file.
2026-08-16 21:11:38.996   -- File entry --
2026-08-16 21:11:38.996   Dest filename: C:\Users\in15\AppData\Local\DriveBackup\_internal\nicegui\elements\slider.py
2026-08-16 21:11:38.996   Time stamp of our file: 2026-08-16 21:06:06.000
2026-08-16 21:11:38.996   Dest file exists.
2026-08-16 21:11:38.996   Time stamp of existing file: 2026-08-16 21:06:06.000
2026-08-16 21:11:38.996   Installing the file.
2026-08-16 21:11:39.000   Successfully installed the file.
2026-08-16 21:11:39.003   -- File entry --
2026-08-16 21:11:39.003   Dest filename: C:\Users\in15\AppData\Local\DriveBackup\_internal\nicegui\elements\slide_item.py
2026-08-16 21:11:39.003   Time stamp of our file: 2026-08-16 21:06:06.000
2026-08-16 21:11:39.003   Dest file exists.
2026-08-16 21:11:39.003   Time stamp of existing file: 2026-08-16 21:06:06.000
2026-08-16 21:11:39.003   Installing the file.
2026-08-16 21:11:39.009   Successfully installed the file.
2026-08-16 21:11:39.009   -- File entry --
2026-08-16 21:11:39.009   Dest filename: C:\Users\in15\AppData\Local\DriveBackup\_internal\nicegui\elements\space.py
2026-08-16 21:11:39.009   Time stamp of our file: 2026-08-16 21:06:06.000
2026-08-16 21:11:39.009   Dest file exists.
2026-08-16 21:11:39.009   Time stamp of existing file: 2026-08-16 21:06:06.000
2026-08-16 21:11:39.011   Installing the file.
2026-08-16 21:11:39.017   Successfully installed the file.
2026-08-16 21:11:39.017   -- File entry --
2026-08-16 21:11:39.019   Dest filename: C:\Users\in15\AppData\Local\DriveBackup\_internal\nicegui\elements\spinner.py
2026-08-16 21:11:39.019   Time stamp of our file: 2026-08-16 21:06:06.000
2026-08-16 21:11:39.019   Dest file exists.
2026-08-16 21:11:39.019   Time stamp of existing file: 2026-08-16 21:06:06.000
2026-08-16 21:11:39.019   Installing the file.
2026-08-16 21:11:39.025   Successfully installed the file.
2026-08-16 21:11:39.025   -- File entry --
2026-08-16 21:11:39.025   Dest filename: C:\Users\in15\AppData\Local\DriveBackup\_internal\nicegui\elements\splitter.py
2026-08-16 21:11:39.025   Time stamp of our file: 2026-08-16 21:06:06.000
2026-08-16 21:11:39.025   Dest file exists.
2026-08-16 21:11:39.025   Time stamp of existing file: 2026-08-16 21:06:06.000
2026-08-16 21:11:39.027   Installing the file.
2026-08-16 21:11:39.033   Successfully installed the file.
2026-08-16 21:11:39.033   -- File entry --
2026-08-16 21:11:39.036   Dest filename: C:\Users\in15\AppData\Local\DriveBackup\_internal\nicegui\elements\step.py
2026-08-16 21:11:39.036   Time stamp of our file: 2026-08-16 21:06:06.000
2026-08-16 21:11:39.036   Dest file exists.
2026-08-16 21:11:39.036   Time stamp of existing file: 2026-08-16 21:06:06.000
2026-08-16 21:11:39.036   Installing the file.
2026-08-16 21:11:39.040   Successfully installed the file.
2026-08-16 21:11:39.040   -- File entry --
2026-08-16 21:11:39.040   Dest filename: C:\Users\in15\AppData\Local\DriveBackup\_internal\nicegui\elements\stepper.py
2026-08-16 21:11:39.042   Time stamp of our file: 2026-08-16 21:06:06.000
2026-08-16 21:11:39.042   Dest file exists.
2026-08-16 21:11:39.042   Time stamp of existing file: 2026-08-16 21:06:06.000
2026-08-16 21:11:39.042   Installing the file.
2026-08-16 21:11:39.048   Successfully installed the file.
2026-08-16 21:11:39.048   -- File entry --
2026-08-16 21:11:39.048   Dest filename: C:\Users\in15\AppData\Local\DriveBackup\_internal\nicegui\elements\stepper_navigation.py
2026-08-16 21:11:39.049   Time stamp of our file: 2026-08-16 21:06:06.000
2026-08-16 21:11:39.049   Dest file exists.
2026-08-16 21:11:39.049   Time stamp of existing file: 2026-08-16 21:06:06.000
2026-08-16 21:11:39.050   Installing the file.
2026-08-16 21:11:39.054   Successfully installed the file.
2026-08-16 21:11:39.054   -- File entry --
2026-08-16 21:11:39.054   Dest filename: C:\Users\in15\AppData\Local\DriveBackup\_internal\nicegui\elements\sub_pages.js
2026-08-16 21:11:39.055   Time stamp of our file: 2026-08-16 21:06:06.000
2026-08-16 21:11:39.055   Dest file exists.
2026-08-16 21:11:39.055   Time stamp of existing file: 2026-08-16 21:06:06.000
2026-08-16 21:11:39.055   Installing the file.
2026-08-16 21:11:39.059   Successfully installed the file.
2026-08-16 21:11:39.060   -- File entry --
2026-08-16 21:11:39.060   Dest filename: C:\Users\in15\AppData\Local\DriveBackup\_internal\nicegui\elements\sub_pages.py
2026-08-16 21:11:39.060   Time stamp of our file: 2026-08-16 21:06:06.000
2026-08-16 21:11:39.060   Dest file exists.
2026-08-16 21:11:39.061   Time stamp of existing file: 2026-08-16 21:06:06.000
2026-08-16 21:11:39.061   Installing the file.
2026-08-16 21:11:39.069   Successfully installed the file.
2026-08-16 21:11:39.069   -- File entry --
2026-08-16 21:11:39.071   Dest filename: C:\Users\in15\AppData\Local\DriveBackup\_internal\nicegui\elements\switch.py
2026-08-16 21:11:39.071   Time stamp of our file: 2026-08-16 21:06:06.000
2026-08-16 21:11:39.071   Dest file exists.
2026-08-16 21:11:39.071   Time stamp of existing file: 2026-08-16 21:06:06.000
2026-08-16 21:11:39.071   Installing the file.
2026-08-16 21:11:39.076   Successfully installed the file.
2026-08-16 21:11:39.076   -- File entry --
2026-08-16 21:11:39.078   Dest filename: C:\Users\in15\AppData\Local\DriveBackup\_internal\nicegui\elements\table.js
2026-08-16 21:11:39.078   Time stamp of our file: 2026-08-16 21:06:06.000
2026-08-16 21:11:39.078   Dest file exists.
2026-08-16 21:11:39.078   Time stamp of existing file: 2026-08-16 21:06:06.000
2026-08-16 21:11:39.078   Installing the file.
2026-08-16 21:11:39.085   Successfully installed the file.
2026-08-16 21:11:39.085   -- File entry --
2026-08-16 21:11:39.086   Dest filename: C:\Users\in15\AppData\Local\DriveBackup\_internal\nicegui\elements\table.py
2026-08-16 21:11:39.086   Time stamp of our file: 2026-08-16 21:06:06.000
2026-08-16 21:11:39.086   Dest file exists.
2026-08-16 21:11:39.086   Time stamp of existing file: 2026-08-16 21:06:06.000
2026-08-16 21:11:39.086   Installing the file.
2026-08-16 21:11:39.091   Successfully installed the file.
2026-08-16 21:11:39.092   -- File entry --
2026-08-16 21:11:39.092   Dest filename: C:\Users\in15\AppData\Local\DriveBackup\_internal\nicegui\elements\tabs.py
2026-08-16 21:11:39.092   Time stamp of our file: 2026-08-16 21:06:06.000
2026-08-16 21:11:39.092   Dest file exists.
2026-08-16 21:11:39.093   Time stamp of existing file: 2026-08-16 21:06:06.000
2026-08-16 21:11:39.093   Installing the file.
2026-08-16 21:11:39.098   Successfully installed the file.
2026-08-16 21:11:39.098   -- File entry --
2026-08-16 21:11:39.099   Dest filename: C:\Users\in15\AppData\Local\DriveBackup\_internal\nicegui\elements\teleport.js
2026-08-16 21:11:39.099   Time stamp of our file: 2026-08-16 21:06:06.000
2026-08-16 21:11:39.099   Dest file exists.
2026-08-16 21:11:39.099   Time stamp of existing file: 2026-08-16 21:06:06.000
2026-08-16 21:11:39.100   Installing the file.
2026-08-16 21:11:39.106   Successfully installed the file.
2026-08-16 21:11:39.106   -- File entry --
2026-08-16 21:11:39.106   Dest filename: C:\Users\in15\AppData\Local\DriveBackup\_internal\nicegui\elements\teleport.py
2026-08-16 21:11:39.106   Time stamp of our file: 2026-08-16 21:06:06.000
2026-08-16 21:11:39.106   Dest file exists.
2026-08-16 21:11:39.106   Time stamp of existing file: 2026-08-16 21:06:06.000
2026-08-16 21:11:39.106   Installing the file.
2026-08-16 21:11:39.112   Successfully installed the file.
2026-08-16 21:11:39.112   -- File entry --
2026-08-16 21:11:39.112   Dest filename: C:\Users\in15\AppData\Local\DriveBackup\_internal\nicegui\elements\textarea.py
2026-08-16 21:11:39.112   Time stamp of our file: 2026-08-16 21:06:06.000
2026-08-16 21:11:39.112   Dest file exists.
2026-08-16 21:11:39.113   Time stamp of existing file: 2026-08-16 21:06:06.000
2026-08-16 21:11:39.113   Installing the file.
2026-08-16 21:11:39.118   Successfully installed the file.
2026-08-16 21:11:39.118   -- File entry --
2026-08-16 21:11:39.118   Dest filename: C:\Users\in15\AppData\Local\DriveBackup\_internal\nicegui\elements\time.py
2026-08-16 21:11:39.119   Time stamp of our file: 2026-08-16 21:06:06.000
2026-08-16 21:11:39.119   Dest file exists.
2026-08-16 21:11:39.119   Time stamp of existing file: 2026-08-16 21:06:06.000
2026-08-16 21:11:39.119   Installing the file.
2026-08-16 21:11:39.123   Successfully installed the file.
2026-08-16 21:11:39.124   -- File entry --
2026-08-16 21:11:39.124   Dest filename: C:\Users\in15\AppData\Local\DriveBackup\_internal\nicegui\elements\timeline.py
2026-08-16 21:11:39.125   Time stamp of our file: 2026-08-16 21:06:06.000
2026-08-16 21:11:39.125   Dest file exists.
2026-08-16 21:11:39.125   Time stamp of existing file: 2026-08-16 21:06:06.000
2026-08-16 21:11:39.125   Installing the file.
2026-08-16 21:11:39.129   Successfully installed the file.
2026-08-16 21:11:39.129   -- File entry --
2026-08-16 21:11:39.129   Dest filename: C:\Users\in15\AppData\Local\DriveBackup\_internal\nicegui\elements\timer.js
2026-08-16 21:11:39.130   Time stamp of our file: 2026-08-16 21:06:06.000
2026-08-16 21:11:39.130   Dest file exists.
2026-08-16 21:11:39.130   Time stamp of existing file: 2026-08-16 21:06:06.000
2026-08-16 21:11:39.130   Installing the file.
2026-08-16 21:11:39.139   Successfully installed the file.
2026-08-16 21:11:39.139   -- File entry --
2026-08-16 21:11:39.142   Dest filename: C:\Users\in15\AppData\Local\DriveBackup\_internal\nicegui\elements\timer.py
2026-08-16 21:11:39.143   Time stamp of our file: 2026-08-16 21:06:06.000
2026-08-16 21:11:39.143   Dest file exists.
2026-08-16 21:11:39.143   Time stamp of existing file: 2026-08-16 21:06:06.000
2026-08-16 21:11:39.144   Installing the file.
2026-08-16 21:11:39.152   Successfully installed the file.
2026-08-16 21:11:39.152   -- File entry --
2026-08-16 21:11:39.153   Dest filename: C:\Users\in15\AppData\Local\DriveBackup\_internal\nicegui\elements\time_input.py
2026-08-16 21:11:39.153   Time stamp of our file: 2026-08-16 21:06:06.000
2026-08-16 21:11:39.153   Dest file exists.
2026-08-16 21:11:39.154   Time stamp of existing file: 2026-08-16 21:06:06.000
2026-08-16 21:11:39.154   Installing the file.
2026-08-16 21:11:39.158   Successfully installed the file.
2026-08-16 21:11:39.158   -- File entry --
2026-08-16 21:11:39.159   Dest filename: C:\Users\in15\AppData\Local\DriveBackup\_internal\nicegui\elements\toggle.py
2026-08-16 21:11:39.159   Time stamp of our file: 2026-08-16 21:06:06.000
2026-08-16 21:11:39.159   Dest file exists.
2026-08-16 21:11:39.159   Time stamp of existing file: 2026-08-16 21:06:06.000
2026-08-16 21:11:39.160   Installing the file.
2026-08-16 21:11:39.165   Successfully installed the file.
2026-08-16 21:11:39.165   -- File entry --
2026-08-16 21:11:39.166   Dest filename: C:\Users\in15\AppData\Local\DriveBackup\_internal\nicegui\elements\tooltip.py
2026-08-16 21:11:39.166   Time stamp of our file: 2026-08-16 21:06:06.000
2026-08-16 21:11:39.166   Dest file exists.
2026-08-16 21:11:39.167   Time stamp of existing file: 2026-08-16 21:06:06.000
2026-08-16 21:11:39.167   Installing the file.
2026-08-16 21:11:39.172   Successfully installed the file.
2026-08-16 21:11:39.174   -- File entry --
2026-08-16 21:11:39.174   Dest filename: C:\Users\in15\AppData\Local\DriveBackup\_internal\nicegui\elements\tree.py
2026-08-16 21:11:39.176   Time stamp of our file: 2026-08-16 21:06:06.000
2026-08-16 21:11:39.176   Dest file exists.
2026-08-16 21:11:39.176   Time stamp of existing file: 2026-08-16 21:06:06.000
2026-08-16 21:11:39.176   Installing the file.
2026-08-16 21:11:39.184   Successfully installed the file.
2026-08-16 21:11:39.184   -- File entry --
2026-08-16 21:11:39.185   Dest filename: C:\Users\in15\AppData\Local\DriveBackup\_internal\nicegui\elements\upload.js
2026-08-16 21:11:39.186   Time stamp of our file: 2026-08-16 21:06:06.000
2026-08-16 21:11:39.186   Dest file exists.
2026-08-16 21:11:39.187   Time stamp of existing file: 2026-08-16 21:06:06.000
2026-08-16 21:11:39.187   Installing the file.
2026-08-16 21:11:39.193   Successfully installed the file.
2026-08-16 21:11:39.193   -- File entry --
2026-08-16 21:11:39.194   Dest filename: C:\Users\in15\AppData\Local\DriveBackup\_internal\nicegui\elements\upload.py
2026-08-16 21:11:39.194   Time stamp of our file: 2026-08-16 21:06:06.000
2026-08-16 21:11:39.194   Dest file exists.
2026-08-16 21:11:39.195   Time stamp of existing file: 2026-08-16 21:06:06.000
2026-08-16 21:11:39.195   Installing the file.
2026-08-16 21:11:39.200   Successfully installed the file.
2026-08-16 21:11:39.200   -- File entry --
2026-08-16 21:11:39.201   Dest filename: C:\Users\in15\AppData\Local\DriveBackup\_internal\nicegui\elements\upload_files.py
2026-08-16 21:11:39.201   Time stamp of our file: 2026-08-16 21:06:06.000
2026-08-16 21:11:39.201   Dest file exists.
2026-08-16 21:11:39.202   Time stamp of existing file: 2026-08-16 21:06:06.000
2026-08-16 21:11:39.202   Installing the file.
2026-08-16 21:11:39.206   Successfully installed the file.
2026-08-16 21:11:39.206   -- File entry --
2026-08-16 21:11:39.206   Dest filename: C:\Users\in15\AppData\Local\DriveBackup\_internal\nicegui\elements\video.js
2026-08-16 21:11:39.207   Time stamp of our file: 2026-08-16 21:06:06.000
2026-08-16 21:11:39.207   Dest file exists.
2026-08-16 21:11:39.207   Time stamp of existing file: 2026-08-16 21:06:06.000
2026-08-16 21:11:39.207   Installing the file.
2026-08-16 21:11:39.215   Successfully installed the file.
2026-08-16 21:11:39.215   -- File entry --
2026-08-16 21:11:39.215   Dest filename: C:\Users\in15\AppData\Local\DriveBackup\_internal\nicegui\elements\video.py
2026-08-16 21:11:39.217   Time stamp of our file: 2026-08-16 21:06:06.000
2026-08-16 21:11:39.217   Dest file exists.
2026-08-16 21:11:39.217   Time stamp of existing file: 2026-08-16 21:06:06.000
2026-08-16 21:11:39.217   Installing the file.
2026-08-16 21:11:39.221   Successfully installed the file.
2026-08-16 21:11:39.223   -- File entry --
2026-08-16 21:11:39.223   Dest filename: C:\Users\in15\AppData\Local\DriveBackup\_internal\nicegui\elements\__init__.py
2026-08-16 21:11:39.223   Time stamp of our file: 2026-08-16 21:06:04.000
2026-08-16 21:11:39.223   Dest file exists.
2026-08-16 21:11:39.223   Time stamp of existing file: 2026-08-16 21:06:04.000
2026-08-16 21:11:39.223   Installing the file.
2026-08-16 21:11:39.225   Successfully installed the file.
2026-08-16 21:11:39.225   -- File entry --
2026-08-16 21:11:39.225   Dest filename: C:\Users\in15\AppData\Local\DriveBackup\_internal\nicegui\elements\aggrid\aggrid.js
2026-08-16 21:11:39.225   Time stamp of our file: 2026-08-16 21:06:04.000
2026-08-16 21:11:39.225   Dest file exists.
2026-08-16 21:11:39.225   Time stamp of existing file: 2026-08-16 21:06:04.000
2026-08-16 21:11:39.225   Installing the file.
2026-08-16 21:11:39.238   Successfully installed the file.
2026-08-16 21:11:39.238   -- File entry --
2026-08-16 21:11:39.238   Dest filename: C:\Users\in15\AppData\Local\DriveBackup\_internal\nicegui\elements\aggrid\aggrid.py
2026-08-16 21:11:39.238   Time stamp of our file: 2026-08-16 21:06:04.000
2026-08-16 21:11:39.238   Dest file exists.
2026-08-16 21:11:39.238   Time stamp of existing file: 2026-08-16 21:06:04.000
2026-08-16 21:11:39.240   Installing the file.
2026-08-16 21:11:39.244   Successfully installed the file.
2026-08-16 21:11:39.244   -- File entry --
2026-08-16 21:11:39.244   Dest filename: C:\Users\in15\AppData\Local\DriveBackup\_internal\nicegui\elements\aggrid\package-lock.json
2026-08-16 21:11:39.245   Time stamp of our file: 2026-08-16 21:06:04.000
2026-08-16 21:11:39.245   Dest file exists.
2026-08-16 21:11:39.245   Time stamp of existing file: 2026-08-16 21:06:04.000
2026-08-16 21:11:39.245   Installing the file.
2026-08-16 21:11:39.255   Successfully installed the file.
2026-08-16 21:11:39.255   -- File entry --
2026-08-16 21:11:39.256   Dest filename: C:\Users\in15\AppData\Local\DriveBackup\_internal\nicegui\elements\aggrid\package.json
2026-08-16 21:11:39.256   Time stamp of our file: 2026-08-16 21:06:04.000
2026-08-16 21:11:39.256   Dest file exists.
2026-08-16 21:11:39.256   Time stamp of existing file: 2026-08-16 21:06:04.000
2026-08-16 21:11:39.257   Installing the file.
2026-08-16 21:11:39.262   Successfully installed the file.
2026-08-16 21:11:39.262   -- File entry --
2026-08-16 21:11:39.262   Dest filename: C:\Users\in15\AppData\Local\DriveBackup\_internal\nicegui\elements\aggrid\rollup.config.mjs
2026-08-16 21:11:39.263   Time stamp of our file: 2026-08-16 21:06:04.000
2026-08-16 21:11:39.263   Dest file exists.
2026-08-16 21:11:39.265   Time stamp of existing file: 2026-08-16 21:06:04.000
2026-08-16 21:11:39.265   Installing the file.
2026-08-16 21:11:39.276   Successfully installed the file.
2026-08-16 21:11:39.276   -- File entry --
2026-08-16 21:11:39.277   Dest filename: C:\Users\in15\AppData\Local\DriveBackup\_internal\nicegui\elements\aggrid\__init__.py
2026-08-16 21:11:39.277   Time stamp of our file: 2026-08-16 21:06:04.000
2026-08-16 21:11:39.277   Dest file exists.
2026-08-16 21:11:39.277   Time stamp of existing file: 2026-08-16 21:06:04.000
2026-08-16 21:11:39.278   Installing the file.
2026-08-16 21:11:39.285   Successfully installed the file.
2026-08-16 21:11:39.285   -- File entry --
2026-08-16 21:11:39.285   Dest filename: C:\Users\in15\AppData\Local\DriveBackup\_internal\nicegui\elements\aggrid\dist\index.js
2026-08-16 21:11:39.285   Time stamp of our file: 2026-08-16 21:06:04.000
2026-08-16 21:11:39.285   Dest file exists.
2026-08-16 21:11:39.287   Time stamp of existing file: 2026-08-16 21:06:04.000
2026-08-16 21:11:39.287   Installing the file.
2026-08-16 21:11:39.367   Successfully installed the file.
2026-08-16 21:11:39.367   -- File entry --
2026-08-16 21:11:39.367   Dest filename: C:\Users\in15\AppData\Local\DriveBackup\_internal\nicegui\elements\aggrid\src\index.mjs
2026-08-16 21:11:39.367   Time stamp of our file: 2026-08-16 21:06:04.000
2026-08-16 21:11:39.367   Dest file exists.
2026-08-16 21:11:39.367   Time stamp of existing file: 2026-08-16 21:06:04.000
2026-08-16 21:11:39.367   Installing the file.
2026-08-16 21:11:39.371   Successfully installed the file.
2026-08-16 21:11:39.373   -- File entry --
2026-08-16 21:11:39.373   Dest filename: C:\Users\in15\AppData\Local\DriveBackup\_internal\nicegui\elements\anywidget\anywidget.js
2026-08-16 21:11:39.373   Time stamp of our file: 2026-08-16 21:06:04.000
2026-08-16 21:11:39.373   Dest file exists.
2026-08-16 21:11:39.373   Time stamp of existing file: 2026-08-16 21:06:04.000
2026-08-16 21:11:39.373   Installing the file.
2026-08-16 21:11:39.377   Successfully installed the file.
2026-08-16 21:11:39.377   -- File entry --
2026-08-16 21:11:39.377   Dest filename: C:\Users\in15\AppData\Local\DriveBackup\_internal\nicegui\elements\anywidget\anywidget.py
2026-08-16 21:11:39.377   Time stamp of our file: 2026-08-16 21:06:04.000
2026-08-16 21:11:39.379   Dest file exists.
2026-08-16 21:11:39.379   Time stamp of existing file: 2026-08-16 21:06:04.000
2026-08-16 21:11:39.379   Installing the file.
2026-08-16 21:11:39.383   Successfully installed the file.
2026-08-16 21:11:39.384   -- File entry --
2026-08-16 21:11:39.384   Dest filename: C:\Users\in15\AppData\Local\DriveBackup\_internal\nicegui\elements\anywidget\__init__.py
2026-08-16 21:11:39.385   Time stamp of our file: 2026-08-16 21:06:04.000
2026-08-16 21:11:39.385   Dest file exists.
2026-08-16 21:11:39.385   Time stamp of existing file: 2026-08-16 21:06:04.000
2026-08-16 21:11:39.385   Installing the file.
2026-08-16 21:11:39.389   Successfully installed the file.
2026-08-16 21:11:39.389   -- File entry --
2026-08-16 21:11:39.389   Dest filename: C:\Users\in15\AppData\Local\DriveBackup\_internal\nicegui\elements\anywidget\lib\widget.js
2026-08-16 21:11:39.389   Time stamp of our file: 2026-08-16 21:06:04.000
2026-08-16 21:11:39.389   Dest file exists.
2026-08-16 21:11:39.389   Time stamp of existing file: 2026-08-16 21:06:04.000
2026-08-16 21:11:39.389   Installing the file.
2026-08-16 21:11:39.397   Successfully installed the file.
2026-08-16 21:11:39.397   -- File entry --
2026-08-16 21:11:39.397   Dest filename: C:\Users\in15\AppData\Local\DriveBackup\_internal\nicegui\elements\codemirror\codemirror.js
2026-08-16 21:11:39.397   Time stamp of our file: 2026-08-16 21:06:04.000
2026-08-16 21:11:39.397   Dest file exists.
2026-08-16 21:11:39.397   Time stamp of existing file: 2026-08-16 21:06:04.000
2026-08-16 21:11:39.397   Installing the file.
2026-08-16 21:11:39.404   Successfully installed the file.
2026-08-16 21:11:39.404   -- File entry --
2026-08-16 21:11:39.404   Dest filename: C:\Users\in15\AppData\Local\DriveBackup\_internal\nicegui\elements\codemirror\codemirror.py
2026-08-16 21:11:39.405   Time stamp of our file: 2026-08-16 21:06:04.000
2026-08-16 21:11:39.405   Dest file exists.
2026-08-16 21:11:39.405   Time stamp of existing file: 2026-08-16 21:06:04.000
2026-08-16 21:11:39.405   Installing the file.
2026-08-16 21:11:39.410   Successfully installed the file.
2026-08-16 21:11:39.410   -- File entry --
2026-08-16 21:11:39.411   Dest filename: C:\Users\in15\AppData\Local\DriveBackup\_internal\nicegui\elements\codemirror\constants.py
2026-08-16 21:11:39.411   Time stamp of our file: 2026-08-16 21:06:04.000
2026-08-16 21:11:39.411   Dest file exists.
2026-08-16 21:11:39.412   Time stamp of existing file: 2026-08-16 21:06:04.000
2026-08-16 21:11:39.412   Installing the file.
2026-08-16 21:11:39.416   Successfully installed the file.
2026-08-16 21:11:39.416   -- File entry --
2026-08-16 21:11:39.417   Dest filename: C:\Users\in15\AppData\Local\DriveBackup\_internal\nicegui\elements\codemirror\keybindings.py
2026-08-16 21:11:39.417   Time stamp of our file: 2026-08-16 21:06:04.000
2026-08-16 21:11:39.417   Dest file exists.
2026-08-16 21:11:39.417   Time stamp of existing file: 2026-08-16 21:06:04.000
2026-08-16 21:11:39.418   Installing the file.
2026-08-16 21:11:39.422   Successfully installed the file.
2026-08-16 21:11:39.422   -- File entry --
2026-08-16 21:11:39.423   Dest filename: C:\Users\in15\AppData\Local\DriveBackup\_internal\nicegui\elements\codemirror\line_anchors.py
2026-08-16 21:11:39.423   Time stamp of our file: 2026-08-16 21:06:04.000
2026-08-16 21:11:39.423   Dest file exists.
2026-08-16 21:11:39.423   Time stamp of existing file: 2026-08-16 21:06:04.000
2026-08-16 21:11:39.423   Installing the file.
2026-08-16 21:11:39.428   Successfully installed the file.
2026-08-16 21:11:39.428   -- File entry --
2026-08-16 21:11:39.429   Dest filename: C:\Users\in15\AppData\Local\DriveBackup\_internal\nicegui\elements\codemirror\package-lock.json
2026-08-16 21:11:39.429   Time stamp of our file: 2026-08-16 21:06:04.000
2026-08-16 21:11:39.429   Dest file exists.
2026-08-16 21:11:39.429   Time stamp of existing file: 2026-08-16 21:06:04.000
2026-08-16 21:11:39.430   Installing the file.
2026-08-16 21:11:39.440   Successfully installed the file.
2026-08-16 21:11:39.440   -- File entry --
2026-08-16 21:11:39.440   Dest filename: C:\Users\in15\AppData\Local\DriveBackup\_internal\nicegui\elements\codemirror\package.json
2026-08-16 21:11:39.440   Time stamp of our file: 2026-08-16 21:06:04.000
2026-08-16 21:11:39.440   Dest file exists.
2026-08-16 21:11:39.442   Time stamp of existing file: 2026-08-16 21:06:04.000
2026-08-16 21:11:39.442   Installing the file.
2026-08-16 21:11:39.447   Successfully installed the file.
2026-08-16 21:11:39.447   -- File entry --
2026-08-16 21:11:39.448   Dest filename: C:\Users\in15\AppData\Local\DriveBackup\_internal\nicegui\elements\codemirror\rollup.config.mjs
2026-08-16 21:11:39.448   Time stamp of our file: 2026-08-16 21:06:04.000
2026-08-16 21:11:39.449   Dest file exists.
2026-08-16 21:11:39.449   Time stamp of existing file: 2026-08-16 21:06:04.000
2026-08-16 21:11:39.449   Installing the file.
2026-08-16 21:11:39.453   Successfully installed the file.
2026-08-16 21:11:39.453   -- File entry --
2026-08-16 21:11:39.453   Dest filename: C:\Users\in15\AppData\Local\DriveBackup\_internal\nicegui\elements\codemirror\__init__.py
2026-08-16 21:11:39.454   Time stamp of our file: 2026-08-16 21:06:04.000
2026-08-16 21:11:39.454   Dest file exists.
2026-08-16 21:11:39.454   Time stamp of existing file: 2026-08-16 21:06:04.000
2026-08-16 21:11:39.454   Installing the file.
2026-08-16 21:11:39.458   Successfully installed the file.
2026-08-16 21:11:39.458   -- File entry --
2026-08-16 21:11:39.458   Dest filename: C:\Users\in15\AppData\Local\DriveBackup\_internal\nicegui\elements\codemirror\dist\apl-CXdQSnD-.js
2026-08-16 21:11:39.459   Time stamp of our file: 2026-08-16 21:06:04.000
2026-08-16 21:11:39.459   Dest file exists.
2026-08-16 21:11:39.459   Time stamp of existing file: 2026-08-16 21:06:04.000
2026-08-16 21:11:39.459   Installing the file.
2026-08-16 21:11:39.465   Successfully installed the file.
2026-08-16 21:11:39.465   -- File entry --
2026-08-16 21:11:39.465   Dest filename: C:\Users\in15\AppData\Local\DriveBackup\_internal\nicegui\elements\codemirror\dist\asciiarmor-D5V0T9Cu.js
2026-08-16 21:11:39.466   Time stamp of our file: 2026-08-16 21:06:04.000
2026-08-16 21:11:39.466   Dest file exists.
2026-08-16 21:11:39.466   Time stamp of existing file: 2026-08-16 21:06:04.000
2026-08-16 21:11:39.466   Installing the file.
2026-08-16 21:11:39.471   Successfully installed the file.
2026-08-16 21:11:39.472   -- File entry --
2026-08-16 21:11:39.472   Dest filename: C:\Users\in15\AppData\Local\DriveBackup\_internal\nicegui\elements\codemirror\dist\asn1-DWPaVWf6.js
2026-08-16 21:11:39.472   Time stamp of our file: 2026-08-16 21:06:04.000
2026-08-16 21:11:39.472   Dest file exists.
2026-08-16 21:11:39.473   Time stamp of existing file: 2026-08-16 21:06:04.000
2026-08-16 21:11:39.473   Installing the file.
2026-08-16 21:11:39.477   Successfully installed the file.
2026-08-16 21:11:39.477   -- File entry --
2026-08-16 21:11:39.478   Dest filename: C:\Users\in15\AppData\Local\DriveBackup\_internal\nicegui\elements\codemirror\dist\asterisk-B46aRdXb.js
2026-08-16 21:11:39.479   Time stamp of our file: 2026-08-16 21:06:04.000
2026-08-16 21:11:39.479   Dest file exists.
2026-08-16 21:11:39.479   Time stamp of existing file: 2026-08-16 21:06:04.000
2026-08-16 21:11:39.479   Installing the file.
2026-08-16 21:11:39.485   Successfully installed the file.
2026-08-16 21:11:39.485   -- File entry --
2026-08-16 21:11:39.485   Dest filename: C:\Users\in15\AppData\Local\DriveBackup\_internal\nicegui\elements\codemirror\dist\brainfuck-CtZaYBKt.js
2026-08-16 21:11:39.487   Time stamp of our file: 2026-08-16 21:06:04.000
2026-08-16 21:11:39.487   Dest file exists.
2026-08-16 21:11:39.487   Time stamp of existing file: 2026-08-16 21:06:04.000
2026-08-16 21:11:39.487   Installing the file.
2026-08-16 21:11:39.491   Successfully installed the file.
2026-08-16 21:11:39.491   -- File entry --
2026-08-16 21:11:39.493   Dest filename: C:\Users\in15\AppData\Local\DriveBackup\_internal\nicegui\elements\codemirror\dist\clike-hUAFEsGo.js
2026-08-16 21:11:39.493   Time stamp of our file: 2026-08-16 21:06:04.000
2026-08-16 21:11:39.493   Dest file exists.
2026-08-16 21:11:39.493   Time stamp of existing file: 2026-08-16 21:06:04.000
2026-08-16 21:11:39.493   Installing the file.
2026-08-16 21:11:39.499   Successfully installed the file.
2026-08-16 21:11:39.499   -- File entry --
2026-08-16 21:11:39.501   Dest filename: C:\Users\in15\AppData\Local\DriveBackup\_internal\nicegui\elements\codemirror\dist\clojure-DiuoqK-z.js
2026-08-16 21:11:39.501   Time stamp of our file: 2026-08-16 21:06:04.000
2026-08-16 21:11:39.501   Dest file exists.
2026-08-16 21:11:39.501   Time stamp of existing file: 2026-08-16 21:06:04.000
2026-08-16 21:11:39.501   Installing the file.
2026-08-16 21:11:39.505   Successfully installed the file.
2026-08-16 21:11:39.505   -- File entry --
2026-08-16 21:11:39.505   Dest filename: C:\Users\in15\AppData\Local\DriveBackup\_internal\nicegui\elements\codemirror\dist\cmake-DXn5xaP-.js
2026-08-16 21:11:39.505   Time stamp of our file: 2026-08-16 21:06:04.000
2026-08-16 21:11:39.505   Dest file exists.
2026-08-16 21:11:39.505   Time stamp of existing file: 2026-08-16 21:06:04.000
2026-08-16 21:11:39.508   Installing the file.
2026-08-16 21:11:39.512   Successfully installed the file.
2026-08-16 21:11:39.512   -- File entry --
2026-08-16 21:11:39.512   Dest filename: C:\Users\in15\AppData\Local\DriveBackup\_internal\nicegui\elements\codemirror\dist\cobol-stawOqaz.js
2026-08-16 21:11:39.514   Time stamp of our file: 2026-08-16 21:06:04.000
2026-08-16 21:11:39.514   Dest file exists.
2026-08-16 21:11:39.514   Time stamp of existing file: 2026-08-16 21:06:04.000
2026-08-16 21:11:39.514   Installing the file.
2026-08-16 21:11:39.520   Successfully installed the file.
2026-08-16 21:11:39.520   -- File entry --
2026-08-16 21:11:39.520   Dest filename: C:\Users\in15\AppData\Local\DriveBackup\_internal\nicegui\elements\codemirror\dist\coffeescript-BTDxI-eT.js
2026-08-16 21:11:39.520   Time stamp of our file: 2026-08-16 21:06:04.000
2026-08-16 21:11:39.520   Dest file exists.
2026-08-16 21:11:39.522   Time stamp of existing file: 2026-08-16 21:06:04.000
2026-08-16 21:11:39.522   Installing the file.
2026-08-16 21:11:39.526   Successfully installed the file.
2026-08-16 21:11:39.526   -- File entry --
2026-08-16 21:11:39.528   Dest filename: C:\Users\in15\AppData\Local\DriveBackup\_internal\nicegui\elements\codemirror\dist\commonlisp-vq6DHwts.js
2026-08-16 21:11:39.528   Time stamp of our file: 2026-08-16 21:06:04.000
2026-08-16 21:11:39.528   Dest file exists.
2026-08-16 21:11:39.528   Time stamp of existing file: 2026-08-16 21:06:04.000
2026-08-16 21:11:39.528   Installing the file.
2026-08-16 21:11:39.534   Successfully installed the file.
2026-08-16 21:11:39.534   -- File entry --
2026-08-16 21:11:39.535   Dest filename: C:\Users\in15\AppData\Local\DriveBackup\_internal\nicegui\elements\codemirror\dist\crystal-CRzZ78HM.js
2026-08-16 21:11:39.535   Time stamp of our file: 2026-08-16 21:06:04.000
2026-08-16 21:11:39.535   Dest file exists.
2026-08-16 21:11:39.535   Time stamp of existing file: 2026-08-16 21:06:04.000
2026-08-16 21:11:39.535   Installing the file.
2026-08-16 21:11:39.541   Successfully installed the file.
2026-08-16 21:11:39.541   -- File entry --
2026-08-16 21:11:39.542   Dest filename: C:\Users\in15\AppData\Local\DriveBackup\_internal\nicegui\elements\codemirror\dist\css-C4GSMmGA.js
2026-08-16 21:11:39.542   Time stamp of our file: 2026-08-16 21:06:04.000
2026-08-16 21:11:39.542   Dest file exists.
2026-08-16 21:11:39.543   Time stamp of existing file: 2026-08-16 21:06:04.000
2026-08-16 21:11:39.543   Installing the file.
2026-08-16 21:11:39.550   Successfully installed the file.
2026-08-16 21:11:39.550   -- File entry --
2026-08-16 21:11:39.551   Dest filename: C:\Users\in15\AppData\Local\DriveBackup\_internal\nicegui\elements\codemirror\dist\cypher-gJDei3ni.js
2026-08-16 21:11:39.552   Time stamp of our file: 2026-08-16 21:06:04.000
2026-08-16 21:11:39.552   Dest file exists.
2026-08-16 21:11:39.552   Time stamp of existing file: 2026-08-16 21:06:04.000
2026-08-16 21:11:39.552   Installing the file.
2026-08-16 21:11:39.557   Successfully installed the file.
2026-08-16 21:11:39.557   -- File entry --
2026-08-16 21:11:39.557   Dest filename: C:\Users\in15\AppData\Local\DriveBackup\_internal\nicegui\elements\codemirror\dist\d-BShv7fp-.js
2026-08-16 21:11:39.558   Time stamp of our file: 2026-08-16 21:06:04.000
2026-08-16 21:11:39.558   Dest file exists.
2026-08-16 21:11:39.558   Time stamp of existing file: 2026-08-16 21:06:04.000
2026-08-16 21:11:39.558   Installing the file.
2026-08-16 21:11:39.565   Successfully installed the file.
2026-08-16 21:11:39.565   -- File entry --
2026-08-16 21:11:39.565   Dest filename: C:\Users\in15\AppData\Local\DriveBackup\_internal\nicegui\elements\codemirror\dist\diff-UJJ5BM9S.js
2026-08-16 21:11:39.565   Time stamp of our file: 2026-08-16 21:06:04.000
2026-08-16 21:11:39.565   Dest file exists.
2026-08-16 21:11:39.565   Time stamp of existing file: 2026-08-16 21:06:04.000
2026-08-16 21:11:39.567   Installing the file.
2026-08-16 21:11:39.572   Successfully installed the file.
2026-08-16 21:11:39.572   -- File entry --
2026-08-16 21:11:39.572   Dest filename: C:\Users\in15\AppData\Local\DriveBackup\_internal\nicegui\elements\codemirror\dist\dockerfile-knGOOxt4.js
2026-08-16 21:11:39.574   Time stamp of our file: 2026-08-16 21:06:04.000
2026-08-16 21:11:39.574   Dest file exists.
2026-08-16 21:11:39.574   Time stamp of existing file: 2026-08-16 21:06:04.000
2026-08-16 21:11:39.574   Installing the file.
2026-08-16 21:11:39.578   Successfully installed the file.
2026-08-16 21:11:39.578   -- File entry --
2026-08-16 21:11:39.579   Dest filename: C:\Users\in15\AppData\Local\DriveBackup\_internal\nicegui\elements\codemirror\dist\dtd-DI9Herc-.js
2026-08-16 21:11:39.579   Time stamp of our file: 2026-08-16 21:06:04.000
2026-08-16 21:11:39.579   Dest file exists.
2026-08-16 21:11:39.579   Time stamp of existing file: 2026-08-16 21:06:04.000
2026-08-16 21:11:39.579   Installing the file.
2026-08-16 21:11:39.587   Successfully installed the file.
2026-08-16 21:11:39.587   -- File entry --
2026-08-16 21:11:39.587   Dest filename: C:\Users\in15\AppData\Local\DriveBackup\_internal\nicegui\elements\codemirror\dist\dylan-DkEP81N9.js
2026-08-16 21:11:39.587   Time stamp of our file: 2026-08-16 21:06:04.000
2026-08-16 21:11:39.587   Dest file exists.
2026-08-16 21:11:39.587   Time stamp of existing file: 2026-08-16 21:06:04.000
2026-08-16 21:11:39.587   Installing the file.
2026-08-16 21:11:39.593   Successfully installed the file.
2026-08-16 21:11:39.593   -- File entry --
2026-08-16 21:11:39.593   Dest filename: C:\Users\in15\AppData\Local\DriveBackup\_internal\nicegui\elements\codemirror\dist\ebnf-B-Df8AvO.js
2026-08-16 21:11:39.595   Time stamp of our file: 2026-08-16 21:06:04.000
2026-08-16 21:11:39.595   Dest file exists.
2026-08-16 21:11:39.595   Time stamp of existing file: 2026-08-16 21:06:04.000
2026-08-16 21:11:39.595   Installing the file.
2026-08-16 21:11:39.602   Successfully installed the file.
2026-08-16 21:11:39.602   -- File entry --
2026-08-16 21:11:39.602   Dest filename: C:\Users\in15\AppData\Local\DriveBackup\_internal\nicegui\elements\codemirror\dist\ecl-DPFc0Uaf.js
2026-08-16 21:11:39.603   Time stamp of our file: 2026-08-16 21:06:04.000
2026-08-16 21:11:39.603   Dest file exists.
2026-08-16 21:11:39.603   Time stamp of existing file: 2026-08-16 21:06:04.000
2026-08-16 21:11:39.603   Installing the file.
2026-08-16 21:11:39.608   Successfully installed the file.
2026-08-16 21:11:39.609   -- File entry --
2026-08-16 21:11:39.609   Dest filename: C:\Users\in15\AppData\Local\DriveBackup\_internal\nicegui\elements\codemirror\dist\eiffel-DR5c0IrL.js
2026-08-16 21:11:39.610   Time stamp of our file: 2026-08-16 21:06:04.000
2026-08-16 21:11:39.610   Dest file exists.
2026-08-16 21:11:39.610   Time stamp of existing file: 2026-08-16 21:06:04.000
2026-08-16 21:11:39.610   Installing the file.
2026-08-16 21:11:39.616   Successfully installed the file.
2026-08-16 21:11:39.617   -- File entry --
2026-08-16 21:11:39.617   Dest filename: C:\Users\in15\AppData\Local\DriveBackup\_internal\nicegui\elements\codemirror\dist\elm-DompmV0j.js
2026-08-16 21:11:39.618   Time stamp of our file: 2026-08-16 21:06:04.000
2026-08-16 21:11:39.618   Dest file exists.
2026-08-16 21:11:39.619   Time stamp of existing file: 2026-08-16 21:06:04.000
2026-08-16 21:11:39.619   Installing the file.
2026-08-16 21:11:39.619   Successfully installed the file.
2026-08-16 21:11:39.619   -- File entry --
2026-08-16 21:11:39.619   Dest filename: C:\Users\in15\AppData\Local\DriveBackup\_internal\nicegui\elements\codemirror\dist\erlang-BuqgqA5h.js
2026-08-16 21:11:39.619   Time stamp of our file: 2026-08-16 21:06:04.000
2026-08-16 21:11:39.619   Dest file exists.
2026-08-16 21:11:39.619   Time stamp of existing file: 2026-08-16 21:06:04.000
2026-08-16 21:11:39.619   Installing the file.
2026-08-16 21:11:39.630   Successfully installed the file.
2026-08-16 21:11:39.630   -- File entry --
2026-08-16 21:11:39.631   Dest filename: C:\Users\in15\AppData\Local\DriveBackup\_internal\nicegui\elements\codemirror\dist\factor-CFXhaUWb.js
2026-08-16 21:11:39.631   Time stamp of our file: 2026-08-16 21:06:04.000
2026-08-16 21:11:39.631   Dest file exists.
2026-08-16 21:11:39.632   Time stamp of existing file: 2026-08-16 21:06:04.000
2026-08-16 21:11:39.632   Installing the file.
2026-08-16 21:11:39.636   Successfully installed the file.
2026-08-16 21:11:39.637   -- File entry --
2026-08-16 21:11:39.637   Dest filename: C:\Users\in15\AppData\Local\DriveBackup\_internal\nicegui\elements\codemirror\dist\fcl-CVaBTCzQ.js
2026-08-16 21:11:39.638   Time stamp of our file: 2026-08-16 21:06:04.000
2026-08-16 21:11:39.638   Dest file exists.
2026-08-16 21:11:39.638   Time stamp of existing file: 2026-08-16 21:06:04.000
2026-08-16 21:11:39.638   Installing the file.
2026-08-16 21:11:39.642   Successfully installed the file.
2026-08-16 21:11:39.642   -- File entry --
2026-08-16 21:11:39.643   Dest filename: C:\Users\in15\AppData\Local\DriveBackup\_internal\nicegui\elements\codemirror\dist\forth-POgR1ypr.js
2026-08-16 21:11:39.643   Time stamp of our file: 2026-08-16 21:06:04.000
2026-08-16 21:11:39.644   Dest file exists.
2026-08-16 21:11:39.644   Time stamp of existing file: 2026-08-16 21:06:04.000
2026-08-16 21:11:39.644   Installing the file.
2026-08-16 21:11:39.649   Successfully installed the file.
2026-08-16 21:11:39.649   -- File entry --
2026-08-16 21:11:39.650   Dest filename: C:\Users\in15\AppData\Local\DriveBackup\_internal\nicegui\elements\codemirror\dist\fortran-DL7KluxX.js
2026-08-16 21:11:39.650   Time stamp of our file: 2026-08-16 21:06:04.000
2026-08-16 21:11:39.650   Dest file exists.
2026-08-16 21:11:39.651   Time stamp of existing file: 2026-08-16 21:06:04.000
2026-08-16 21:11:39.651   Installing the file.
2026-08-16 21:11:39.656   Successfully installed the file.
2026-08-16 21:11:39.656   -- File entry --
2026-08-16 21:11:39.656   Dest filename: C:\Users\in15\AppData\Local\DriveBackup\_internal\nicegui\elements\codemirror\dist\gas-8mz5Q3qN.js
2026-08-16 21:11:39.657   Time stamp of our file: 2026-08-16 21:06:04.000
2026-08-16 21:11:39.657   Dest file exists.
2026-08-16 21:11:39.657   Time stamp of existing file: 2026-08-16 21:06:04.000
2026-08-16 21:11:39.657   Installing the file.
2026-08-16 21:11:39.662   Successfully installed the file.
2026-08-16 21:11:39.662   -- File entry --
2026-08-16 21:11:39.663   Dest filename: C:\Users\in15\AppData\Local\DriveBackup\_internal\nicegui\elements\codemirror\dist\gherkin-B6X1vGSW.js
2026-08-16 21:11:39.663   Time stamp of our file: 2026-08-16 21:06:04.000
2026-08-16 21:11:39.663   Dest file exists.
2026-08-16 21:11:39.663   Time stamp of existing file: 2026-08-16 21:06:04.000
2026-08-16 21:11:39.663   Installing the file.
2026-08-16 21:11:39.670   Successfully installed the file.
2026-08-16 21:11:39.670   -- File entry --
2026-08-16 21:11:39.670   Dest filename: C:\Users\in15\AppData\Local\DriveBackup\_internal\nicegui\elements\codemirror\dist\groovy-DnIzCrpZ.js
2026-08-16 21:11:39.670   Time stamp of our file: 2026-08-16 21:06:04.000
2026-08-16 21:11:39.670   Dest file exists.
2026-08-16 21:11:39.670   Time stamp of existing file: 2026-08-16 21:06:04.000
2026-08-16 21:11:39.670   Installing the file.
2026-08-16 21:11:39.674   Successfully installed the file.
2026-08-16 21:11:39.676   -- File entry --
2026-08-16 21:11:39.676   Dest filename: C:\Users\in15\AppData\Local\DriveBackup\_internal\nicegui\elements\codemirror\dist\haskell-CLQs6EAM.js
2026-08-16 21:11:39.676   Time stamp of our file: 2026-08-16 21:06:04.000
2026-08-16 21:11:39.676   Dest file exists.
2026-08-16 21:11:39.676   Time stamp of existing file: 2026-08-16 21:06:04.000
2026-08-16 21:11:39.676   Installing the file.
2026-08-16 21:11:39.683   Successfully installed the file.
2026-08-16 21:11:39.685   -- File entry --
2026-08-16 21:11:39.685   Dest filename: C:\Users\in15\AppData\Local\DriveBackup\_internal\nicegui\elements\codemirror\dist\haxe-D25e-2l-.js
2026-08-16 21:11:39.685   Time stamp of our file: 2026-08-16 21:06:04.000
2026-08-16 21:11:39.685   Dest file exists.
2026-08-16 21:11:39.687   Time stamp of existing file: 2026-08-16 21:06:04.000
2026-08-16 21:11:39.687   Installing the file.
2026-08-16 21:11:39.691   Successfully installed the file.
2026-08-16 21:11:39.691   -- File entry --
2026-08-16 21:11:39.693   Dest filename: C:\Users\in15\AppData\Local\DriveBackup\_internal\nicegui\elements\codemirror\dist\http-BKJkqRj4.js
2026-08-16 21:11:39.693   Time stamp of our file: 2026-08-16 21:06:04.000
2026-08-16 21:11:39.693   Dest file exists.
2026-08-16 21:11:39.693   Time stamp of existing file: 2026-08-16 21:06:04.000
2026-08-16 21:11:39.693   Installing the file.
2026-08-16 21:11:39.701   Successfully installed the file.
2026-08-16 21:11:39.701   -- File entry --
2026-08-16 21:11:39.702   Dest filename: C:\Users\in15\AppData\Local\DriveBackup\_internal\nicegui\elements\codemirror\dist\idl-pcmmZuaN.js
2026-08-16 21:11:39.702   Time stamp of our file: 2026-08-16 21:06:04.000
2026-08-16 21:11:39.702   Dest file exists.
2026-08-16 21:11:39.703   Time stamp of existing file: 2026-08-16 21:06:04.000
2026-08-16 21:11:39.703   Installing the file.
2026-08-16 21:11:39.709   Successfully installed the file.
2026-08-16 21:11:39.709   -- File entry --
2026-08-16 21:11:39.711   Dest filename: C:\Users\in15\AppData\Local\DriveBackup\_internal\nicegui\elements\codemirror\dist\index--qNV_jaW.js
2026-08-16 21:11:39.711   Time stamp of our file: 2026-08-16 21:06:04.000
2026-08-16 21:11:39.711   Dest file exists.
2026-08-16 21:11:39.712   Time stamp of existing file: 2026-08-16 21:06:04.000
2026-08-16 21:11:39.712   Installing the file.
2026-08-16 21:11:39.723   Successfully installed the file.
2026-08-16 21:11:39.723   -- File entry --
2026-08-16 21:11:39.725   Dest filename: C:\Users\in15\AppData\Local\DriveBackup\_internal\nicegui\elements\codemirror\dist\index-BhrTTQgH.js
2026-08-16 21:11:39.725   Time stamp of our file: 2026-08-16 21:06:04.000
2026-08-16 21:11:39.725   Dest file exists.
2026-08-16 21:11:39.725   Time stamp of existing file: 2026-08-16 21:06:04.000
2026-08-16 21:11:39.725   Installing the file.
2026-08-16 21:11:39.735   Successfully installed the file.
2026-08-16 21:11:39.735   -- File entry --
2026-08-16 21:11:39.735   Dest filename: C:\Users\in15\AppData\Local\DriveBackup\_internal\nicegui\elements\codemirror\dist\index-BJQGrxIa.js
2026-08-16 21:11:39.736   Time stamp of our file: 2026-08-16 21:06:04.000
2026-08-16 21:11:39.736   Dest file exists.
2026-08-16 21:11:39.736   Time stamp of existing file: 2026-08-16 21:06:04.000
2026-08-16 21:11:39.736   Installing the file.
2026-08-16 21:11:39.743   Successfully installed the file.
2026-08-16 21:11:39.743   -- File entry --
2026-08-16 21:11:39.744   Dest filename: C:\Users\in15\AppData\Local\DriveBackup\_internal\nicegui\elements\codemirror\dist\index-BokK7WhV.js
2026-08-16 21:11:39.744   Time stamp of our file: 2026-08-16 21:06:04.000
2026-08-16 21:11:39.744   Dest file exists.
2026-08-16 21:11:39.745   Time stamp of existing file: 2026-08-16 21:06:04.000
2026-08-16 21:11:39.745   Installing the file.
2026-08-16 21:11:39.755   Successfully installed the file.
2026-08-16 21:11:39.755   -- File entry --
2026-08-16 21:11:39.755   Dest filename: C:\Users\in15\AppData\Local\DriveBackup\_internal\nicegui\elements\codemirror\dist\index-BtSOn-Ix.js
2026-08-16 21:11:39.755   Time stamp of our file: 2026-08-16 21:06:04.000
2026-08-16 21:11:39.755   Dest file exists.
2026-08-16 21:11:39.757   Time stamp of existing file: 2026-08-16 21:06:04.000
2026-08-16 21:11:39.757   Installing the file.
2026-08-16 21:11:39.766   Successfully installed the file.
2026-08-16 21:11:39.766   -- File entry --
2026-08-16 21:11:39.767   Dest filename: C:\Users\in15\AppData\Local\DriveBackup\_internal\nicegui\elements\codemirror\dist\index-C4qtQbT_.js
2026-08-16 21:11:39.768   Time stamp of our file: 2026-08-16 21:06:04.000
2026-08-16 21:11:39.768   Dest file exists.
2026-08-16 21:11:39.768   Time stamp of existing file: 2026-08-16 21:06:04.000
2026-08-16 21:11:39.768   Installing the file.
2026-08-16 21:11:39.781   Successfully installed the file.
2026-08-16 21:11:39.781   -- File entry --
2026-08-16 21:11:39.782   Dest filename: C:\Users\in15\AppData\Local\DriveBackup\_internal\nicegui\elements\codemirror\dist\index-C7DC-kta.js
2026-08-16 21:11:39.782   Time stamp of our file: 2026-08-16 21:06:04.000
2026-08-16 21:11:39.782   Dest file exists.
2026-08-16 21:11:39.783   Time stamp of existing file: 2026-08-16 21:06:04.000
2026-08-16 21:11:39.783   Installing the file.
2026-08-16 21:11:39.792   Successfully installed the file.
2026-08-16 21:11:39.792   -- File entry --
2026-08-16 21:11:39.793   Dest filename: C:\Users\in15\AppData\Local\DriveBackup\_internal\nicegui\elements\codemirror\dist\index-C83tnP_C.js
2026-08-16 21:11:39.793   Time stamp of our file: 2026-08-16 21:06:04.000
2026-08-16 21:11:39.794   Dest file exists.
2026-08-16 21:11:39.794   Time stamp of existing file: 2026-08-16 21:06:04.000
2026-08-16 21:11:39.794   Installing the file.
2026-08-16 21:11:39.803   Successfully installed the file.
2026-08-16 21:11:39.803   -- File entry --
2026-08-16 21:11:39.803   Dest filename: C:\Users\in15\AppData\Local\DriveBackup\_internal\nicegui\elements\codemirror\dist\index-CbZUruS2.js
2026-08-16 21:11:39.803   Time stamp of our file: 2026-08-16 21:06:04.000
2026-08-16 21:11:39.803   Dest file exists.
2026-08-16 21:11:39.803   Time stamp of existing file: 2026-08-16 21:06:04.000
2026-08-16 21:11:39.803   Installing the file.
2026-08-16 21:11:39.822   Successfully installed the file.
2026-08-16 21:11:39.822   -- File entry --
2026-08-16 21:11:39.822   Dest filename: C:\Users\in15\AppData\Local\DriveBackup\_internal\nicegui\elements\codemirror\dist\index-CGEMhyvn.js
2026-08-16 21:11:39.824   Time stamp of our file: 2026-08-16 21:06:04.000
2026-08-16 21:11:39.824   Dest file exists.
2026-08-16 21:11:39.824   Time stamp of existing file: 2026-08-16 21:06:04.000
2026-08-16 21:11:39.824   Installing the file.
2026-08-16 21:11:39.837   Successfully installed the file.
2026-08-16 21:11:39.837   -- File entry --
2026-08-16 21:11:39.839   Dest filename: C:\Users\in15\AppData\Local\DriveBackup\_internal\nicegui\elements\codemirror\dist\index-ciMdZ5pn.js
2026-08-16 21:11:39.839   Time stamp of our file: 2026-08-16 21:06:04.000
2026-08-16 21:11:39.839   Dest file exists.
2026-08-16 21:11:39.839   Time stamp of existing file: 2026-08-16 21:06:04.000
2026-08-16 21:11:39.839   Installing the file.
2026-08-16 21:11:39.887   Successfully installed the file.
2026-08-16 21:11:39.887   -- File entry --
2026-08-16 21:11:39.887   Dest filename: C:\Users\in15\AppData\Local\DriveBackup\_internal\nicegui\elements\codemirror\dist\index-CxWTS6xA.js
2026-08-16 21:11:39.887   Time stamp of our file: 2026-08-16 21:06:04.000
2026-08-16 21:11:39.887   Dest file exists.
2026-08-16 21:11:39.887   Time stamp of existing file: 2026-08-16 21:06:04.000
2026-08-16 21:11:39.889   Installing the file.
2026-08-16 21:11:39.893   Successfully installed the file.
2026-08-16 21:11:39.893   -- File entry --
2026-08-16 21:11:39.893   Dest filename: C:\Users\in15\AppData\Local\DriveBackup\_internal\nicegui\elements\codemirror\dist\index-CYFbjDeY.js
2026-08-16 21:11:39.895   Time stamp of our file: 2026-08-16 21:06:04.000
2026-08-16 21:11:39.895   Dest file exists.
2026-08-16 21:11:39.896   Time stamp of existing file: 2026-08-16 21:06:04.000
2026-08-16 21:11:39.896   Installing the file.
2026-08-16 21:11:39.904   Successfully installed the file.
2026-08-16 21:11:39.904   -- File entry --
2026-08-16 21:11:39.904   Dest filename: C:\Users\in15\AppData\Local\DriveBackup\_internal\nicegui\elements\codemirror\dist\index-CZISjXTm.js
2026-08-16 21:11:39.906   Time stamp of our file: 2026-08-16 21:06:04.000
2026-08-16 21:11:39.906   Dest file exists.
2026-08-16 21:11:39.906   Time stamp of existing file: 2026-08-16 21:06:04.000
2026-08-16 21:11:39.906   Installing the file.
2026-08-16 21:11:39.914   Successfully installed the file.
2026-08-16 21:11:39.914   -- File entry --
2026-08-16 21:11:39.914   Dest filename: C:\Users\in15\AppData\Local\DriveBackup\_internal\nicegui\elements\codemirror\dist\index-D1B5tykE.js
2026-08-16 21:11:39.915   Time stamp of our file: 2026-08-16 21:06:04.000
2026-08-16 21:11:39.915   Dest file exists.
2026-08-16 21:11:39.915   Time stamp of existing file: 2026-08-16 21:06:04.000
2026-08-16 21:11:39.915   Installing the file.
2026-08-16 21:11:39.920   Successfully installed the file.
2026-08-16 21:11:39.921   -- File entry --
2026-08-16 21:11:39.921   Dest filename: C:\Users\in15\AppData\Local\DriveBackup\_internal\nicegui\elements\codemirror\dist\index-DdDeLsjr.js
2026-08-16 21:11:39.921   Time stamp of our file: 2026-08-16 21:06:04.000
2026-08-16 21:11:39.922   Dest file exists.
2026-08-16 21:11:39.922   Time stamp of existing file: 2026-08-16 21:06:04.000
2026-08-16 21:11:39.922   Installing the file.
2026-08-16 21:11:39.929   Successfully installed the file.
2026-08-16 21:11:39.929   -- File entry --
2026-08-16 21:11:39.930   Dest filename: C:\Users\in15\AppData\Local\DriveBackup\_internal\nicegui\elements\codemirror\dist\index-DLeGQxSn.js
2026-08-16 21:11:39.930   Time stamp of our file: 2026-08-16 21:06:04.000
2026-08-16 21:11:39.930   Dest file exists.
2026-08-16 21:11:39.930   Time stamp of existing file: 2026-08-16 21:06:04.000
2026-08-16 21:11:39.931   Installing the file.
2026-08-16 21:11:39.939   Successfully installed the file.
2026-08-16 21:11:39.939   -- File entry --
2026-08-16 21:11:39.939   Dest filename: C:\Users\in15\AppData\Local\DriveBackup\_internal\nicegui\elements\codemirror\dist\index-DNBTB2TY.js
2026-08-16 21:11:39.939   Time stamp of our file: 2026-08-16 21:06:04.000
2026-08-16 21:11:39.939   Dest file exists.
2026-08-16 21:11:39.939   Time stamp of existing file: 2026-08-16 21:06:04.000
2026-08-16 21:11:39.939   Installing the file.
2026-08-16 21:11:39.948   Successfully installed the file.
2026-08-16 21:11:39.949   -- File entry --
2026-08-16 21:11:39.949   Dest filename: C:\Users\in15\AppData\Local\DriveBackup\_internal\nicegui\elements\codemirror\dist\index-DoamnB4e.js
2026-08-16 21:11:39.950   Time stamp of our file: 2026-08-16 21:06:04.000
2026-08-16 21:11:39.950   Dest file exists.
2026-08-16 21:11:39.950   Time stamp of existing file: 2026-08-16 21:06:04.000
2026-08-16 21:11:39.950   Installing the file.
2026-08-16 21:11:39.958   Successfully installed the file.
2026-08-16 21:11:39.959   -- File entry --
2026-08-16 21:11:39.959   Dest filename: C:\Users\in15\AppData\Local\DriveBackup\_internal\nicegui\elements\codemirror\dist\index-DxYzuUsy.js
2026-08-16 21:11:39.960   Time stamp of our file: 2026-08-16 21:06:04.000
2026-08-16 21:11:39.960   Dest file exists.
2026-08-16 21:11:39.960   Time stamp of existing file: 2026-08-16 21:06:04.000
2026-08-16 21:11:39.960   Installing the file.
2026-08-16 21:11:39.975   Successfully installed the file.
2026-08-16 21:11:39.975   -- File entry --
2026-08-16 21:11:39.977   Dest filename: C:\Users\in15\AppData\Local\DriveBackup\_internal\nicegui\elements\codemirror\dist\index-fNO8kRX1.js
2026-08-16 21:11:39.977   Time stamp of our file: 2026-08-16 21:06:04.000
2026-08-16 21:11:39.977   Dest file exists.
2026-08-16 21:11:39.978   Time stamp of existing file: 2026-08-16 21:06:04.000
2026-08-16 21:11:39.978   Installing the file.
2026-08-16 21:11:39.994   Successfully installed the file.
2026-08-16 21:11:39.994   -- File entry --
2026-08-16 21:11:39.994   Dest filename: C:\Users\in15\AppData\Local\DriveBackup\_internal\nicegui\elements\codemirror\dist\index-Nq7t1WDl.js
2026-08-16 21:11:39.995   Time stamp of our file: 2026-08-16 21:06:04.000
2026-08-16 21:11:39.995   Dest file exists.
2026-08-16 21:11:39.995   Time stamp of existing file: 2026-08-16 21:06:04.000
2026-08-16 21:11:39.995   Installing the file.
2026-08-16 21:11:40.007   Successfully installed the file.
2026-08-16 21:11:40.007   -- File entry --
2026-08-16 21:11:40.007   Dest filename: C:\Users\in15\AppData\Local\DriveBackup\_internal\nicegui\elements\codemirror\dist\index.js
2026-08-16 21:11:40.007   Time stamp of our file: 2026-08-16 21:06:04.000
2026-08-16 21:11:40.007   Dest file exists.
2026-08-16 21:11:40.007   Time stamp of existing file: 2026-08-16 21:06:04.000
2026-08-16 21:11:40.007   Installing the file.
2026-08-16 21:11:40.016   Successfully installed the file.
2026-08-16 21:11:40.018   -- File entry --
2026-08-16 21:11:40.018   Dest filename: C:\Users\in15\AppData\Local\DriveBackup\_internal\nicegui\elements\codemirror\dist\javascript-BVaBnk3P.js
2026-08-16 21:11:40.019   Time stamp of our file: 2026-08-16 21:06:04.000
2026-08-16 21:11:40.019   Dest file exists.
2026-08-16 21:11:40.019   Time stamp of existing file: 2026-08-16 21:06:04.000
2026-08-16 21:11:40.019   Installing the file.
2026-08-16 21:11:40.026   Successfully installed the file.
2026-08-16 21:11:40.026   -- File entry --
2026-08-16 21:11:40.026   Dest filename: C:\Users\in15\AppData\Local\DriveBackup\_internal\nicegui\elements\codemirror\dist\jinja2-DhgKlfW7.js
2026-08-16 21:11:40.027   Time stamp of our file: 2026-08-16 21:06:04.000
2026-08-16 21:11:40.027   Dest file exists.
2026-08-16 21:11:40.027   Time stamp of existing file: 2026-08-16 21:06:04.000
2026-08-16 21:11:40.027   Installing the file.
2026-08-16 21:11:40.036   Successfully installed the file.
2026-08-16 21:11:40.037   -- File entry --
2026-08-16 21:11:40.037   Dest filename: C:\Users\in15\AppData\Local\DriveBackup\_internal\nicegui\elements\codemirror\dist\julia-DjdwvFuI.js
2026-08-16 21:11:40.038   Time stamp of our file: 2026-08-16 21:06:04.000
2026-08-16 21:11:40.038   Dest file exists.
2026-08-16 21:11:40.038   Time stamp of existing file: 2026-08-16 21:06:04.000
2026-08-16 21:11:40.038   Installing the file.
2026-08-16 21:11:40.042   Successfully installed the file.
2026-08-16 21:11:40.043   -- File entry --
2026-08-16 21:11:40.043   Dest filename: C:\Users\in15\AppData\Local\DriveBackup\_internal\nicegui\elements\codemirror\dist\livescript-HO6ttBFx.js
2026-08-16 21:11:40.044   Time stamp of our file: 2026-08-16 21:06:04.000
2026-08-16 21:11:40.044   Dest file exists.
2026-08-16 21:11:40.044   Time stamp of existing file: 2026-08-16 21:06:04.000
2026-08-16 21:11:40.044   Installing the file.
2026-08-16 21:11:40.051   Successfully installed the file.
2026-08-16 21:11:40.051   -- File entry --
2026-08-16 21:11:40.055   Dest filename: C:\Users\in15\AppData\Local\DriveBackup\_internal\nicegui\elements\codemirror\dist\lua-8DXOpKDz.js
2026-08-16 21:11:40.055   Time stamp of our file: 2026-08-16 21:06:04.000
2026-08-16 21:11:40.055   Dest file exists.
2026-08-16 21:11:40.055   Time stamp of existing file: 2026-08-16 21:06:04.000
2026-08-16 21:11:40.055   Installing the file.
2026-08-16 21:11:40.067   Successfully installed the file.
2026-08-16 21:11:40.067   -- File entry --
2026-08-16 21:11:40.067   Dest filename: C:\Users\in15\AppData\Local\DriveBackup\_internal\nicegui\elements\codemirror\dist\mathematica-IIbmv7SK.js
2026-08-16 21:11:40.069   Time stamp of our file: 2026-08-16 21:06:04.000
2026-08-16 21:11:40.069   Dest file exists.
2026-08-16 21:11:40.069   Time stamp of existing file: 2026-08-16 21:06:04.000
2026-08-16 21:11:40.069   Installing the file.
2026-08-16 21:11:40.075   Successfully installed the file.
2026-08-16 21:11:40.079   -- File entry --
2026-08-16 21:11:40.079   Dest filename: C:\Users\in15\AppData\Local\DriveBackup\_internal\nicegui\elements\codemirror\dist\mbox-z_N2Mo3d.js
2026-08-16 21:11:40.080   Time stamp of our file: 2026-08-16 21:06:04.000
2026-08-16 21:11:40.080   Dest file exists.
2026-08-16 21:11:40.081   Time stamp of existing file: 2026-08-16 21:06:04.000
2026-08-16 21:11:40.081   Installing the file.
2026-08-16 21:11:40.094   Successfully installed the file.
2026-08-16 21:11:40.094   -- File entry --
2026-08-16 21:11:40.095   Dest filename: C:\Users\in15\AppData\Local\DriveBackup\_internal\nicegui\elements\codemirror\dist\mirc-DkvFAiy5.js
2026-08-16 21:11:40.095   Time stamp of our file: 2026-08-16 21:06:04.000
2026-08-16 21:11:40.095   Dest file exists.
2026-08-16 21:11:40.095   Time stamp of existing file: 2026-08-16 21:06:04.000
2026-08-16 21:11:40.096   Installing the file.
2026-08-16 21:11:40.107   Successfully installed the file.
2026-08-16 21:11:40.108   -- File entry --
2026-08-16 21:11:40.108   Dest filename: C:\Users\in15\AppData\Local\DriveBackup\_internal\nicegui\elements\codemirror\dist\mllike-3c2dg9RT.js
2026-08-16 21:11:40.109   Time stamp of our file: 2026-08-16 21:06:04.000
2026-08-16 21:11:40.109   Dest file exists.
2026-08-16 21:11:40.109   Time stamp of existing file: 2026-08-16 21:06:04.000
2026-08-16 21:11:40.109   Installing the file.
2026-08-16 21:11:40.116   Successfully installed the file.
2026-08-16 21:11:40.116   -- File entry --
2026-08-16 21:11:40.118   Dest filename: C:\Users\in15\AppData\Local\DriveBackup\_internal\nicegui\elements\codemirror\dist\modelica-DSrSSXCg.js
2026-08-16 21:11:40.118   Time stamp of our file: 2026-08-16 21:06:04.000
2026-08-16 21:11:40.118   Dest file exists.
2026-08-16 21:11:40.118   Time stamp of existing file: 2026-08-16 21:06:04.000
2026-08-16 21:11:40.118   Installing the file.
2026-08-16 21:11:40.124   Successfully installed the file.
2026-08-16 21:11:40.124   -- File entry --
2026-08-16 21:11:40.126   Dest filename: C:\Users\in15\AppData\Local\DriveBackup\_internal\nicegui\elements\codemirror\dist\mscgen-B2igx18G.js
2026-08-16 21:11:40.126   Time stamp of our file: 2026-08-16 21:06:04.000
2026-08-16 21:11:40.126   Dest file exists.
2026-08-16 21:11:40.126   Time stamp of existing file: 2026-08-16 21:06:04.000
2026-08-16 21:11:40.129   Installing the file.
2026-08-16 21:11:40.138   Successfully installed the file.
2026-08-16 21:11:40.138   -- File entry --
2026-08-16 21:11:40.140   Dest filename: C:\Users\in15\AppData\Local\DriveBackup\_internal\nicegui\elements\codemirror\dist\mumps-zvxmGV4l.js
2026-08-16 21:11:40.140   Time stamp of our file: 2026-08-16 21:06:04.000
2026-08-16 21:11:40.140   Dest file exists.
2026-08-16 21:11:40.140   Time stamp of existing file: 2026-08-16 21:06:04.000
2026-08-16 21:11:40.140   Installing the file.
2026-08-16 21:11:40.149   Successfully installed the file.
2026-08-16 21:11:40.150   -- File entry --
2026-08-16 21:11:40.153   Dest filename: C:\Users\in15\AppData\Local\DriveBackup\_internal\nicegui\elements\codemirror\dist\nginx-B4hAVlXN.js
2026-08-16 21:11:40.154   Time stamp of our file: 2026-08-16 21:06:04.000
2026-08-16 21:11:40.154   Dest file exists.
2026-08-16 21:11:40.154   Time stamp of existing file: 2026-08-16 21:06:04.000
2026-08-16 21:11:40.154   Installing the file.
2026-08-16 21:11:40.162   Successfully installed the file.
2026-08-16 21:11:40.165   -- File entry --
2026-08-16 21:11:40.167   Dest filename: C:\Users\in15\AppData\Local\DriveBackup\_internal\nicegui\elements\codemirror\dist\nsis-BvKfQ9lQ.js
2026-08-16 21:11:40.167   Time stamp of our file: 2026-08-16 21:06:04.000
2026-08-16 21:11:40.167   Dest file exists.
2026-08-16 21:11:40.167   Time stamp of existing file: 2026-08-16 21:06:04.000
2026-08-16 21:11:40.168   Installing the file.
2026-08-16 21:11:40.178   Successfully installed the file.
2026-08-16 21:11:40.179   -- File entry --
2026-08-16 21:11:40.180   Dest filename: C:\Users\in15\AppData\Local\DriveBackup\_internal\nicegui\elements\codemirror\dist\ntriples-BSwWqoLa.js
2026-08-16 21:11:40.180   Time stamp of our file: 2026-08-16 21:06:04.000
2026-08-16 21:11:40.180   Dest file exists.
2026-08-16 21:11:40.180   Time stamp of existing file: 2026-08-16 21:06:04.000
2026-08-16 21:11:40.184   Installing the file.
2026-08-16 21:11:40.194   Successfully installed the file.
2026-08-16 21:11:40.194   -- File entry --
2026-08-16 21:11:40.194   Dest filename: C:\Users\in15\AppData\Local\DriveBackup\_internal\nicegui\elements\codemirror\dist\octave-C4hdQ5Hf.js
2026-08-16 21:11:40.202   Time stamp of our file: 2026-08-16 21:06:04.000
2026-08-16 21:11:40.202   Dest file exists.
2026-08-16 21:11:40.202   Time stamp of existing file: 2026-08-16 21:06:04.000
2026-08-16 21:11:40.202   Installing the file.
2026-08-16 21:11:40.208   Successfully installed the file.
2026-08-16 21:11:40.208   -- File entry --
2026-08-16 21:11:40.210   Dest filename: C:\Users\in15\AppData\Local\DriveBackup\_internal\nicegui\elements\codemirror\dist\oz-qQq7irPq.js
2026-08-16 21:11:40.210   Time stamp of our file: 2026-08-16 21:06:04.000
2026-08-16 21:11:40.210   Dest file exists.
2026-08-16 21:11:40.210   Time stamp of existing file: 2026-08-16 21:06:04.000
2026-08-16 21:11:40.212   Installing the file.
2026-08-16 21:11:40.220   Successfully installed the file.
2026-08-16 21:11:40.220   -- File entry --
2026-08-16 21:11:40.221   Dest filename: C:\Users\in15\AppData\Local\DriveBackup\_internal\nicegui\elements\codemirror\dist\pascal-CafrKXZF.js
2026-08-16 21:11:40.221   Time stamp of our file: 2026-08-16 21:06:04.000
2026-08-16 21:11:40.221   Dest file exists.
2026-08-16 21:11:40.221   Time stamp of existing file: 2026-08-16 21:06:04.000
2026-08-16 21:11:40.222   Installing the file.
2026-08-16 21:11:40.229   Successfully installed the file.
2026-08-16 21:11:40.229   -- File entry --
2026-08-16 21:11:40.230   Dest filename: C:\Users\in15\AppData\Local\DriveBackup\_internal\nicegui\elements\codemirror\dist\perl-tdMlh9QA.js
2026-08-16 21:11:40.230   Time stamp of our file: 2026-08-16 21:06:04.000
2026-08-16 21:11:40.230   Dest file exists.
2026-08-16 21:11:40.231   Time stamp of existing file: 2026-08-16 21:06:04.000
2026-08-16 21:11:40.231   Installing the file.
2026-08-16 21:11:40.242   Successfully installed the file.
2026-08-16 21:11:40.242   -- File entry --
2026-08-16 21:11:40.243   Dest filename: C:\Users\in15\AppData\Local\DriveBackup\_internal\nicegui\elements\codemirror\dist\pig-CwGJVRC4.js
2026-08-16 21:11:40.243   Time stamp of our file: 2026-08-16 21:06:04.000
2026-08-16 21:11:40.243   Dest file exists.
2026-08-16 21:11:40.244   Time stamp of existing file: 2026-08-16 21:06:04.000
2026-08-16 21:11:40.244   Installing the file.
2026-08-16 21:11:40.252   Successfully installed the file.
2026-08-16 21:11:40.252   -- File entry --
2026-08-16 21:11:40.254   Dest filename: C:\Users\in15\AppData\Local\DriveBackup\_internal\nicegui\elements\codemirror\dist\powershell-D1ly3AHC.js
2026-08-16 21:11:40.254   Time stamp of our file: 2026-08-16 21:06:04.000
2026-08-16 21:11:40.254   Dest file exists.
2026-08-16 21:11:40.255   Time stamp of existing file: 2026-08-16 21:06:04.000
2026-08-16 21:11:40.255   Installing the file.
2026-08-16 21:11:40.261   Successfully installed the file.
2026-08-16 21:11:40.261   -- File entry --
2026-08-16 21:11:40.262   Dest filename: C:\Users\in15\AppData\Local\DriveBackup\_internal\nicegui\elements\codemirror\dist\properties-_nPj978X.js
2026-08-16 21:11:40.262   Time stamp of our file: 2026-08-16 21:06:04.000
2026-08-16 21:11:40.262   Dest file exists.
2026-08-16 21:11:40.263   Time stamp of existing file: 2026-08-16 21:06:04.000
2026-08-16 21:11:40.263   Installing the file.
2026-08-16 21:11:40.269   Successfully installed the file.
2026-08-16 21:11:40.269   -- File entry --
2026-08-16 21:11:40.272   Dest filename: C:\Users\in15\AppData\Local\DriveBackup\_internal\nicegui\elements\codemirror\dist\protobuf-B4y9do6W.js
2026-08-16 21:11:40.272   Time stamp of our file: 2026-08-16 21:06:04.000
2026-08-16 21:11:40.272   Dest file exists.
2026-08-16 21:11:40.272   Time stamp of existing file: 2026-08-16 21:06:04.000
2026-08-16 21:11:40.272   Installing the file.
2026-08-16 21:11:40.277   Successfully installed the file.
2026-08-16 21:11:40.277   -- File entry --
2026-08-16 21:11:40.278   Dest filename: C:\Users\in15\AppData\Local\DriveBackup\_internal\nicegui\elements\codemirror\dist\pug-Dlfivyh-.js
2026-08-16 21:11:40.278   Time stamp of our file: 2026-08-16 21:06:04.000
2026-08-16 21:11:40.278   Dest file exists.
2026-08-16 21:11:40.279   Time stamp of existing file: 2026-08-16 21:06:04.000
2026-08-16 21:11:40.279   Installing the file.
2026-08-16 21:11:40.288   Successfully installed the file.
2026-08-16 21:11:40.288   -- File entry --
2026-08-16 21:11:40.288   Dest filename: C:\Users\in15\AppData\Local\DriveBackup\_internal\nicegui\elements\codemirror\dist\puppet-Bc-yJKzi.js
2026-08-16 21:11:40.289   Time stamp of our file: 2026-08-16 21:06:04.000
2026-08-16 21:11:40.289   Dest file exists.
2026-08-16 21:11:40.289   Time stamp of existing file: 2026-08-16 21:06:04.000
2026-08-16 21:11:40.289   Installing the file.
2026-08-16 21:11:40.294   Successfully installed the file.
2026-08-16 21:11:40.294   -- File entry --
2026-08-16 21:11:40.295   Dest filename: C:\Users\in15\AppData\Local\DriveBackup\_internal\nicegui\elements\codemirror\dist\python-On6Xi21R.js
2026-08-16 21:11:40.296   Time stamp of our file: 2026-08-16 21:06:04.000
2026-08-16 21:11:40.296   Dest file exists.
2026-08-16 21:11:40.296   Time stamp of existing file: 2026-08-16 21:06:04.000
2026-08-16 21:11:40.296   Installing the file.
2026-08-16 21:11:40.308   Successfully installed the file.
2026-08-16 21:11:40.308   -- File entry --
2026-08-16 21:11:40.308   Dest filename: C:\Users\in15\AppData\Local\DriveBackup\_internal\nicegui\elements\codemirror\dist\q-B0kTJ4cI.js
2026-08-16 21:11:40.309   Time stamp of our file: 2026-08-16 21:06:04.000
2026-08-16 21:11:40.309   Dest file exists.
2026-08-16 21:11:40.309   Time stamp of existing file: 2026-08-16 21:06:04.000
2026-08-16 21:11:40.309   Installing the file.
2026-08-16 21:11:40.318   Successfully installed the file.
2026-08-16 21:11:40.319   -- File entry --
2026-08-16 21:11:40.320   Dest filename: C:\Users\in15\AppData\Local\DriveBackup\_internal\nicegui\elements\codemirror\dist\r-BA4EbLKE.js
2026-08-16 21:11:40.321   Time stamp of our file: 2026-08-16 21:06:04.000
2026-08-16 21:11:40.321   Dest file exists.
2026-08-16 21:11:40.321   Time stamp of existing file: 2026-08-16 21:06:04.000
2026-08-16 21:11:40.321   Installing the file.
2026-08-16 21:11:40.330   Successfully installed the file.
2026-08-16 21:11:40.330   -- File entry --
2026-08-16 21:11:40.333   Dest filename: C:\Users\in15\AppData\Local\DriveBackup\_internal\nicegui\elements\codemirror\dist\rpm-DI_rRufH.js
2026-08-16 21:11:40.333   Time stamp of our file: 2026-08-16 21:06:04.000
2026-08-16 21:11:40.333   Dest file exists.
2026-08-16 21:11:40.333   Time stamp of existing file: 2026-08-16 21:06:04.000
2026-08-16 21:11:40.334   Installing the file.
2026-08-16 21:11:40.342   Successfully installed the file.
2026-08-16 21:11:40.342   -- File entry --
2026-08-16 21:11:40.343   Dest filename: C:\Users\in15\AppData\Local\DriveBackup\_internal\nicegui\elements\codemirror\dist\ruby-CR-u2WLS.js
2026-08-16 21:11:40.344   Time stamp of our file: 2026-08-16 21:06:04.000
2026-08-16 21:11:40.344   Dest file exists.
2026-08-16 21:11:40.344   Time stamp of existing file: 2026-08-16 21:06:04.000
2026-08-16 21:11:40.344   Installing the file.
2026-08-16 21:11:40.350   Successfully installed the file.
2026-08-16 21:11:40.350   -- File entry --
2026-08-16 21:11:40.350   Dest filename: C:\Users\in15\AppData\Local\DriveBackup\_internal\nicegui\elements\codemirror\dist\sas-Bqaci40L.js
2026-08-16 21:11:40.350   Time stamp of our file: 2026-08-16 21:06:04.000
2026-08-16 21:11:40.350   Dest file exists.
2026-08-16 21:11:40.352   Time stamp of existing file: 2026-08-16 21:06:04.000
2026-08-16 21:11:40.352   Installing the file.
2026-08-16 21:11:40.356   Successfully installed the file.
2026-08-16 21:11:40.356   -- File entry --
2026-08-16 21:11:40.358   Dest filename: C:\Users\in15\AppData\Local\DriveBackup\_internal\nicegui\elements\codemirror\dist\scheme-qjP0V5Ag.js
2026-08-16 21:11:40.358   Time stamp of our file: 2026-08-16 21:06:04.000
2026-08-16 21:11:40.358   Dest file exists.
2026-08-16 21:11:40.358   Time stamp of existing file: 2026-08-16 21:06:04.000
2026-08-16 21:11:40.358   Installing the file.
2026-08-16 21:11:40.373   Successfully installed the file.
2026-08-16 21:11:40.373   -- File entry --
2026-08-16 21:11:40.373   Dest filename: C:\Users\in15\AppData\Local\DriveBackup\_internal\nicegui\elements\codemirror\dist\shell-BLav31RL.js
2026-08-16 21:11:40.377   Time stamp of our file: 2026-08-16 21:06:04.000
2026-08-16 21:11:40.377   Dest file exists.
2026-08-16 21:11:40.378   Time stamp of existing file: 2026-08-16 21:06:04.000
2026-08-16 21:11:40.378   Installing the file.
2026-08-16 21:11:40.401   Successfully installed the file.
2026-08-16 21:11:40.401   -- File entry --
2026-08-16 21:11:40.401   Dest filename: C:\Users\in15\AppData\Local\DriveBackup\_internal\nicegui\elements\codemirror\dist\sieve-r025o_jW.js
2026-08-16 21:11:40.413   Time stamp of our file: 2026-08-16 21:06:04.000
2026-08-16 21:11:40.413   Dest file exists.
2026-08-16 21:11:40.413   Time stamp of existing file: 2026-08-16 21:06:04.000
2026-08-16 21:11:40.414   Installing the file.
2026-08-16 21:11:40.438   Successfully installed the file.
2026-08-16 21:11:40.445   -- File entry --
2026-08-16 21:11:40.447   Dest filename: C:\Users\in15\AppData\Local\DriveBackup\_internal\nicegui\elements\codemirror\dist\simple-mode-C3vEBAcb.js
2026-08-16 21:11:40.447   Time stamp of our file: 2026-08-16 21:06:04.000
2026-08-16 21:11:40.447   Dest file exists.
2026-08-16 21:11:40.447   Time stamp of existing file: 2026-08-16 21:06:04.000
2026-08-16 21:11:40.447   Installing the file.
2026-08-16 21:11:40.465   Successfully installed the file.
2026-08-16 21:11:40.465   -- File entry --
2026-08-16 21:11:40.468   Dest filename: C:\Users\in15\AppData\Local\DriveBackup\_internal\nicegui\elements\codemirror\dist\smalltalk-C7J3IyEP.js
2026-08-16 21:11:40.470   Time stamp of our file: 2026-08-16 21:06:04.000
2026-08-16 21:11:40.470   Dest file exists.
2026-08-16 21:11:40.470   Time stamp of existing file: 2026-08-16 21:06:04.000
2026-08-16 21:11:40.470   Installing the file.
2026-08-16 21:11:40.484   Successfully installed the file.
2026-08-16 21:11:40.484   -- File entry --
2026-08-16 21:11:40.486   Dest filename: C:\Users\in15\AppData\Local\DriveBackup\_internal\nicegui\elements\codemirror\dist\solr-78MBEUkU.js
2026-08-16 21:11:40.486   Time stamp of our file: 2026-08-16 21:06:04.000
2026-08-16 21:11:40.486   Dest file exists.
2026-08-16 21:11:40.486   Time stamp of existing file: 2026-08-16 21:06:04.000
2026-08-16 21:11:40.486   Installing the file.
2026-08-16 21:11:40.498   Successfully installed the file.
2026-08-16 21:11:40.498   -- File entry --
2026-08-16 21:11:40.503   Dest filename: C:\Users\in15\AppData\Local\DriveBackup\_internal\nicegui\elements\codemirror\dist\sparql-BRLJFz69.js
2026-08-16 21:11:40.505   Time stamp of our file: 2026-08-16 21:06:04.000
2026-08-16 21:11:40.505   Dest file exists.
2026-08-16 21:11:40.505   Time stamp of existing file: 2026-08-16 21:06:04.000
2026-08-16 21:11:40.505   Installing the file.
2026-08-16 21:11:40.518   Successfully installed the file.
2026-08-16 21:11:40.518   -- File entry --
2026-08-16 21:11:40.520   Dest filename: C:\Users\in15\AppData\Local\DriveBackup\_internal\nicegui\elements\codemirror\dist\spreadsheet-CGlWr0eM.js
2026-08-16 21:11:40.521   Time stamp of our file: 2026-08-16 21:06:04.000
2026-08-16 21:11:40.521   Dest file exists.
2026-08-16 21:11:40.521   Time stamp of existing file: 2026-08-16 21:06:04.000
2026-08-16 21:11:40.522   Installing the file.
2026-08-16 21:11:40.527   Successfully installed the file.
2026-08-16 21:11:40.527   -- File entry --
2026-08-16 21:11:40.528   Dest filename: C:\Users\in15\AppData\Local\DriveBackup\_internal\nicegui\elements\codemirror\dist\sql-ByLYq2fX.js
2026-08-16 21:11:40.528   Time stamp of our file: 2026-08-16 21:06:04.000
2026-08-16 21:11:40.528   Dest file exists.
2026-08-16 21:11:40.528   Time stamp of existing file: 2026-08-16 21:06:04.000
2026-08-16 21:11:40.528   Installing the file.
2026-08-16 21:11:40.536   Successfully installed the file.
2026-08-16 21:11:40.536   -- File entry --
2026-08-16 21:11:40.536   Dest filename: C:\Users\in15\AppData\Local\DriveBackup\_internal\nicegui\elements\codemirror\dist\stex-BuioYw3P.js
2026-08-16 21:11:40.537   Time stamp of our file: 2026-08-16 21:06:04.000
2026-08-16 21:11:40.537   Dest file exists.
2026-08-16 21:11:40.537   Time stamp of existing file: 2026-08-16 21:06:04.000
2026-08-16 21:11:40.537   Installing the file.
2026-08-16 21:11:40.542   Successfully installed the file.
2026-08-16 21:11:40.542   -- File entry --
2026-08-16 21:11:40.543   Dest filename: C:\Users\in15\AppData\Local\DriveBackup\_internal\nicegui\elements\codemirror\dist\stylus-Bdo_Aemu.js
2026-08-16 21:11:40.543   Time stamp of our file: 2026-08-16 21:06:04.000
2026-08-16 21:11:40.543   Dest file exists.
2026-08-16 21:11:40.544   Time stamp of existing file: 2026-08-16 21:06:04.000
2026-08-16 21:11:40.544   Installing the file.
2026-08-16 21:11:40.549   Successfully installed the file.
2026-08-16 21:11:40.549   -- File entry --
2026-08-16 21:11:40.551   Dest filename: C:\Users\in15\AppData\Local\DriveBackup\_internal\nicegui\elements\codemirror\dist\swift-B_XXVlXX.js
2026-08-16 21:11:40.551   Time stamp of our file: 2026-08-16 21:06:04.000
2026-08-16 21:11:40.551   Dest file exists.
2026-08-16 21:11:40.551   Time stamp of existing file: 2026-08-16 21:06:04.000
2026-08-16 21:11:40.551   Installing the file.
2026-08-16 21:11:40.557   Successfully installed the file.
2026-08-16 21:11:40.557   -- File entry --
2026-08-16 21:11:40.557   Dest filename: C:\Users\in15\AppData\Local\DriveBackup\_internal\nicegui\elements\codemirror\dist\tcl-B2fODqDH.js
2026-08-16 21:11:40.557   Time stamp of our file: 2026-08-16 21:06:04.000
2026-08-16 21:11:40.557   Dest file exists.
2026-08-16 21:11:40.557   Time stamp of existing file: 2026-08-16 21:06:04.000
2026-08-16 21:11:40.557   Installing the file.
2026-08-16 21:11:40.565   Successfully installed the file.
2026-08-16 21:11:40.565   -- File entry --
2026-08-16 21:11:40.567   Dest filename: C:\Users\in15\AppData\Local\DriveBackup\_internal\nicegui\elements\codemirror\dist\textile-BuVhTOzU.js
2026-08-16 21:11:40.567   Time stamp of our file: 2026-08-16 21:06:04.000
2026-08-16 21:11:40.567   Dest file exists.
2026-08-16 21:11:40.567   Time stamp of existing file: 2026-08-16 21:06:04.000
2026-08-16 21:11:40.567   Installing the file.
2026-08-16 21:11:40.573   Successfully installed the file.
2026-08-16 21:11:40.573   -- File entry --
2026-08-16 21:11:40.575   Dest filename: C:\Users\in15\AppData\Local\DriveBackup\_internal\nicegui\elements\codemirror\dist\tiddlywiki-BgR6AEZu.js
2026-08-16 21:11:40.575   Time stamp of our file: 2026-08-16 21:06:04.000
2026-08-16 21:11:40.575   Dest file exists.
2026-08-16 21:11:40.575   Time stamp of existing file: 2026-08-16 21:06:04.000
2026-08-16 21:11:40.575   Installing the file.
2026-08-16 21:11:40.582   Successfully installed the file.
2026-08-16 21:11:40.582   -- File entry --
2026-08-16 21:11:40.584   Dest filename: C:\Users\in15\AppData\Local\DriveBackup\_internal\nicegui\elements\codemirror\dist\tiki-CI-ztowC.js
2026-08-16 21:11:40.584   Time stamp of our file: 2026-08-16 21:06:04.000
2026-08-16 21:11:40.584   Dest file exists.
2026-08-16 21:11:40.585   Time stamp of existing file: 2026-08-16 21:06:04.000
2026-08-16 21:11:40.585   Installing the file.
2026-08-16 21:11:40.590   Successfully installed the file.
2026-08-16 21:11:40.590   -- File entry --
2026-08-16 21:11:40.590   Dest filename: C:\Users\in15\AppData\Local\DriveBackup\_internal\nicegui\elements\codemirror\dist\toml-wcPdHu67.js
2026-08-16 21:11:40.591   Time stamp of our file: 2026-08-16 21:06:04.000
2026-08-16 21:11:40.591   Dest file exists.
2026-08-16 21:11:40.591   Time stamp of existing file: 2026-08-16 21:06:04.000
2026-08-16 21:11:40.591   Installing the file.
2026-08-16 21:11:40.598   Successfully installed the file.
2026-08-16 21:11:40.599   -- File entry --
2026-08-16 21:11:40.599   Dest filename: C:\Users\in15\AppData\Local\DriveBackup\_internal\nicegui\elements\codemirror\dist\troff-Ce85hlLp.js
2026-08-16 21:11:40.599   Time stamp of our file: 2026-08-16 21:06:04.000
2026-08-16 21:11:40.599   Dest file exists.
2026-08-16 21:11:40.600   Time stamp of existing file: 2026-08-16 21:06:04.000
2026-08-16 21:11:40.600   Installing the file.
2026-08-16 21:11:40.605   Successfully installed the file.
2026-08-16 21:11:40.605   -- File entry --
2026-08-16 21:11:40.605   Dest filename: C:\Users\in15\AppData\Local\DriveBackup\_internal\nicegui\elements\codemirror\dist\ttcn-BxnYHtq8.js
2026-08-16 21:11:40.606   Time stamp of our file: 2026-08-16 21:06:04.000
2026-08-16 21:11:40.606   Dest file exists.
2026-08-16 21:11:40.606   Time stamp of existing file: 2026-08-16 21:06:04.000
2026-08-16 21:11:40.606   Installing the file.
2026-08-16 21:11:40.611   Successfully installed the file.
2026-08-16 21:11:40.611   -- File entry --
2026-08-16 21:11:40.611   Dest filename: C:\Users\in15\AppData\Local\DriveBackup\_internal\nicegui\elements\codemirror\dist\ttcn-cfg-CKJxb-l2.js
2026-08-16 21:11:40.612   Time stamp of our file: 2026-08-16 21:06:04.000
2026-08-16 21:11:40.612   Dest file exists.
2026-08-16 21:11:40.612   Time stamp of existing file: 2026-08-16 21:06:04.000
2026-08-16 21:11:40.613   Installing the file.
2026-08-16 21:11:40.616   Successfully installed the file.
2026-08-16 21:11:40.616   -- File entry --
2026-08-16 21:11:40.616   Dest filename: C:\Users\in15\AppData\Local\DriveBackup\_internal\nicegui\elements\codemirror\dist\turtle-BkSuIpt-.js
2026-08-16 21:11:40.616   Time stamp of our file: 2026-08-16 21:06:04.000
2026-08-16 21:11:40.616   Dest file exists.
2026-08-16 21:11:40.616   Time stamp of existing file: 2026-08-16 21:06:04.000
2026-08-16 21:11:40.616   Installing the file.
2026-08-16 21:11:40.622   Successfully installed the file.
2026-08-16 21:11:40.624   -- File entry --
2026-08-16 21:11:40.624   Dest filename: C:\Users\in15\AppData\Local\DriveBackup\_internal\nicegui\elements\codemirror\dist\vb-BHgjm0DN.js
2026-08-16 21:11:40.625   Time stamp of our file: 2026-08-16 21:06:04.000
2026-08-16 21:11:40.625   Dest file exists.
2026-08-16 21:11:40.625   Time stamp of existing file: 2026-08-16 21:06:04.000
2026-08-16 21:11:40.625   Installing the file.
2026-08-16 21:11:40.634   Successfully installed the file.
2026-08-16 21:11:40.634   -- File entry --
2026-08-16 21:11:40.634   Dest filename: C:\Users\in15\AppData\Local\DriveBackup\_internal\nicegui\elements\codemirror\dist\vbscript-VzWlGt02.js
2026-08-16 21:11:40.634   Time stamp of our file: 2026-08-16 21:06:04.000
2026-08-16 21:11:40.634   Dest file exists.
2026-08-16 21:11:40.634   Time stamp of existing file: 2026-08-16 21:06:04.000
2026-08-16 21:11:40.634   Installing the file.
2026-08-16 21:11:40.640   Successfully installed the file.
2026-08-16 21:11:40.640   -- File entry --
2026-08-16 21:11:40.642   Dest filename: C:\Users\in15\AppData\Local\DriveBackup\_internal\nicegui\elements\codemirror\dist\velocity-BdD_26Jv.js
2026-08-16 21:11:40.642   Time stamp of our file: 2026-08-16 21:06:04.000
2026-08-16 21:11:40.642   Dest file exists.
2026-08-16 21:11:40.642   Time stamp of existing file: 2026-08-16 21:06:04.000
2026-08-16 21:11:40.642   Installing the file.
2026-08-16 21:11:40.648   Successfully installed the file.
2026-08-16 21:11:40.648   -- File entry --
2026-08-16 21:11:40.649   Dest filename: C:\Users\in15\AppData\Local\DriveBackup\_internal\nicegui\elements\codemirror\dist\verilog-C8nH2N0M.js
2026-08-16 21:11:40.649   Time stamp of our file: 2026-08-16 21:06:04.000
2026-08-16 21:11:40.649   Dest file exists.
2026-08-16 21:11:40.650   Time stamp of existing file: 2026-08-16 21:06:04.000
2026-08-16 21:11:40.650   Installing the file.
2026-08-16 21:11:40.655   Successfully installed the file.
2026-08-16 21:11:40.656   -- File entry --
2026-08-16 21:11:40.656   Dest filename: C:\Users\in15\AppData\Local\DriveBackup\_internal\nicegui\elements\codemirror\dist\vhdl-CWWH2SUo.js
2026-08-16 21:11:40.657   Time stamp of our file: 2026-08-16 21:06:04.000
2026-08-16 21:11:40.657   Dest file exists.
2026-08-16 21:11:40.657   Time stamp of existing file: 2026-08-16 21:06:04.000
2026-08-16 21:11:40.657   Installing the file.
2026-08-16 21:11:40.662   Successfully installed the file.
2026-08-16 21:11:40.662   -- File entry --
2026-08-16 21:11:40.662   Dest filename: C:\Users\in15\AppData\Local\DriveBackup\_internal\nicegui\elements\codemirror\dist\webidl-CGwyPRYs.js
2026-08-16 21:11:40.663   Time stamp of our file: 2026-08-16 21:06:04.000
2026-08-16 21:11:40.663   Dest file exists.
2026-08-16 21:11:40.663   Time stamp of existing file: 2026-08-16 21:06:04.000
2026-08-16 21:11:40.663   Installing the file.
2026-08-16 21:11:40.667   Successfully installed the file.
2026-08-16 21:11:40.668   -- File entry --
2026-08-16 21:11:40.668   Dest filename: C:\Users\in15\AppData\Local\DriveBackup\_internal\nicegui\elements\codemirror\dist\xquery-CVDBqZPY.js
2026-08-16 21:11:40.669   Time stamp of our file: 2026-08-16 21:06:04.000
2026-08-16 21:11:40.669   Dest file exists.
2026-08-16 21:11:40.669   Time stamp of existing file: 2026-08-16 21:06:04.000
2026-08-16 21:11:40.669   Installing the file.
2026-08-16 21:11:40.673   Successfully installed the file.
2026-08-16 21:11:40.674   -- File entry --
2026-08-16 21:11:40.674   Dest filename: C:\Users\in15\AppData\Local\DriveBackup\_internal\nicegui\elements\codemirror\dist\yacas-I8QjZlxf.js
2026-08-16 21:11:40.674   Time stamp of our file: 2026-08-16 21:06:04.000
2026-08-16 21:11:40.674   Dest file exists.
2026-08-16 21:11:40.674   Time stamp of existing file: 2026-08-16 21:06:04.000
2026-08-16 21:11:40.675   Installing the file.
2026-08-16 21:11:40.679   Successfully installed the file.
2026-08-16 21:11:40.679   -- File entry --
2026-08-16 21:11:40.683   Dest filename: C:\Users\in15\AppData\Local\DriveBackup\_internal\nicegui\elements\codemirror\dist\z80-DMVFMNEx.js
2026-08-16 21:11:40.683   Time stamp of our file: 2026-08-16 21:06:04.000
2026-08-16 21:11:40.683   Dest file exists.
2026-08-16 21:11:40.683   Time stamp of existing file: 2026-08-16 21:06:04.000
2026-08-16 21:11:40.683   Installing the file.
2026-08-16 21:11:40.696   Successfully installed the file.
2026-08-16 21:11:40.697   -- File entry --
2026-08-16 21:11:40.697   Dest filename: C:\Users\in15\AppData\Local\DriveBackup\_internal\nicegui\elements\codemirror\src\index.mjs
2026-08-16 21:11:40.698   Time stamp of our file: 2026-08-16 21:06:04.000
2026-08-16 21:11:40.698   Dest file exists.
2026-08-16 21:11:40.698   Time stamp of existing file: 2026-08-16 21:06:04.000
2026-08-16 21:11:40.698   Installing the file.
2026-08-16 21:11:40.707   Successfully installed the file.
2026-08-16 21:11:40.707   -- File entry --
2026-08-16 21:11:40.707   Dest filename: C:\Users\in15\AppData\Local\DriveBackup\_internal\nicegui\elements\echart\echart.js
2026-08-16 21:11:40.708   Time stamp of our file: 2026-08-16 21:06:04.000
2026-08-16 21:11:40.708   Dest file exists.
2026-08-16 21:11:40.708   Time stamp of existing file: 2026-08-16 21:06:04.000
2026-08-16 21:11:40.708   Installing the file.
2026-08-16 21:11:40.713   Successfully installed the file.
2026-08-16 21:11:40.713   -- File entry --
2026-08-16 21:11:40.714   Dest filename: C:\Users\in15\AppData\Local\DriveBackup\_internal\nicegui\elements\echart\echart.py
2026-08-16 21:11:40.714   Time stamp of our file: 2026-08-16 21:06:04.000
2026-08-16 21:11:40.714   Dest file exists.
2026-08-16 21:11:40.714   Time stamp of existing file: 2026-08-16 21:06:04.000
2026-08-16 21:11:40.716   Installing the file.
2026-08-16 21:11:40.720   Successfully installed the file.
2026-08-16 21:11:40.721   -- File entry --
2026-08-16 21:11:40.721   Dest filename: C:\Users\in15\AppData\Local\DriveBackup\_internal\nicegui\elements\echart\package-lock.json
2026-08-16 21:11:40.722   Time stamp of our file: 2026-08-16 21:06:04.000
2026-08-16 21:11:40.722   Dest file exists.
2026-08-16 21:11:40.722   Time stamp of existing file: 2026-08-16 21:06:04.000
2026-08-16 21:11:40.722   Installing the file.
2026-08-16 21:11:40.728   Successfully installed the file.
2026-08-16 21:11:40.728   -- File entry --
2026-08-16 21:11:40.729   Dest filename: C:\Users\in15\AppData\Local\DriveBackup\_internal\nicegui\elements\echart\package.json
2026-08-16 21:11:40.729   Time stamp of our file: 2026-08-16 21:06:04.000
2026-08-16 21:11:40.729   Dest file exists.
2026-08-16 21:11:40.729   Time stamp of existing file: 2026-08-16 21:06:04.000
2026-08-16 21:11:40.730   Installing the file.
2026-08-16 21:11:40.738   Successfully installed the file.
2026-08-16 21:11:40.738   -- File entry --
2026-08-16 21:11:40.740   Dest filename: C:\Users\in15\AppData\Local\DriveBackup\_internal\nicegui\elements\echart\vite.config.js
2026-08-16 21:11:40.740   Time stamp of our file: 2026-08-16 21:06:04.000
2026-08-16 21:11:40.740   Dest file exists.
2026-08-16 21:11:40.740   Time stamp of existing file: 2026-08-16 21:06:04.000
2026-08-16 21:11:40.740   Installing the file.
2026-08-16 21:11:40.744   Successfully installed the file.
2026-08-16 21:11:40.744   -- File entry --
2026-08-16 21:11:40.744   Dest filename: C:\Users\in15\AppData\Local\DriveBackup\_internal\nicegui\elements\echart\__init__.py
2026-08-16 21:11:40.746   Time stamp of our file: 2026-08-16 21:06:04.000
2026-08-16 21:11:40.746   Dest file exists.
2026-08-16 21:11:40.746   Time stamp of existing file: 2026-08-16 21:06:04.000
2026-08-16 21:11:40.746   Installing the file.
2026-08-16 21:11:40.753   Successfully installed the file.
2026-08-16 21:11:40.753   -- File entry --
2026-08-16 21:11:40.753   Dest filename: C:\Users\in15\AppData\Local\DriveBackup\_internal\nicegui\elements\echart\dist\index-DlVyZyb_.js
2026-08-16 21:11:40.754   Time stamp of our file: 2026-08-16 21:06:04.000
2026-08-16 21:11:40.755   Dest file exists.
2026-08-16 21:11:40.755   Time stamp of existing file: 2026-08-16 21:06:04.000
2026-08-16 21:11:40.755   Installing the file.
2026-08-16 21:11:40.881   Successfully installed the file.
2026-08-16 21:11:40.881   -- File entry --
2026-08-16 21:11:40.881   Dest filename: C:\Users\in15\AppData\Local\DriveBackup\_internal\nicegui\elements\echart\dist\index-Drh96HPB.js
2026-08-16 21:11:40.882   Time stamp of our file: 2026-08-16 21:06:04.000
2026-08-16 21:11:40.882   Dest file exists.
2026-08-16 21:11:40.883   Time stamp of existing file: 2026-08-16 21:06:04.000
2026-08-16 21:11:40.883   Installing the file.
2026-08-16 21:11:40.942   Successfully installed the file.
2026-08-16 21:11:40.942   -- File entry --
2026-08-16 21:11:40.942   Dest filename: C:\Users\in15\AppData\Local\DriveBackup\_internal\nicegui\elements\echart\dist\index.js
2026-08-16 21:11:40.942   Time stamp of our file: 2026-08-16 21:06:04.000
2026-08-16 21:11:40.944   Dest file exists.
2026-08-16 21:11:40.944   Time stamp of existing file: 2026-08-16 21:06:04.000
2026-08-16 21:11:40.944   Installing the file.
2026-08-16 21:11:40.950   Successfully installed the file.
2026-08-16 21:11:40.951   -- File entry --
2026-08-16 21:11:40.951   Dest filename: C:\Users\in15\AppData\Local\DriveBackup\_internal\nicegui\elements\echart\src\index.mjs
2026-08-16 21:11:40.952   Time stamp of our file: 2026-08-16 21:06:04.000
2026-08-16 21:11:40.952   Dest file exists.
2026-08-16 21:11:40.952   Time stamp of existing file: 2026-08-16 21:06:04.000
2026-08-16 21:11:40.952   Installing the file.
2026-08-16 21:11:40.959   Successfully installed the file.
2026-08-16 21:11:40.959   -- File entry --
2026-08-16 21:11:40.959   Dest filename: C:\Users\in15\AppData\Local\DriveBackup\_internal\nicegui\elements\joystick\joystick.js
2026-08-16 21:11:40.960   Time stamp of our file: 2026-08-16 21:06:04.000
2026-08-16 21:11:40.960   Dest file exists.
2026-08-16 21:11:40.961   Time stamp of existing file: 2026-08-16 21:06:04.000
2026-08-16 21:11:40.962   Installing the file.
2026-08-16 21:11:40.966   Successfully installed the file.
2026-08-16 21:11:40.966   -- File entry --
2026-08-16 21:11:40.968   Dest filename: C:\Users\in15\AppData\Local\DriveBackup\_internal\nicegui\elements\joystick\joystick.py
2026-08-16 21:11:40.970   Time stamp of our file: 2026-08-16 21:06:04.000
2026-08-16 21:11:40.970   Dest file exists.
2026-08-16 21:11:40.970   Time stamp of existing file: 2026-08-16 21:06:04.000
2026-08-16 21:11:40.970   Installing the file.
2026-08-16 21:11:40.976   Successfully installed the file.
2026-08-16 21:11:40.976   -- File entry --
2026-08-16 21:11:40.976   Dest filename: C:\Users\in15\AppData\Local\DriveBackup\_internal\nicegui\elements\joystick\package-lock.json
2026-08-16 21:11:40.976   Time stamp of our file: 2026-08-16 21:06:04.000
2026-08-16 21:11:40.978   Dest file exists.
2026-08-16 21:11:40.978   Time stamp of existing file: 2026-08-16 21:06:04.000
2026-08-16 21:11:40.978   Installing the file.
2026-08-16 21:11:40.985   Successfully installed the file.
2026-08-16 21:11:40.985   -- File entry --
2026-08-16 21:11:40.985   Dest filename: C:\Users\in15\AppData\Local\DriveBackup\_internal\nicegui\elements\joystick\package.json
2026-08-16 21:11:40.986   Time stamp of our file: 2026-08-16 21:06:04.000
2026-08-16 21:11:40.987   Dest file exists.
2026-08-16 21:11:40.987   Time stamp of existing file: 2026-08-16 21:06:04.000
2026-08-16 21:11:40.988   Installing the file.
2026-08-16 21:11:40.992   Successfully installed the file.
2026-08-16 21:11:40.992   -- File entry --
2026-08-16 21:11:40.993   Dest filename: C:\Users\in15\AppData\Local\DriveBackup\_internal\nicegui\elements\joystick\rollup.config.mjs
2026-08-16 21:11:40.994   Time stamp of our file: 2026-08-16 21:06:04.000
2026-08-16 21:11:40.994   Dest file exists.
2026-08-16 21:11:40.994   Time stamp of existing file: 2026-08-16 21:06:04.000
2026-08-16 21:11:40.994   Installing the file.
2026-08-16 21:11:41.000   Successfully installed the file.
2026-08-16 21:11:41.001   -- File entry --
2026-08-16 21:11:41.001   Dest filename: C:\Users\in15\AppData\Local\DriveBackup\_internal\nicegui\elements\joystick\__init__.py
2026-08-16 21:11:41.001   Time stamp of our file: 2026-08-16 21:06:04.000
2026-08-16 21:11:41.001   Dest file exists.
2026-08-16 21:11:41.001   Time stamp of existing file: 2026-08-16 21:06:04.000
2026-08-16 21:11:41.001   Installing the file.
2026-08-16 21:11:41.008   Successfully installed the file.
2026-08-16 21:11:41.011   -- File entry --
2026-08-16 21:11:41.012   Dest filename: C:\Users\in15\AppData\Local\DriveBackup\_internal\nicegui\elements\joystick\dist\index.js
2026-08-16 21:11:41.013   Time stamp of our file: 2026-08-16 21:06:04.000
2026-08-16 21:11:41.013   Dest file exists.
2026-08-16 21:11:41.014   Time stamp of existing file: 2026-08-16 21:06:04.000
2026-08-16 21:11:41.014   Installing the file.
2026-08-16 21:11:41.026   Successfully installed the file.
2026-08-16 21:11:41.026   -- File entry --
2026-08-16 21:11:41.027   Dest filename: C:\Users\in15\AppData\Local\DriveBackup\_internal\nicegui\elements\joystick\src\index.mjs
2026-08-16 21:11:41.027   Time stamp of our file: 2026-08-16 21:06:04.000
2026-08-16 21:11:41.027   Dest file exists.
2026-08-16 21:11:41.029   Time stamp of existing file: 2026-08-16 21:06:04.000
2026-08-16 21:11:41.029   Installing the file.
2026-08-16 21:11:41.048   Successfully installed the file.
2026-08-16 21:11:41.050   -- File entry --
2026-08-16 21:11:41.051   Dest filename: C:\Users\in15\AppData\Local\DriveBackup\_internal\nicegui\elements\json_editor\json_editor.js
2026-08-16 21:11:41.051   Time stamp of our file: 2026-08-16 21:06:04.000
2026-08-16 21:11:41.051   Dest file exists.
2026-08-16 21:11:41.052   Time stamp of existing file: 2026-08-16 21:06:04.000
2026-08-16 21:11:41.052   Installing the file.
2026-08-16 21:11:41.060   Successfully installed the file.
2026-08-16 21:11:41.060   -- File entry --
2026-08-16 21:11:41.060   Dest filename: C:\Users\in15\AppData\Local\DriveBackup\_internal\nicegui\elements\json_editor\json_editor.py
2026-08-16 21:11:41.060   Time stamp of our file: 2026-08-16 21:06:04.000
2026-08-16 21:11:41.062   Dest file exists.
2026-08-16 21:11:41.062   Time stamp of existing file: 2026-08-16 21:06:04.000
2026-08-16 21:11:41.062   Installing the file.
2026-08-16 21:11:41.077   Successfully installed the file.
2026-08-16 21:11:41.077   -- File entry --
2026-08-16 21:11:41.077   Dest filename: C:\Users\in15\AppData\Local\DriveBackup\_internal\nicegui\elements\json_editor\package-lock.json
2026-08-16 21:11:41.078   Time stamp of our file: 2026-08-16 21:06:04.000
2026-08-16 21:11:41.078   Dest file exists.
2026-08-16 21:11:41.078   Time stamp of existing file: 2026-08-16 21:06:04.000
2026-08-16 21:11:41.078   Installing the file.
2026-08-16 21:11:41.086   Successfully installed the file.
2026-08-16 21:11:41.086   -- File entry --
2026-08-16 21:11:41.086   Dest filename: C:\Users\in15\AppData\Local\DriveBackup\_internal\nicegui\elements\json_editor\package.json
2026-08-16 21:11:41.087   Time stamp of our file: 2026-08-16 21:06:04.000
2026-08-16 21:11:41.087   Dest file exists.
2026-08-16 21:11:41.087   Time stamp of existing file: 2026-08-16 21:06:04.000
2026-08-16 21:11:41.087   Installing the file.
2026-08-16 21:11:41.094   Successfully installed the file.
2026-08-16 21:11:41.094   -- File entry --
2026-08-16 21:11:41.094   Dest filename: C:\Users\in15\AppData\Local\DriveBackup\_internal\nicegui\elements\json_editor\rollup.config.mjs
2026-08-16 21:11:41.095   Time stamp of our file: 2026-08-16 21:06:04.000
2026-08-16 21:11:41.095   Dest file exists.
2026-08-16 21:11:41.095   Time stamp of existing file: 2026-08-16 21:06:04.000
2026-08-16 21:11:41.095   Installing the file.
2026-08-16 21:11:41.102   Successfully installed the file.
2026-08-16 21:11:41.102   -- File entry --
2026-08-16 21:11:41.103   Dest filename: C:\Users\in15\AppData\Local\DriveBackup\_internal\nicegui\elements\json_editor\__init__.py
2026-08-16 21:11:41.104   Time stamp of our file: 2026-08-16 21:06:04.000
2026-08-16 21:11:41.104   Dest file exists.
2026-08-16 21:11:41.104   Time stamp of existing file: 2026-08-16 21:06:04.000
2026-08-16 21:11:41.104   Installing the file.
2026-08-16 21:11:41.108   Successfully installed the file.
2026-08-16 21:11:41.108   -- File entry --
2026-08-16 21:11:41.110   Dest filename: C:\Users\in15\AppData\Local\DriveBackup\_internal\nicegui\elements\json_editor\dist\index.js
2026-08-16 21:11:41.111   Time stamp of our file: 2026-08-16 21:06:04.000
2026-08-16 21:11:41.111   Dest file exists.
2026-08-16 21:11:41.111   Time stamp of existing file: 2026-08-16 21:06:04.000
2026-08-16 21:11:41.111   Installing the file.
2026-08-16 21:11:41.217   Successfully installed the file.
2026-08-16 21:11:41.217   -- File entry --
2026-08-16 21:11:41.217   Dest filename: C:\Users\in15\AppData\Local\DriveBackup\_internal\nicegui\elements\json_editor\src\index.mjs
2026-08-16 21:11:41.218   Time stamp of our file: 2026-08-16 21:06:04.000
2026-08-16 21:11:41.218   Dest file exists.
2026-08-16 21:11:41.218   Time stamp of existing file: 2026-08-16 21:06:04.000
2026-08-16 21:11:41.218   Installing the file.
2026-08-16 21:11:41.224   Successfully installed the file.
2026-08-16 21:11:41.224   -- File entry --
2026-08-16 21:11:41.224   Dest filename: C:\Users\in15\AppData\Local\DriveBackup\_internal\nicegui\elements\leaflet\leaflet.js
2026-08-16 21:11:41.225   Time stamp of our file: 2026-08-16 21:06:04.000
2026-08-16 21:11:41.225   Dest file exists.
2026-08-16 21:11:41.225   Time stamp of existing file: 2026-08-16 21:06:04.000
2026-08-16 21:11:41.225   Installing the file.
2026-08-16 21:11:41.232   Successfully installed the file.
2026-08-16 21:11:41.232   -- File entry --
2026-08-16 21:11:41.232   Dest filename: C:\Users\in15\AppData\Local\DriveBackup\_internal\nicegui\elements\leaflet\leaflet.py
2026-08-16 21:11:41.232   Time stamp of our file: 2026-08-16 21:06:04.000
2026-08-16 21:11:41.232   Dest file exists.
2026-08-16 21:11:41.232   Time stamp of existing file: 2026-08-16 21:06:04.000
2026-08-16 21:11:41.234   Installing the file.
2026-08-16 21:11:41.241   Successfully installed the file.
2026-08-16 21:11:41.241   -- File entry --
2026-08-16 21:11:41.242   Dest filename: C:\Users\in15\AppData\Local\DriveBackup\_internal\nicegui\elements\leaflet\leaflet_layer.py
2026-08-16 21:11:41.243   Time stamp of our file: 2026-08-16 21:06:04.000
2026-08-16 21:11:41.243   Dest file exists.
2026-08-16 21:11:41.243   Time stamp of existing file: 2026-08-16 21:06:04.000
2026-08-16 21:11:41.243   Installing the file.
2026-08-16 21:11:41.251   Successfully installed the file.
2026-08-16 21:11:41.251   -- File entry --
2026-08-16 21:11:41.251   Dest filename: C:\Users\in15\AppData\Local\DriveBackup\_internal\nicegui\elements\leaflet\leaflet_layers.py
2026-08-16 21:11:41.253   Time stamp of our file: 2026-08-16 21:06:04.000
2026-08-16 21:11:41.253   Dest file exists.
2026-08-16 21:11:41.253   Time stamp of existing file: 2026-08-16 21:06:04.000
2026-08-16 21:11:41.254   Installing the file.
2026-08-16 21:11:41.261   Successfully installed the file.
2026-08-16 21:11:41.262   -- File entry --
2026-08-16 21:11:41.262   Dest filename: C:\Users\in15\AppData\Local\DriveBackup\_internal\nicegui\elements\leaflet\package-lock.json
2026-08-16 21:11:41.263   Time stamp of our file: 2026-08-16 21:06:04.000
2026-08-16 21:11:41.263   Dest file exists.
2026-08-16 21:11:41.263   Time stamp of existing file: 2026-08-16 21:06:04.000
2026-08-16 21:11:41.265   Installing the file.
2026-08-16 21:11:41.273   Successfully installed the file.
2026-08-16 21:11:41.275   -- File entry --
2026-08-16 21:11:41.276   Dest filename: C:\Users\in15\AppData\Local\DriveBackup\_internal\nicegui\elements\leaflet\package.json
2026-08-16 21:11:41.276   Time stamp of our file: 2026-08-16 21:06:04.000
2026-08-16 21:11:41.276   Dest file exists.
2026-08-16 21:11:41.277   Time stamp of existing file: 2026-08-16 21:06:04.000
2026-08-16 21:11:41.277   Installing the file.
2026-08-16 21:11:41.282   Successfully installed the file.
2026-08-16 21:11:41.282   -- File entry --
2026-08-16 21:11:41.282   Dest filename: C:\Users\in15\AppData\Local\DriveBackup\_internal\nicegui\elements\leaflet\rollup.config.mjs
2026-08-16 21:11:41.283   Time stamp of our file: 2026-08-16 21:06:04.000
2026-08-16 21:11:41.284   Dest file exists.
2026-08-16 21:11:41.284   Time stamp of existing file: 2026-08-16 21:06:04.000
2026-08-16 21:11:41.284   Installing the file.
2026-08-16 21:11:41.289   Successfully installed the file.
2026-08-16 21:11:41.289   -- File entry --
2026-08-16 21:11:41.289   Dest filename: C:\Users\in15\AppData\Local\DriveBackup\_internal\nicegui\elements\leaflet\__init__.py
2026-08-16 21:11:41.290   Time stamp of our file: 2026-08-16 21:06:04.000
2026-08-16 21:11:41.290   Dest file exists.
2026-08-16 21:11:41.290   Time stamp of existing file: 2026-08-16 21:06:04.000
2026-08-16 21:11:41.290   Installing the file.
2026-08-16 21:11:41.297   Successfully installed the file.
2026-08-16 21:11:41.297   -- File entry --
2026-08-16 21:11:41.297   Dest filename: C:\Users\in15\AppData\Local\DriveBackup\_internal\nicegui\elements\leaflet\dist\index.js
2026-08-16 21:11:41.297   Time stamp of our file: 2026-08-16 21:06:04.000
2026-08-16 21:11:41.297   Dest file exists.
2026-08-16 21:11:41.297   Time stamp of existing file: 2026-08-16 21:06:04.000
2026-08-16 21:11:41.297   Installing the file.
2026-08-16 21:11:41.322   Successfully installed the file.
2026-08-16 21:11:41.322   -- File entry --
2026-08-16 21:11:41.322   Dest filename: C:\Users\in15\AppData\Local\DriveBackup\_internal\nicegui\elements\leaflet\dist\leaflet\leaflet.css
2026-08-16 21:11:41.322   Time stamp of our file: 2026-08-16 21:06:04.000
2026-08-16 21:11:41.322   Dest file exists.
2026-08-16 21:11:41.322   Time stamp of existing file: 2026-08-16 21:06:04.000
2026-08-16 21:11:41.322   Installing the file.
2026-08-16 21:11:41.335   Successfully installed the file.
2026-08-16 21:11:41.335   -- File entry --
2026-08-16 21:11:41.338   Dest filename: C:\Users\in15\AppData\Local\DriveBackup\_internal\nicegui\elements\leaflet\dist\leaflet\images\layers-2x.png
2026-08-16 21:11:41.338   Time stamp of our file: 2026-08-16 21:06:04.000
2026-08-16 21:11:41.338   Dest file exists.
2026-08-16 21:11:41.338   Time stamp of existing file: 2026-08-16 21:06:04.000
2026-08-16 21:11:41.339   Installing the file.
2026-08-16 21:11:41.346   Successfully installed the file.
2026-08-16 21:11:41.346   -- File entry --
2026-08-16 21:11:41.346   Dest filename: C:\Users\in15\AppData\Local\DriveBackup\_internal\nicegui\elements\leaflet\dist\leaflet\images\layers.png
2026-08-16 21:11:41.349   Time stamp of our file: 2026-08-16 21:06:04.000
2026-08-16 21:11:41.349   Dest file exists.
2026-08-16 21:11:41.349   Time stamp of existing file: 2026-08-16 21:06:04.000
2026-08-16 21:11:41.349   Installing the file.
2026-08-16 21:11:41.359   Successfully installed the file.
2026-08-16 21:11:41.359   -- File entry --
2026-08-16 21:11:41.360   Dest filename: C:\Users\in15\AppData\Local\DriveBackup\_internal\nicegui\elements\leaflet\dist\leaflet\images\marker-icon-2x.png
2026-08-16 21:11:41.363   Time stamp of our file: 2026-08-16 21:06:04.000
2026-08-16 21:11:41.364   Dest file exists.
2026-08-16 21:11:41.364   Time stamp of existing file: 2026-08-16 21:06:04.000
2026-08-16 21:11:41.364   Installing the file.
2026-08-16 21:11:41.377   Successfully installed the file.
2026-08-16 21:11:41.377   -- File entry --
2026-08-16 21:11:41.379   Dest filename: C:\Users\in15\AppData\Local\DriveBackup\_internal\nicegui\elements\leaflet\dist\leaflet\images\marker-icon.png
2026-08-16 21:11:41.379   Time stamp of our file: 2026-08-16 21:06:04.000
2026-08-16 21:11:41.379   Dest file exists.
2026-08-16 21:11:41.380   Time stamp of existing file: 2026-08-16 21:06:04.000
2026-08-16 21:11:41.380   Installing the file.
2026-08-16 21:11:41.388   Successfully installed the file.
2026-08-16 21:11:41.390   -- File entry --
2026-08-16 21:11:41.391   Dest filename: C:\Users\in15\AppData\Local\DriveBackup\_internal\nicegui\elements\leaflet\dist\leaflet\images\marker-shadow.png
2026-08-16 21:11:41.392   Time stamp of our file: 2026-08-16 21:06:04.000
2026-08-16 21:11:41.392   Dest file exists.
2026-08-16 21:11:41.392   Time stamp of existing file: 2026-08-16 21:06:04.000
2026-08-16 21:11:41.392   Installing the file.
2026-08-16 21:11:41.404   Successfully installed the file.
2026-08-16 21:11:41.404   -- File entry --
2026-08-16 21:11:41.406   Dest filename: C:\Users\in15\AppData\Local\DriveBackup\_internal\nicegui\elements\leaflet\dist\leaflet-draw\leaflet.draw.css
2026-08-16 21:11:41.406   Time stamp of our file: 2026-08-16 21:06:04.000
2026-08-16 21:11:41.406   Dest file exists.
2026-08-16 21:11:41.407   Time stamp of existing file: 2026-08-16 21:06:04.000
2026-08-16 21:11:41.407   Installing the file.
2026-08-16 21:11:41.417   Successfully installed the file.
2026-08-16 21:11:41.417   -- File entry --
2026-08-16 21:11:41.417   Dest filename: C:\Users\in15\AppData\Local\DriveBackup\_internal\nicegui\elements\leaflet\dist\leaflet-draw\leaflet.draw.js
2026-08-16 21:11:41.419   Time stamp of our file: 2026-08-16 21:06:04.000
2026-08-16 21:11:41.419   Dest file exists.
2026-08-16 21:11:41.419   Time stamp of existing file: 2026-08-16 21:06:04.000
2026-08-16 21:11:41.419   Installing the file.
2026-08-16 21:11:41.433   Successfully installed the file.
2026-08-16 21:11:41.433   -- File entry --
2026-08-16 21:11:41.435   Dest filename: C:\Users\in15\AppData\Local\DriveBackup\_internal\nicegui\elements\leaflet\dist\leaflet-draw\images\layers-2x.png
2026-08-16 21:11:41.436   Time stamp of our file: 2026-08-16 21:06:04.000
2026-08-16 21:11:41.436   Dest file exists.
2026-08-16 21:11:41.436   Time stamp of existing file: 2026-08-16 21:06:04.000
2026-08-16 21:11:41.437   Installing the file.
2026-08-16 21:11:41.442   Successfully installed the file.
2026-08-16 21:11:41.442   -- File entry --
2026-08-16 21:11:41.442   Dest filename: C:\Users\in15\AppData\Local\DriveBackup\_internal\nicegui\elements\leaflet\dist\leaflet-draw\images\layers.png
2026-08-16 21:11:41.444   Time stamp of our file: 2026-08-16 21:06:04.000
2026-08-16 21:11:41.444   Dest file exists.
2026-08-16 21:11:41.444   Time stamp of existing file: 2026-08-16 21:06:04.000
2026-08-16 21:11:41.444   Installing the file.
2026-08-16 21:11:41.457   Successfully installed the file.
2026-08-16 21:11:41.457   -- File entry --
2026-08-16 21:11:41.458   Dest filename: C:\Users\in15\AppData\Local\DriveBackup\_internal\nicegui\elements\leaflet\dist\leaflet-draw\images\marker-icon-2x.png
2026-08-16 21:11:41.458   Time stamp of our file: 2026-08-16 21:06:04.000
2026-08-16 21:11:41.458   Dest file exists.
2026-08-16 21:11:41.459   Time stamp of existing file: 2026-08-16 21:06:04.000
2026-08-16 21:11:41.459   Installing the file.
2026-08-16 21:11:41.472   Successfully installed the file.
2026-08-16 21:11:41.472   -- File entry --
2026-08-16 21:11:41.473   Dest filename: C:\Users\in15\AppData\Local\DriveBackup\_internal\nicegui\elements\leaflet\dist\leaflet-draw\images\marker-icon.png
2026-08-16 21:11:41.474   Time stamp of our file: 2026-08-16 21:06:04.000
2026-08-16 21:11:41.474   Dest file exists.
2026-08-16 21:11:41.476   Time stamp of existing file: 2026-08-16 21:06:04.000
2026-08-16 21:11:41.477   Installing the file.
2026-08-16 21:11:41.487   Successfully installed the file.
2026-08-16 21:11:41.487   -- File entry --
2026-08-16 21:11:41.487   Dest filename: C:\Users\in15\AppData\Local\DriveBackup\_internal\nicegui\elements\leaflet\dist\leaflet-draw\images\marker-shadow.png
2026-08-16 21:11:41.488   Time stamp of our file: 2026-08-16 21:06:04.000
2026-08-16 21:11:41.488   Dest file exists.
2026-08-16 21:11:41.488   Time stamp of existing file: 2026-08-16 21:06:04.000
2026-08-16 21:11:41.488   Installing the file.
2026-08-16 21:11:41.503   Successfully installed the file.
2026-08-16 21:11:41.504   -- File entry --
2026-08-16 21:11:41.507   Dest filename: C:\Users\in15\AppData\Local\DriveBackup\_internal\nicegui\elements\leaflet\dist\leaflet-draw\images\spritesheet-2x.png
2026-08-16 21:11:41.507   Time stamp of our file: 2026-08-16 21:06:04.000
2026-08-16 21:11:41.507   Dest file exists.
2026-08-16 21:11:41.508   Time stamp of existing file: 2026-08-16 21:06:04.000
2026-08-16 21:11:41.508   Installing the file.
2026-08-16 21:11:41.522   Successfully installed the file.
2026-08-16 21:11:41.522   -- File entry --
2026-08-16 21:11:41.523   Dest filename: C:\Users\in15\AppData\Local\DriveBackup\_internal\nicegui\elements\leaflet\dist\leaflet-draw\images\spritesheet.png
2026-08-16 21:11:41.523   Time stamp of our file: 2026-08-16 21:06:04.000
2026-08-16 21:11:41.523   Dest file exists.
2026-08-16 21:11:41.523   Time stamp of existing file: 2026-08-16 21:06:04.000
2026-08-16 21:11:41.523   Installing the file.
2026-08-16 21:11:41.540   Successfully installed the file.
2026-08-16 21:11:41.540   -- File entry --
2026-08-16 21:11:41.541   Dest filename: C:\Users\in15\AppData\Local\DriveBackup\_internal\nicegui\elements\leaflet\dist\leaflet-draw\images\spritesheet.svg
2026-08-16 21:11:41.541   Time stamp of our file: 2026-08-16 21:06:04.000
2026-08-16 21:11:41.541   Dest file exists.
2026-08-16 21:11:41.541   Time stamp of existing file: 2026-08-16 21:06:04.000
2026-08-16 21:11:41.543   Installing the file.
2026-08-16 21:11:41.558   Successfully installed the file.
2026-08-16 21:11:41.560   -- File entry --
2026-08-16 21:11:41.560   Dest filename: C:\Users\in15\AppData\Local\DriveBackup\_internal\nicegui\elements\leaflet\src\index.mjs
2026-08-16 21:11:41.561   Time stamp of our file: 2026-08-16 21:06:04.000
2026-08-16 21:11:41.561   Dest file exists.
2026-08-16 21:11:41.561   Time stamp of existing file: 2026-08-16 21:06:04.000
2026-08-16 21:11:41.561   Installing the file.
2026-08-16 21:11:41.577   Successfully installed the file.
2026-08-16 21:11:41.577   -- File entry --
2026-08-16 21:11:41.578   Dest filename: C:\Users\in15\AppData\Local\DriveBackup\_internal\nicegui\elements\mermaid\mermaid.js
2026-08-16 21:11:41.578   Time stamp of our file: 2026-08-16 21:06:06.000
2026-08-16 21:11:41.578   Dest file exists.
2026-08-16 21:11:41.579   Time stamp of existing file: 2026-08-16 21:06:06.000
2026-08-16 21:11:41.579   Installing the file.
2026-08-16 21:11:41.589   Successfully installed the file.
2026-08-16 21:11:41.590   -- File entry --
2026-08-16 21:11:41.591   Dest filename: C:\Users\in15\AppData\Local\DriveBackup\_internal\nicegui\elements\mermaid\mermaid.py
2026-08-16 21:11:41.592   Time stamp of our file: 2026-08-16 21:06:06.000
2026-08-16 21:11:41.592   Dest file exists.
2026-08-16 21:11:41.592   Time stamp of existing file: 2026-08-16 21:06:06.000
2026-08-16 21:11:41.592   Installing the file.
2026-08-16 21:11:41.603   Successfully installed the file.
2026-08-16 21:11:41.604   -- File entry --
2026-08-16 21:11:41.604   Dest filename: C:\Users\in15\AppData\Local\DriveBackup\_internal\nicegui\elements\mermaid\package-lock.json
2026-08-16 21:11:41.604   Time stamp of our file: 2026-08-16 21:06:06.000
2026-08-16 21:11:41.604   Dest file exists.
2026-08-16 21:11:41.604   Time stamp of existing file: 2026-08-16 21:06:06.000
2026-08-16 21:11:41.605   Installing the file.
2026-08-16 21:11:41.625   Successfully installed the file.
2026-08-16 21:11:41.629   -- File entry --
2026-08-16 21:11:41.630   Dest filename: C:\Users\in15\AppData\Local\DriveBackup\_internal\nicegui\elements\mermaid\package.json
2026-08-16 21:11:41.630   Time stamp of our file: 2026-08-16 21:06:06.000
2026-08-16 21:11:41.630   Dest file exists.
2026-08-16 21:11:41.637   Time stamp of existing file: 2026-08-16 21:06:06.000
2026-08-16 21:11:41.637   Installing the file.
2026-08-16 21:11:41.648   Successfully installed the file.
2026-08-16 21:11:41.648   -- File entry --
2026-08-16 21:11:41.649   Dest filename: C:\Users\in15\AppData\Local\DriveBackup\_internal\nicegui\elements\mermaid\rollup.config.mjs
2026-08-16 21:11:41.649   Time stamp of our file: 2026-08-16 21:06:06.000
2026-08-16 21:11:41.649   Dest file exists.
2026-08-16 21:11:41.649   Time stamp of existing file: 2026-08-16 21:06:06.000
2026-08-16 21:11:41.650   Installing the file.
2026-08-16 21:11:41.661   Successfully installed the file.
2026-08-16 21:11:41.661   -- File entry --
2026-08-16 21:11:41.662   Dest filename: C:\Users\in15\AppData\Local\DriveBackup\_internal\nicegui\elements\mermaid\__init__.py
2026-08-16 21:11:41.671   Time stamp of our file: 2026-08-16 21:06:06.000
2026-08-16 21:11:41.671   Dest file exists.
2026-08-16 21:11:41.671   Time stamp of existing file: 2026-08-16 21:06:06.000
2026-08-16 21:11:41.673   Installing the file.
2026-08-16 21:11:41.698   Successfully installed the file.
2026-08-16 21:11:41.705   -- File entry --
2026-08-16 21:11:41.705   Dest filename: C:\Users\in15\AppData\Local\DriveBackup\_internal\nicegui\elements\mermaid\dist\abnfDiagram-QNN2D4NM-CEQ4Zudt.js
2026-08-16 21:11:41.706   Time stamp of our file: 2026-08-16 21:06:06.000
2026-08-16 21:11:41.706   Dest file exists.
2026-08-16 21:11:41.706   Time stamp of existing file: 2026-08-16 21:06:06.000
2026-08-16 21:11:41.706   Installing the file.
2026-08-16 21:11:41.750   Successfully installed the file.
2026-08-16 21:11:41.752   -- File entry --
2026-08-16 21:11:41.752   Dest filename: C:\Users\in15\AppData\Local\DriveBackup\_internal\nicegui\elements\mermaid\dist\architectureDiagram-OT7VKSJ7-Qx2E3DE7.js
2026-08-16 21:11:41.752   Time stamp of our file: 2026-08-16 21:06:06.000
2026-08-16 21:11:41.752   Dest file exists.
2026-08-16 21:11:41.752   Time stamp of existing file: 2026-08-16 21:06:06.000
2026-08-16 21:11:41.752   Installing the file.
2026-08-16 21:11:41.808   Successfully installed the file.
2026-08-16 21:11:41.808   -- File entry --
2026-08-16 21:11:41.808   Dest filename: C:\Users\in15\AppData\Local\DriveBackup\_internal\nicegui\elements\mermaid\dist\blockDiagram-54WLDVWM-ZC4A5O3w.js
2026-08-16 21:11:41.809   Time stamp of our file: 2026-08-16 21:06:06.000
2026-08-16 21:11:41.809   Dest file exists.
2026-08-16 21:11:41.811   Time stamp of existing file: 2026-08-16 21:06:06.000
2026-08-16 21:11:41.811   Installing the file.
2026-08-16 21:11:41.848   Successfully installed the file.
2026-08-16 21:11:41.849   -- File entry --
2026-08-16 21:11:41.849   Dest filename: C:\Users\in15\AppData\Local\DriveBackup\_internal\nicegui\elements\mermaid\dist\c4Diagram-X2LASM7V-BT4X2q7k.js
2026-08-16 21:11:41.850   Time stamp of our file: 2026-08-16 21:06:06.000
2026-08-16 21:11:41.850   Dest file exists.
2026-08-16 21:11:41.850   Time stamp of existing file: 2026-08-16 21:06:06.000
2026-08-16 21:11:41.850   Installing the file.
2026-08-16 21:11:41.861   Successfully installed the file.
2026-08-16 21:11:41.862   -- File entry --
2026-08-16 21:11:41.862   Dest filename: C:\Users\in15\AppData\Local\DriveBackup\_internal\nicegui\elements\mermaid\dist\chunk-6L755F7B-CwxdtWVT.js
2026-08-16 21:11:41.863   Time stamp of our file: 2026-08-16 21:06:06.000
2026-08-16 21:11:41.863   Dest file exists.
2026-08-16 21:11:41.863   Time stamp of existing file: 2026-08-16 21:06:06.000
2026-08-16 21:11:41.864   Installing the file.
2026-08-16 21:11:41.870   Successfully installed the file.
2026-08-16 21:11:41.870   -- File entry --
2026-08-16 21:11:41.871   Dest filename: C:\Users\in15\AppData\Local\DriveBackup\_internal\nicegui\elements\mermaid\dist\chunk-A7VWPJGB-B1-P7yLF.js
2026-08-16 21:11:41.872   Time stamp of our file: 2026-08-16 21:06:06.000
2026-08-16 21:11:41.872   Dest file exists.
2026-08-16 21:11:41.872   Time stamp of existing file: 2026-08-16 21:06:06.000
2026-08-16 21:11:41.872   Installing the file.
2026-08-16 21:11:41.877   Successfully installed the file.
2026-08-16 21:11:41.877   -- File entry --
2026-08-16 21:11:41.878   Dest filename: C:\Users\in15\AppData\Local\DriveBackup\_internal\nicegui\elements\mermaid\dist\chunk-AZZRMDJM-C8XoZMs4.js
2026-08-16 21:11:41.879   Time stamp of our file: 2026-08-16 21:06:06.000
2026-08-16 21:11:41.879   Dest file exists.
2026-08-16 21:11:41.879   Time stamp of existing file: 2026-08-16 21:06:06.000
2026-08-16 21:11:41.879   Installing the file.
2026-08-16 21:11:41.900   Successfully installed the file.
2026-08-16 21:11:41.900   -- File entry --
2026-08-16 21:11:41.903   Dest filename: C:\Users\in15\AppData\Local\DriveBackup\_internal\nicegui\elements\mermaid\dist\chunk-JQRUD6KW-D5ccl_Wc.js
2026-08-16 21:11:41.904   Time stamp of our file: 2026-08-16 21:06:06.000
2026-08-16 21:11:41.904   Dest file exists.
2026-08-16 21:11:41.904   Time stamp of existing file: 2026-08-16 21:06:06.000
2026-08-16 21:11:41.904   Installing the file.
2026-08-16 21:11:41.916   Successfully installed the file.
2026-08-16 21:11:41.916   -- File entry --
2026-08-16 21:11:41.917   Dest filename: C:\Users\in15\AppData\Local\DriveBackup\_internal\nicegui\elements\mermaid\dist\chunk-KRXBNO2N-vjL2xt2P.js
2026-08-16 21:11:41.917   Time stamp of our file: 2026-08-16 21:06:06.000
2026-08-16 21:11:41.917   Dest file exists.
2026-08-16 21:11:41.918   Time stamp of existing file: 2026-08-16 21:06:06.000
2026-08-16 21:11:41.918   Installing the file.
2026-08-16 21:11:41.928   Successfully installed the file.
2026-08-16 21:11:41.929   -- File entry --
2026-08-16 21:11:41.935   Dest filename: C:\Users\in15\AppData\Local\DriveBackup\_internal\nicegui\elements\mermaid\dist\chunk-LAHSG3N2-DdiOY_ZA.js
2026-08-16 21:11:41.935   Time stamp of our file: 2026-08-16 21:06:06.000
2026-08-16 21:11:41.935   Dest file exists.
2026-08-16 21:11:41.935   Time stamp of existing file: 2026-08-16 21:06:06.000
2026-08-16 21:11:41.935   Installing the file.
2026-08-16 21:11:42.028   Successfully installed the file.
2026-08-16 21:11:42.028   -- File entry --
2026-08-16 21:11:42.031   Dest filename: C:\Users\in15\AppData\Local\DriveBackup\_internal\nicegui\elements\mermaid\dist\chunk-LORZLZWG-DuGn6gf9.js
2026-08-16 21:11:42.033   Time stamp of our file: 2026-08-16 21:06:06.000
2026-08-16 21:11:42.033   Dest file exists.
2026-08-16 21:11:42.034   Time stamp of existing file: 2026-08-16 21:06:06.000
2026-08-16 21:11:42.034   Installing the file.
2026-08-16 21:11:42.043   Successfully installed the file.
2026-08-16 21:11:42.043   -- File entry --
2026-08-16 21:11:42.044   Dest filename: C:\Users\in15\AppData\Local\DriveBackup\_internal\nicegui\elements\mermaid\dist\chunk-T5OCTHI4-m8gQID-8.js
2026-08-16 21:11:42.044   Time stamp of our file: 2026-08-16 21:06:06.000
2026-08-16 21:11:42.044   Dest file exists.
2026-08-16 21:11:42.044   Time stamp of existing file: 2026-08-16 21:06:06.000
2026-08-16 21:11:42.044   Installing the file.
2026-08-16 21:11:42.054   Successfully installed the file.
2026-08-16 21:11:42.054   -- File entry --
2026-08-16 21:11:42.055   Dest filename: C:\Users\in15\AppData\Local\DriveBackup\_internal\nicegui\elements\mermaid\dist\chunk-TFPGFQPA-D_GYjCBU.js
2026-08-16 21:11:42.056   Time stamp of our file: 2026-08-16 21:06:06.000
2026-08-16 21:11:42.056   Dest file exists.
2026-08-16 21:11:42.056   Time stamp of existing file: 2026-08-16 21:06:06.000
2026-08-16 21:11:42.056   Installing the file.
2026-08-16 21:11:42.082   Successfully installed the file.
2026-08-16 21:11:42.083   -- File entry --
2026-08-16 21:11:42.086   Dest filename: C:\Users\in15\AppData\Local\DriveBackup\_internal\nicegui\elements\mermaid\dist\chunk-VE5CLXGZ-D6e-yfgk.js
2026-08-16 21:11:42.087   Time stamp of our file: 2026-08-16 21:06:06.000
2026-08-16 21:11:42.087   Dest file exists.
2026-08-16 21:11:42.087   Time stamp of existing file: 2026-08-16 21:06:06.000
2026-08-16 21:11:42.087   Installing the file.
2026-08-16 21:11:42.097   Successfully installed the file.
2026-08-16 21:11:42.098   -- File entry --
2026-08-16 21:11:42.100   Dest filename: C:\Users\in15\AppData\Local\DriveBackup\_internal\nicegui\elements\mermaid\dist\chunk-VJFVEZTB-By_rGwew.js
2026-08-16 21:11:42.102   Time stamp of our file: 2026-08-16 21:06:06.000
2026-08-16 21:11:42.102   Dest file exists.
2026-08-16 21:11:42.102   Time stamp of existing file: 2026-08-16 21:06:06.000
2026-08-16 21:11:42.102   Installing the file.
2026-08-16 21:11:42.117   Successfully installed the file.
2026-08-16 21:11:42.117   -- File entry --
2026-08-16 21:11:42.117   Dest filename: C:\Users\in15\AppData\Local\DriveBackup\_internal\nicegui\elements\mermaid\dist\chunk-VY5UBI4V-BLjLCV34.js
2026-08-16 21:11:42.119   Time stamp of our file: 2026-08-16 21:06:06.000
2026-08-16 21:11:42.119   Dest file exists.
2026-08-16 21:11:42.119   Time stamp of existing file: 2026-08-16 21:06:06.000
2026-08-16 21:11:42.119   Installing the file.
2026-08-16 21:11:42.138   Successfully installed the file.
2026-08-16 21:11:42.142   -- File entry --
2026-08-16 21:11:42.142   Dest filename: C:\Users\in15\AppData\Local\DriveBackup\_internal\nicegui\elements\mermaid\dist\chunk-W44A43WB-BFCEmzR3.js
2026-08-16 21:11:42.144   Time stamp of our file: 2026-08-16 21:06:06.000
2026-08-16 21:11:42.144   Dest file exists.
2026-08-16 21:11:42.144   Time stamp of existing file: 2026-08-16 21:06:06.000
2026-08-16 21:11:42.144   Installing the file.
2026-08-16 21:11:42.166   Successfully installed the file.
2026-08-16 21:11:42.167   -- File entry --
2026-08-16 21:11:42.169   Dest filename: C:\Users\in15\AppData\Local\DriveBackup\_internal\nicegui\elements\mermaid\dist\classDiagram-v2-5VFNUXQA-8WmOj0zL.js
2026-08-16 21:11:42.170   Time stamp of our file: 2026-08-16 21:06:06.000
2026-08-16 21:11:42.170   Dest file exists.
2026-08-16 21:11:42.170   Time stamp of existing file: 2026-08-16 21:06:06.000
2026-08-16 21:11:42.170   Installing the file.
2026-08-16 21:11:42.177   Successfully installed the file.
2026-08-16 21:11:42.179   -- File entry --
2026-08-16 21:11:42.179   Dest filename: C:\Users\in15\AppData\Local\DriveBackup\_internal\nicegui\elements\mermaid\dist\classDiagram-VPOSVPXH-8WmOj0zL.js
2026-08-16 21:11:42.182   Time stamp of our file: 2026-08-16 21:06:06.000
2026-08-16 21:11:42.182   Dest file exists.
2026-08-16 21:11:42.182   Time stamp of existing file: 2026-08-16 21:06:06.000
2026-08-16 21:11:42.182   Installing the file.
2026-08-16 21:11:42.190   Successfully installed the file.
2026-08-16 21:11:42.190   -- File entry --
2026-08-16 21:11:42.192   Dest filename: C:\Users\in15\AppData\Local\DriveBackup\_internal\nicegui\elements\mermaid\dist\cose-bilkent-RZA4XIPR-BoKIuptx.js
2026-08-16 21:11:42.192   Time stamp of our file: 2026-08-16 21:06:06.000
2026-08-16 21:11:42.192   Dest file exists.
2026-08-16 21:11:42.192   Time stamp of existing file: 2026-08-16 21:06:06.000
2026-08-16 21:11:42.192   Installing the file.
2026-08-16 21:11:42.220   Successfully installed the file.
2026-08-16 21:11:42.220   -- File entry --
2026-08-16 21:11:42.221   Dest filename: C:\Users\in15\AppData\Local\DriveBackup\_internal\nicegui\elements\mermaid\dist\cynefin-VYW2F7L2-2VAHYKR6-BLvYY_Ab.js
2026-08-16 21:11:42.221   Time stamp of our file: 2026-08-16 21:06:06.000
2026-08-16 21:11:42.221   Dest file exists.
2026-08-16 21:11:42.221   Time stamp of existing file: 2026-08-16 21:06:06.000
2026-08-16 21:11:42.221   Installing the file.
2026-08-16 21:11:42.291   Successfully installed the file.
2026-08-16 21:11:42.291   -- File entry --
2026-08-16 21:11:42.291   Dest filename: C:\Users\in15\AppData\Local\DriveBackup\_internal\nicegui\elements\mermaid\dist\cynefinDiagram-TR7LZUCG-ChOVa9xi.js
2026-08-16 21:11:42.292   Time stamp of our file: 2026-08-16 21:06:06.000
2026-08-16 21:11:42.292   Dest file exists.
2026-08-16 21:11:42.292   Time stamp of existing file: 2026-08-16 21:06:06.000
2026-08-16 21:11:42.292   Installing the file.
2026-08-16 21:11:42.304   Successfully installed the file.
2026-08-16 21:11:42.304   -- File entry --
2026-08-16 21:11:42.304   Dest filename: C:\Users\in15\AppData\Local\DriveBackup\_internal\nicegui\elements\mermaid\dist\dagre-K64A6Z3X-DO6ufvcf.js
2026-08-16 21:11:42.306   Time stamp of our file: 2026-08-16 21:06:06.000
2026-08-16 21:11:42.306   Dest file exists.
2026-08-16 21:11:42.307   Time stamp of existing file: 2026-08-16 21:06:06.000
2026-08-16 21:11:42.307   Installing the file.
2026-08-16 21:11:42.313   Successfully installed the file.
2026-08-16 21:11:42.313   -- File entry --
2026-08-16 21:11:42.317   Dest filename: C:\Users\in15\AppData\Local\DriveBackup\_internal\nicegui\elements\mermaid\dist\diagram-2TLGJV2N-Dj-ivUIE.js
2026-08-16 21:11:42.318   Time stamp of our file: 2026-08-16 21:06:06.000
2026-08-16 21:11:42.318   Dest file exists.
2026-08-16 21:11:42.319   Time stamp of existing file: 2026-08-16 21:06:06.000
2026-08-16 21:11:42.319   Installing the file.
2026-08-16 21:11:42.326   Successfully installed the file.
2026-08-16 21:11:42.327   -- File entry --
2026-08-16 21:11:42.327   Dest filename: C:\Users\in15\AppData\Local\DriveBackup\_internal\nicegui\elements\mermaid\dist\diagram-JCD7PQ7C-BpOO-6kf.js
2026-08-16 21:11:42.327   Time stamp of our file: 2026-08-16 21:06:06.000
2026-08-16 21:11:42.327   Dest file exists.
2026-08-16 21:11:42.327   Time stamp of existing file: 2026-08-16 21:06:06.000
2026-08-16 21:11:42.327   Installing the file.
2026-08-16 21:11:42.353   Successfully installed the file.
2026-08-16 21:11:42.353   -- File entry --
2026-08-16 21:11:42.353   Dest filename: C:\Users\in15\AppData\Local\DriveBackup\_internal\nicegui\elements\mermaid\dist\diagram-KFBZAVDW-CrB2p58t.js
2026-08-16 21:11:42.354   Time stamp of our file: 2026-08-16 21:06:06.000
2026-08-16 21:11:42.354   Dest file exists.
2026-08-16 21:11:42.355   Time stamp of existing file: 2026-08-16 21:06:06.000
2026-08-16 21:11:42.356   Installing the file.
2026-08-16 21:11:42.373   Successfully installed the file.
2026-08-16 21:11:42.373   -- File entry --
2026-08-16 21:11:42.374   Dest filename: C:\Users\in15\AppData\Local\DriveBackup\_internal\nicegui\elements\mermaid\dist\diagram-L7DVE3PN-rU-fsC4Q.js
2026-08-16 21:11:42.377   Time stamp of our file: 2026-08-16 21:06:06.000
2026-08-16 21:11:42.377   Dest file exists.
2026-08-16 21:11:42.377   Time stamp of existing file: 2026-08-16 21:06:06.000
2026-08-16 21:11:42.377   Installing the file.
2026-08-16 21:11:42.406   Successfully installed the file.
2026-08-16 21:11:42.408   -- File entry --
2026-08-16 21:11:42.418   Dest filename: C:\Users\in15\AppData\Local\DriveBackup\_internal\nicegui\elements\mermaid\dist\diagram-YP3FGXHI-DwkWJjkP.js
2026-08-16 21:11:42.419   Time stamp of our file: 2026-08-16 21:06:06.000
2026-08-16 21:11:42.419   Dest file exists.
2026-08-16 21:11:42.419   Time stamp of existing file: 2026-08-16 21:06:06.000
2026-08-16 21:11:42.419   Installing the file.
2026-08-16 21:11:42.441   Successfully installed the file.
2026-08-16 21:11:42.441   -- File entry --
2026-08-16 21:11:42.441   Dest filename: C:\Users\in15\AppData\Local\DriveBackup\_internal\nicegui\elements\mermaid\dist\ebnfDiagram-DRHRQJWO-dv1sWiLZ.js
2026-08-16 21:11:42.443   Time stamp of our file: 2026-08-16 21:06:06.000
2026-08-16 21:11:42.443   Dest file exists.
2026-08-16 21:11:42.448   Time stamp of existing file: 2026-08-16 21:06:06.000
2026-08-16 21:11:42.448   Installing the file.
2026-08-16 21:11:42.475   Successfully installed the file.
2026-08-16 21:11:42.476   -- File entry --
2026-08-16 21:11:42.476   Dest filename: C:\Users\in15\AppData\Local\DriveBackup\_internal\nicegui\elements\mermaid\dist\erDiagram-SZLJLQMB-CNfRdBrQ.js
2026-08-16 21:11:42.476   Time stamp of our file: 2026-08-16 21:06:06.000
2026-08-16 21:11:42.476   Dest file exists.
2026-08-16 21:11:42.483   Time stamp of existing file: 2026-08-16 21:06:06.000
2026-08-16 21:11:42.484   Installing the file.
2026-08-16 21:11:42.515   Successfully installed the file.
2026-08-16 21:11:42.515   -- File entry --
2026-08-16 21:11:42.515   Dest filename: C:\Users\in15\AppData\Local\DriveBackup\_internal\nicegui\elements\mermaid\dist\flowDiagram-BWE6NHOH-CITvxd5c.js
2026-08-16 21:11:42.524   Time stamp of our file: 2026-08-16 21:06:06.000
2026-08-16 21:11:42.524   Dest file exists.
2026-08-16 21:11:42.524   Time stamp of existing file: 2026-08-16 21:06:06.000
2026-08-16 21:11:42.525   Installing the file.
2026-08-16 21:11:42.572   Successfully installed the file.
2026-08-16 21:11:42.572   -- File entry --
2026-08-16 21:11:42.572   Dest filename: C:\Users\in15\AppData\Local\DriveBackup\_internal\nicegui\elements\mermaid\dist\ganttDiagram-2QTCJSNI-CXJpFruE.js
2026-08-16 21:11:42.573   Time stamp of our file: 2026-08-16 21:06:06.000
2026-08-16 21:11:42.573   Dest file exists.
2026-08-16 21:11:42.573   Time stamp of existing file: 2026-08-16 21:06:06.000
2026-08-16 21:11:42.573   Installing the file.
2026-08-16 21:11:42.634   Successfully installed the file.
2026-08-16 21:11:42.634   -- File entry --
2026-08-16 21:11:42.640   Dest filename: C:\Users\in15\AppData\Local\DriveBackup\_internal\nicegui\elements\mermaid\dist\gitGraphDiagram-VVZAVV5G-CHAK86xJ.js
2026-08-16 21:11:42.640   Time stamp of our file: 2026-08-16 21:06:06.000
2026-08-16 21:11:42.640   Dest file exists.
2026-08-16 21:11:42.640   Time stamp of existing file: 2026-08-16 21:06:06.000
2026-08-16 21:11:42.640   Installing the file.
2026-08-16 21:11:42.661   Successfully installed the file.
2026-08-16 21:11:42.661   -- File entry --
2026-08-16 21:11:42.666   Dest filename: C:\Users\in15\AppData\Local\DriveBackup\_internal\nicegui\elements\mermaid\dist\index-C7gcuJPt.js
2026-08-16 21:11:42.666   Time stamp of our file: 2026-08-16 21:06:06.000
2026-08-16 21:11:42.666   Dest file exists.
2026-08-16 21:11:42.666   Time stamp of existing file: 2026-08-16 21:06:06.000
2026-08-16 21:11:42.666   Installing the file.
2026-08-16 21:11:42.793   Successfully installed the file.
2026-08-16 21:11:42.794   -- File entry --
2026-08-16 21:11:42.795   Dest filename: C:\Users\in15\AppData\Local\DriveBackup\_internal\nicegui\elements\mermaid\dist\index.js
2026-08-16 21:11:42.795   Time stamp of our file: 2026-08-16 21:06:06.000
2026-08-16 21:11:42.795   Dest file exists.
2026-08-16 21:11:42.795   Time stamp of existing file: 2026-08-16 21:06:06.000
2026-08-16 21:11:42.797   Installing the file.
2026-08-16 21:11:42.810   Successfully installed the file.
2026-08-16 21:11:42.813   -- File entry --
2026-08-16 21:11:42.813   Dest filename: C:\Users\in15\AppData\Local\DriveBackup\_internal\nicegui\elements\mermaid\dist\infoDiagram-FY4PZKRE-CBbLCw8M.js
2026-08-16 21:11:42.815   Time stamp of our file: 2026-08-16 21:06:06.000
2026-08-16 21:11:42.815   Dest file exists.
2026-08-16 21:11:42.815   Time stamp of existing file: 2026-08-16 21:06:06.000
2026-08-16 21:11:42.815   Installing the file.
2026-08-16 21:11:42.847   Successfully installed the file.
2026-08-16 21:11:42.847   -- File entry --
2026-08-16 21:11:42.847   Dest filename: C:\Users\in15\AppData\Local\DriveBackup\_internal\nicegui\elements\mermaid\dist\ishikawaDiagram-4JDSWWDM-Di3DPxjl.js
2026-08-16 21:11:42.849   Time stamp of our file: 2026-08-16 21:06:06.000
2026-08-16 21:11:42.849   Dest file exists.
2026-08-16 21:11:42.849   Time stamp of existing file: 2026-08-16 21:06:06.000
2026-08-16 21:11:42.849   Installing the file.
2026-08-16 21:11:42.876   Successfully installed the file.
2026-08-16 21:11:42.877   -- File entry --
2026-08-16 21:11:42.882   Dest filename: C:\Users\in15\AppData\Local\DriveBackup\_internal\nicegui\elements\mermaid\dist\journeyDiagram-QUS3FAKT-BIqt8kiP.js
2026-08-16 21:11:42.882   Time stamp of our file: 2026-08-16 21:06:06.000
2026-08-16 21:11:42.882   Dest file exists.
2026-08-16 21:11:42.882   Time stamp of existing file: 2026-08-16 21:06:06.000
2026-08-16 21:11:42.882   Installing the file.
2026-08-16 21:11:42.900   Successfully installed the file.
2026-08-16 21:11:42.900   -- File entry --
2026-08-16 21:11:42.900   Dest filename: C:\Users\in15\AppData\Local\DriveBackup\_internal\nicegui\elements\mermaid\dist\kanban-definition-D4L7SQKK-BfRdcca0.js
2026-08-16 21:11:42.901   Time stamp of our file: 2026-08-16 21:06:06.000
2026-08-16 21:11:42.901   Dest file exists.
2026-08-16 21:11:42.902   Time stamp of existing file: 2026-08-16 21:06:06.000
2026-08-16 21:11:42.903   Installing the file.
2026-08-16 21:11:42.919   Successfully installed the file.
2026-08-16 21:11:42.921   -- File entry --
2026-08-16 21:11:42.927   Dest filename: C:\Users\in15\AppData\Local\DriveBackup\_internal\nicegui\elements\mermaid\dist\katex-C5OPUE3Q-CoNXHXY7.js
2026-08-16 21:11:42.927   Time stamp of our file: 2026-08-16 21:06:06.000
2026-08-16 21:11:42.927   Dest file exists.
2026-08-16 21:11:42.927   Time stamp of existing file: 2026-08-16 21:06:06.000
2026-08-16 21:11:42.927   Installing the file.
2026-08-16 21:11:43.015   Successfully installed the file.
2026-08-16 21:11:43.015   -- File entry --
2026-08-16 21:11:43.015   Dest filename: C:\Users\in15\AppData\Local\DriveBackup\_internal\nicegui\elements\mermaid\dist\mindmap-definition-66QP5TD6-D9QXH0Lp.js
2026-08-16 21:11:43.018   Time stamp of our file: 2026-08-16 21:06:06.000
2026-08-16 21:11:43.018   Dest file exists.
2026-08-16 21:11:43.018   Time stamp of existing file: 2026-08-16 21:06:06.000
2026-08-16 21:11:43.018   Installing the file.
2026-08-16 21:11:43.071   Successfully installed the file.
2026-08-16 21:11:43.071   -- File entry --
2026-08-16 21:11:43.072   Dest filename: C:\Users\in15\AppData\Local\DriveBackup\_internal\nicegui\elements\mermaid\dist\pegDiagram-YKIO5C6U-JQMJCMNl.js
2026-08-16 21:11:43.073   Time stamp of our file: 2026-08-16 21:06:06.000
2026-08-16 21:11:43.073   Dest file exists.
2026-08-16 21:11:43.073   Time stamp of existing file: 2026-08-16 21:06:06.000
2026-08-16 21:11:43.073   Installing the file.
2026-08-16 21:11:43.119   Successfully installed the file.
2026-08-16 21:11:43.119   -- File entry --
2026-08-16 21:11:43.119   Dest filename: C:\Users\in15\AppData\Local\DriveBackup\_internal\nicegui\elements\mermaid\dist\pieDiagram-YPY3TKG5-Daozjap1.js
2026-08-16 21:11:43.119   Time stamp of our file: 2026-08-16 21:06:06.000
2026-08-16 21:11:43.119   Dest file exists.
2026-08-16 21:11:43.122   Time stamp of existing file: 2026-08-16 21:06:06.000
2026-08-16 21:11:43.122   Installing the file.
2026-08-16 21:11:43.164   Successfully installed the file.
2026-08-16 21:11:43.164   -- File entry --
2026-08-16 21:11:43.164   Dest filename: C:\Users\in15\AppData\Local\DriveBackup\_internal\nicegui\elements\mermaid\dist\quadrantDiagram-VO5QLCXA-Bic_Vea5.js
2026-08-16 21:11:43.164   Time stamp of our file: 2026-08-16 21:06:06.000
2026-08-16 21:11:43.164   Dest file exists.
2026-08-16 21:11:43.164   Time stamp of existing file: 2026-08-16 21:06:06.000
2026-08-16 21:11:43.164   Installing the file.
2026-08-16 21:11:43.210   Successfully installed the file.
2026-08-16 21:11:43.210   -- File entry --
2026-08-16 21:11:43.211   Dest filename: C:\Users\in15\AppData\Local\DriveBackup\_internal\nicegui\elements\mermaid\dist\railroadDiagram-M77LTMSB-Bx0xaY-F.js
2026-08-16 21:11:43.211   Time stamp of our file: 2026-08-16 21:06:06.000
2026-08-16 21:11:43.211   Dest file exists.
2026-08-16 21:11:43.212   Time stamp of existing file: 2026-08-16 21:06:06.000
2026-08-16 21:11:43.212   Installing the file.
2026-08-16 21:11:43.235   Successfully installed the file.
2026-08-16 21:11:43.235   -- File entry --
2026-08-16 21:11:43.235   Dest filename: C:\Users\in15\AppData\Local\DriveBackup\_internal\nicegui\elements\mermaid\dist\requirementDiagram-RASO5HTO-xkDkzlQB.js
2026-08-16 21:11:43.235   Time stamp of our file: 2026-08-16 21:06:06.000
2026-08-16 21:11:43.236   Dest file exists.
2026-08-16 21:11:43.236   Time stamp of existing file: 2026-08-16 21:06:06.000
2026-08-16 21:11:43.242   Installing the file.
2026-08-16 21:11:43.263   Successfully installed the file.
2026-08-16 21:11:43.263   -- File entry --
2026-08-16 21:11:43.268   Dest filename: C:\Users\in15\AppData\Local\DriveBackup\_internal\nicegui\elements\mermaid\dist\sankeyDiagram-F32LOJ6L-cdhv84Hz.js
2026-08-16 21:11:43.268   Time stamp of our file: 2026-08-16 21:06:06.000
2026-08-16 21:11:43.268   Dest file exists.
2026-08-16 21:11:43.268   Time stamp of existing file: 2026-08-16 21:06:06.000
2026-08-16 21:11:43.268   Installing the file.
2026-08-16 21:11:43.295   Successfully installed the file.
2026-08-16 21:11:43.295   -- File entry --
2026-08-16 21:11:43.296   Dest filename: C:\Users\in15\AppData\Local\DriveBackup\_internal\nicegui\elements\mermaid\dist\sequenceDiagram-URATNSBD-oH9bBxFl.js
2026-08-16 21:11:43.296   Time stamp of our file: 2026-08-16 21:06:06.000
2026-08-16 21:11:43.296   Dest file exists.
2026-08-16 21:11:43.298   Time stamp of existing file: 2026-08-16 21:06:06.000
2026-08-16 21:11:43.298   Installing the file.
2026-08-16 21:11:43.320   Successfully installed the file.
2026-08-16 21:11:43.320   -- File entry --
2026-08-16 21:11:43.322   Dest filename: C:\Users\in15\AppData\Local\DriveBackup\_internal\nicegui\elements\mermaid\dist\sizeCapture-5GORAGP4-DfBGxjwD.js
2026-08-16 21:11:43.322   Time stamp of our file: 2026-08-16 21:06:06.000
2026-08-16 21:11:43.322   Dest file exists.
2026-08-16 21:11:43.323   Time stamp of existing file: 2026-08-16 21:06:06.000
2026-08-16 21:11:43.323   Installing the file.
2026-08-16 21:11:43.330   Successfully installed the file.
2026-08-16 21:11:43.330   -- File entry --
2026-08-16 21:11:43.331   Dest filename: C:\Users\in15\AppData\Local\DriveBackup\_internal\nicegui\elements\mermaid\dist\stateDiagram-DODFXNG5-DTwvwLLk.js
2026-08-16 21:11:43.331   Time stamp of our file: 2026-08-16 21:06:06.000
2026-08-16 21:11:43.331   Dest file exists.
2026-08-16 21:11:43.331   Time stamp of existing file: 2026-08-16 21:06:06.000
2026-08-16 21:11:43.331   Installing the file.
2026-08-16 21:11:43.346   Successfully installed the file.
2026-08-16 21:11:43.347   -- File entry --
2026-08-16 21:11:43.350   Dest filename: C:\Users\in15\AppData\Local\DriveBackup\_internal\nicegui\elements\mermaid\dist\stateDiagram-v2-JNMM5JRA-B-bluApr.js
2026-08-16 21:11:43.350   Time stamp of our file: 2026-08-16 21:06:06.000
2026-08-16 21:11:43.350   Dest file exists.
2026-08-16 21:11:43.351   Time stamp of existing file: 2026-08-16 21:06:06.000
2026-08-16 21:11:43.351   Installing the file.
2026-08-16 21:11:43.380   Successfully installed the file.
2026-08-16 21:11:43.383   -- File entry --
2026-08-16 21:11:43.383   Dest filename: C:\Users\in15\AppData\Local\DriveBackup\_internal\nicegui\elements\mermaid\dist\swimlanes-OSWOYLSK-W_f9EmVb.js
2026-08-16 21:11:43.383   Time stamp of our file: 2026-08-16 21:06:06.000
2026-08-16 21:11:43.384   Dest file exists.
2026-08-16 21:11:43.384   Time stamp of existing file: 2026-08-16 21:06:06.000
2026-08-16 21:11:43.384   Installing the file.
2026-08-16 21:11:43.431   Successfully installed the file.
2026-08-16 21:11:43.431   -- File entry --
2026-08-16 21:11:43.434   Dest filename: C:\Users\in15\AppData\Local\DriveBackup\_internal\nicegui\elements\mermaid\dist\swimlanesDiagram-RHGX2RDE-BVimdh7A.js
2026-08-16 21:11:43.436   Time stamp of our file: 2026-08-16 21:06:06.000
2026-08-16 21:11:43.436   Dest file exists.
2026-08-16 21:11:43.436   Time stamp of existing file: 2026-08-16 21:06:06.000
2026-08-16 21:11:43.436   Installing the file.
2026-08-16 21:11:43.456   Successfully installed the file.
2026-08-16 21:11:43.456   -- File entry --
2026-08-16 21:11:43.462   Dest filename: C:\Users\in15\AppData\Local\DriveBackup\_internal\nicegui\elements\mermaid\dist\timeline-definition-WJXWRH4I-qM4eVsDS.js
2026-08-16 21:11:43.464   Time stamp of our file: 2026-08-16 21:06:06.000
2026-08-16 21:11:43.465   Dest file exists.
2026-08-16 21:11:43.470   Time stamp of existing file: 2026-08-16 21:06:06.000
2026-08-16 21:11:43.471   Installing the file.
2026-08-16 21:11:43.490   Successfully installed the file.
2026-08-16 21:11:43.490   -- File entry --
2026-08-16 21:11:43.492   Dest filename: C:\Users\in15\AppData\Local\DriveBackup\_internal\nicegui\elements\mermaid\dist\vennDiagram-K3VCMQLI-kEQjTOPU.js
2026-08-16 21:11:43.492   Time stamp of our file: 2026-08-16 21:06:06.000
2026-08-16 21:11:43.492   Dest file exists.
2026-08-16 21:11:43.492   Time stamp of existing file: 2026-08-16 21:06:06.000
2026-08-16 21:11:43.492   Installing the file.
2026-08-16 21:11:43.507   Successfully installed the file.
2026-08-16 21:11:43.508   -- File entry --
2026-08-16 21:11:43.509   Dest filename: C:\Users\in15\AppData\Local\DriveBackup\_internal\nicegui\elements\mermaid\dist\wardleyDiagram-XK6FUAWV-D6K5i9f-.js
2026-08-16 21:11:43.510   Time stamp of our file: 2026-08-16 21:06:06.000
2026-08-16 21:11:43.510   Dest file exists.
2026-08-16 21:11:43.510   Time stamp of existing file: 2026-08-16 21:06:06.000
2026-08-16 21:11:43.518   Installing the file.
2026-08-16 21:11:43.542   Successfully installed the file.
2026-08-16 21:11:43.547   -- File entry --
2026-08-16 21:11:43.547   Dest filename: C:\Users\in15\AppData\Local\DriveBackup\_internal\nicegui\elements\mermaid\dist\xychartDiagram-5VRUVLCW-C4cEqWQK.js
2026-08-16 21:11:43.548   Time stamp of our file: 2026-08-16 21:06:06.000
2026-08-16 21:11:43.548   Dest file exists.
2026-08-16 21:11:43.548   Time stamp of existing file: 2026-08-16 21:06:06.000
2026-08-16 21:11:43.549   Installing the file.
2026-08-16 21:11:43.600   Successfully installed the file.
2026-08-16 21:11:43.601   -- File entry --
2026-08-16 21:11:43.601   Dest filename: C:\Users\in15\AppData\Local\DriveBackup\_internal\nicegui\elements\mermaid\src\index.mjs
2026-08-16 21:11:43.602   Time stamp of our file: 2026-08-16 21:06:06.000
2026-08-16 21:11:43.602   Dest file exists.
2026-08-16 21:11:43.655   Time stamp of existing file: 2026-08-16 21:06:06.000
2026-08-16 21:11:43.657   Installing the file.
2026-08-16 21:11:43.691   Successfully installed the file.
2026-08-16 21:11:43.691   -- File entry --
2026-08-16 21:11:43.700   Dest filename: C:\Users\in15\AppData\Local\DriveBackup\_internal\nicegui\elements\mixins\color_elements.py
2026-08-16 21:11:43.701   Time stamp of our file: 2026-08-16 21:06:06.000
2026-08-16 21:11:43.701   Dest file exists.
2026-08-16 21:11:43.701   Time stamp of existing file: 2026-08-16 21:06:06.000
2026-08-16 21:11:43.701   Installing the file.
2026-08-16 21:11:43.720   Successfully installed the file.
2026-08-16 21:11:43.720   -- File entry --
2026-08-16 21:11:43.729   Dest filename: C:\Users\in15\AppData\Local\DriveBackup\_internal\nicegui\elements\mixins\content_element.py
2026-08-16 21:11:43.732   Time stamp of our file: 2026-08-16 21:06:06.000
2026-08-16 21:11:43.732   Dest file exists.
2026-08-16 21:11:43.733   Time stamp of existing file: 2026-08-16 21:06:06.000
2026-08-16 21:11:43.733   Installing the file.
2026-08-16 21:11:43.744   Successfully installed the file.
2026-08-16 21:11:43.744   -- File entry --
2026-08-16 21:11:43.744   Dest filename: C:\Users\in15\AppData\Local\DriveBackup\_internal\nicegui\elements\mixins\disableable_element.py
2026-08-16 21:11:43.745   Time stamp of our file: 2026-08-16 21:06:06.000
2026-08-16 21:11:43.745   Dest file exists.
2026-08-16 21:11:43.745   Time stamp of existing file: 2026-08-16 21:06:06.000
2026-08-16 21:11:43.745   Installing the file.
2026-08-16 21:11:43.777   Successfully installed the file.
2026-08-16 21:11:43.777   -- File entry --
2026-08-16 21:11:43.777   Dest filename: C:\Users\in15\AppData\Local\DriveBackup\_internal\nicegui\elements\mixins\filter_element.py
2026-08-16 21:11:43.777   Time stamp of our file: 2026-08-16 21:06:06.000
2026-08-16 21:11:43.777   Dest file exists.
2026-08-16 21:11:43.777   Time stamp of existing file: 2026-08-16 21:06:06.000
2026-08-16 21:11:43.777   Installing the file.
2026-08-16 21:11:43.790   Successfully installed the file.
2026-08-16 21:11:43.790   -- File entry --
2026-08-16 21:11:43.794   Dest filename: C:\Users\in15\AppData\Local\DriveBackup\_internal\nicegui\elements\mixins\icon_element.py
2026-08-16 21:11:43.794   Time stamp of our file: 2026-08-16 21:06:06.000
2026-08-16 21:11:43.794   Dest file exists.
2026-08-16 21:11:43.794   Time stamp of existing file: 2026-08-16 21:06:06.000
2026-08-16 21:11:43.794   Installing the file.
2026-08-16 21:11:43.801   Successfully installed the file.
2026-08-16 21:11:43.801   -- File entry --
2026-08-16 21:11:43.801   Dest filename: C:\Users\in15\AppData\Local\DriveBackup\_internal\nicegui\elements\mixins\label_element.py
2026-08-16 21:11:43.803   Time stamp of our file: 2026-08-16 21:06:06.000
2026-08-16 21:11:43.803   Dest file exists.
2026-08-16 21:11:43.805   Time stamp of existing file: 2026-08-16 21:06:06.000
2026-08-16 21:11:43.805   Installing the file.
2026-08-16 21:11:43.811   Successfully installed the file.
2026-08-16 21:11:43.811   -- File entry --
2026-08-16 21:11:43.811   Dest filename: C:\Users\in15\AppData\Local\DriveBackup\_internal\nicegui\elements\mixins\name_element.py
2026-08-16 21:11:43.811   Time stamp of our file: 2026-08-16 21:06:06.000
2026-08-16 21:11:43.811   Dest file exists.
2026-08-16 21:11:43.811   Time stamp of existing file: 2026-08-16 21:06:06.000
2026-08-16 21:11:43.811   Installing the file.
2026-08-16 21:11:43.840   Successfully installed the file.
2026-08-16 21:11:43.840   -- File entry --
2026-08-16 21:11:43.840   Dest filename: C:\Users\in15\AppData\Local\DriveBackup\_internal\nicegui\elements\mixins\openable_element.py
2026-08-16 21:11:43.845   Time stamp of our file: 2026-08-16 21:06:06.000
2026-08-16 21:11:43.845   Dest file exists.
2026-08-16 21:11:43.847   Time stamp of existing file: 2026-08-16 21:06:06.000
2026-08-16 21:11:43.851   Installing the file.
2026-08-16 21:11:43.875   Successfully installed the file.
2026-08-16 21:11:43.876   -- File entry --
2026-08-16 21:11:43.876   Dest filename: C:\Users\in15\AppData\Local\DriveBackup\_internal\nicegui\elements\mixins\selectable_element.py
2026-08-16 21:11:43.881   Time stamp of our file: 2026-08-16 21:06:06.000
2026-08-16 21:11:43.881   Dest file exists.
2026-08-16 21:11:43.882   Time stamp of existing file: 2026-08-16 21:06:06.000
2026-08-16 21:11:43.883   Installing the file.
2026-08-16 21:11:43.894   Successfully installed the file.
2026-08-16 21:11:43.894   -- File entry --
2026-08-16 21:11:43.897   Dest filename: C:\Users\in15\AppData\Local\DriveBackup\_internal\nicegui\elements\mixins\sortable_element.py
2026-08-16 21:11:43.898   Time stamp of our file: 2026-08-16 21:06:06.000
2026-08-16 21:11:43.898   Dest file exists.
2026-08-16 21:11:43.898   Time stamp of existing file: 2026-08-16 21:06:06.000
2026-08-16 21:11:43.900   Installing the file.
2026-08-16 21:11:43.925   Successfully installed the file.
2026-08-16 21:11:43.925   -- File entry --
2026-08-16 21:11:43.926   Dest filename: C:\Users\in15\AppData\Local\DriveBackup\_internal\nicegui\elements\mixins\source_element.py
2026-08-16 21:11:43.932   Time stamp of our file: 2026-08-16 21:06:06.000
2026-08-16 21:11:43.932   Dest file exists.
2026-08-16 21:11:43.932   Time stamp of existing file: 2026-08-16 21:06:06.000
2026-08-16 21:11:43.932   Installing the file.
2026-08-16 21:11:43.943   Successfully installed the file.
2026-08-16 21:11:43.945   -- File entry --
2026-08-16 21:11:43.946   Dest filename: C:\Users\in15\AppData\Local\DriveBackup\_internal\nicegui\elements\mixins\text_element.py
2026-08-16 21:11:43.946   Time stamp of our file: 2026-08-16 21:06:06.000
2026-08-16 21:11:43.946   Dest file exists.
2026-08-16 21:11:43.947   Time stamp of existing file: 2026-08-16 21:06:06.000
2026-08-16 21:11:43.947   Installing the file.
2026-08-16 21:11:43.962   Successfully installed the file.
2026-08-16 21:11:43.962   -- File entry --
2026-08-16 21:11:43.963   Dest filename: C:\Users\in15\AppData\Local\DriveBackup\_internal\nicegui\elements\mixins\validation_element.py
2026-08-16 21:11:43.963   Time stamp of our file: 2026-08-16 21:06:06.000
2026-08-16 21:11:43.963   Dest file exists.
2026-08-16 21:11:43.966   Time stamp of existing file: 2026-08-16 21:06:06.000
2026-08-16 21:11:43.966   Installing the file.
2026-08-16 21:11:43.973   Successfully installed the file.
2026-08-16 21:11:43.973   -- File entry --
2026-08-16 21:11:43.973   Dest filename: C:\Users\in15\AppData\Local\DriveBackup\_internal\nicegui\elements\mixins\value_element.py
2026-08-16 21:11:43.973   Time stamp of our file: 2026-08-16 21:06:06.000
2026-08-16 21:11:43.973   Dest file exists.
2026-08-16 21:11:43.973   Time stamp of existing file: 2026-08-16 21:06:06.000
2026-08-16 21:11:43.973   Installing the file.
2026-08-16 21:11:43.987   Successfully installed the file.
2026-08-16 21:11:43.987   -- File entry --
2026-08-16 21:11:43.987   Dest filename: C:\Users\in15\AppData\Local\DriveBackup\_internal\nicegui\elements\mixins\visibility.py
2026-08-16 21:11:43.989   Time stamp of our file: 2026-08-16 21:06:06.000
2026-08-16 21:11:43.989   Dest file exists.
2026-08-16 21:11:43.989   Time stamp of existing file: 2026-08-16 21:06:06.000
2026-08-16 21:11:43.989   Installing the file.
2026-08-16 21:11:43.993   Successfully installed the file.
2026-08-16 21:11:43.993   -- File entry --
2026-08-16 21:11:43.993   Dest filename: C:\Users\in15\AppData\Local\DriveBackup\_internal\nicegui\elements\mixins\__init__.py
2026-08-16 21:11:43.996   Time stamp of our file: 2026-08-16 21:06:06.000
2026-08-16 21:11:43.996   Dest file exists.
2026-08-16 21:11:43.996   Time stamp of existing file: 2026-08-16 21:06:06.000
2026-08-16 21:11:43.996   Installing the file.
2026-08-16 21:11:44.009   Successfully installed the file.
2026-08-16 21:11:44.009   -- File entry --
2026-08-16 21:11:44.010   Dest filename: C:\Users\in15\AppData\Local\DriveBackup\_internal\nicegui\elements\plotly\package-lock.json
2026-08-16 21:11:44.011   Time stamp of our file: 2026-08-16 21:06:06.000
2026-08-16 21:11:44.011   Dest file exists.
2026-08-16 21:11:44.020   Time stamp of existing file: 2026-08-16 21:06:06.000
2026-08-16 21:11:44.021   Installing the file.
2026-08-16 21:11:44.045   Successfully installed the file.
2026-08-16 21:11:44.046   -- File entry --
2026-08-16 21:11:44.047   Dest filename: C:\Users\in15\AppData\Local\DriveBackup\_internal\nicegui\elements\plotly\package.json
2026-08-16 21:11:44.047   Time stamp of our file: 2026-08-16 21:06:06.000
2026-08-16 21:11:44.047   Dest file exists.
2026-08-16 21:11:44.049   Time stamp of existing file: 2026-08-16 21:06:06.000
2026-08-16 21:11:44.049   Installing the file.
2026-08-16 21:11:44.056   Successfully installed the file.
2026-08-16 21:11:44.057   -- File entry --
2026-08-16 21:11:44.058   Dest filename: C:\Users\in15\AppData\Local\DriveBackup\_internal\nicegui\elements\plotly\plotly.js
2026-08-16 21:11:44.058   Time stamp of our file: 2026-08-16 21:06:06.000
2026-08-16 21:11:44.058   Dest file exists.
2026-08-16 21:11:44.058   Time stamp of existing file: 2026-08-16 21:06:06.000
2026-08-16 21:11:44.059   Installing the file.
2026-08-16 21:11:44.073   Successfully installed the file.
2026-08-16 21:11:44.075   -- File entry --
2026-08-16 21:11:44.075   Dest filename: C:\Users\in15\AppData\Local\DriveBackup\_internal\nicegui\elements\plotly\plotly.py
2026-08-16 21:11:44.076   Time stamp of our file: 2026-08-16 21:06:06.000
2026-08-16 21:11:44.076   Dest file exists.
2026-08-16 21:11:44.076   Time stamp of existing file: 2026-08-16 21:06:06.000
2026-08-16 21:11:44.076   Installing the file.
2026-08-16 21:11:44.085   Successfully installed the file.
2026-08-16 21:11:44.085   -- File entry --
2026-08-16 21:11:44.085   Dest filename: C:\Users\in15\AppData\Local\DriveBackup\_internal\nicegui\elements\plotly\rollup.config.mjs
2026-08-16 21:11:44.087   Time stamp of our file: 2026-08-16 21:06:06.000
2026-08-16 21:11:44.087   Dest file exists.
2026-08-16 21:11:44.087   Time stamp of existing file: 2026-08-16 21:06:06.000
2026-08-16 21:11:44.087   Installing the file.
2026-08-16 21:11:44.096   Successfully installed the file.
2026-08-16 21:11:44.096   -- File entry --
2026-08-16 21:11:44.096   Dest filename: C:\Users\in15\AppData\Local\DriveBackup\_internal\nicegui\elements\plotly\__init__.py
2026-08-16 21:11:44.098   Time stamp of our file: 2026-08-16 21:06:06.000
2026-08-16 21:11:44.098   Dest file exists.
2026-08-16 21:11:44.098   Time stamp of existing file: 2026-08-16 21:06:06.000
2026-08-16 21:11:44.098   Installing the file.
2026-08-16 21:11:44.103   Successfully installed the file.
2026-08-16 21:11:44.104   -- File entry --
2026-08-16 21:11:44.104   Dest filename: C:\Users\in15\AppData\Local\DriveBackup\_internal\nicegui\elements\plotly\dist\index.js
2026-08-16 21:11:44.104   Time stamp of our file: 2026-08-16 21:06:06.000
2026-08-16 21:11:44.105   Dest file exists.
2026-08-16 21:11:44.105   Time stamp of existing file: 2026-08-16 21:06:06.000
2026-08-16 21:11:44.105   Installing the file.
2026-08-16 21:11:44.510   Successfully installed the file.
2026-08-16 21:11:44.510   -- File entry --
2026-08-16 21:11:44.510   Dest filename: C:\Users\in15\AppData\Local\DriveBackup\_internal\nicegui\elements\plotly\src\index.mjs
2026-08-16 21:11:44.512   Time stamp of our file: 2026-08-16 21:06:06.000
2026-08-16 21:11:44.512   Dest file exists.
2026-08-16 21:11:44.512   Time stamp of existing file: 2026-08-16 21:06:06.000
2026-08-16 21:11:44.512   Installing the file.
2026-08-16 21:11:44.518   Successfully installed the file.
2026-08-16 21:11:44.518   -- File entry --
2026-08-16 21:11:44.518   Dest filename: C:\Users\in15\AppData\Local\DriveBackup\_internal\nicegui\elements\scene\package-lock.json
2026-08-16 21:11:44.520   Time stamp of our file: 2026-08-16 21:06:06.000
2026-08-16 21:11:44.520   Dest file exists.
2026-08-16 21:11:44.520   Time stamp of existing file: 2026-08-16 21:06:06.000
2026-08-16 21:11:44.520   Installing the file.
2026-08-16 21:11:44.527   Successfully installed the file.
2026-08-16 21:11:44.528   -- File entry --
2026-08-16 21:11:44.528   Dest filename: C:\Users\in15\AppData\Local\DriveBackup\_internal\nicegui\elements\scene\package.json
2026-08-16 21:11:44.528   Time stamp of our file: 2026-08-16 21:06:06.000
2026-08-16 21:11:44.529   Dest file exists.
2026-08-16 21:11:44.529   Time stamp of existing file: 2026-08-16 21:06:06.000
2026-08-16 21:11:44.529   Installing the file.
2026-08-16 21:11:44.537   Successfully installed the file.
2026-08-16 21:11:44.537   -- File entry --
2026-08-16 21:11:44.539   Dest filename: C:\Users\in15\AppData\Local\DriveBackup\_internal\nicegui\elements\scene\rollup.config.mjs
2026-08-16 21:11:44.540   Time stamp of our file: 2026-08-16 21:06:06.000
2026-08-16 21:11:44.540   Dest file exists.
2026-08-16 21:11:44.540   Time stamp of existing file: 2026-08-16 21:06:06.000
2026-08-16 21:11:44.540   Installing the file.
2026-08-16 21:11:44.560   Successfully installed the file.
2026-08-16 21:11:44.561   -- File entry --
2026-08-16 21:11:44.563   Dest filename: C:\Users\in15\AppData\Local\DriveBackup\_internal\nicegui\elements\scene\scene.js
2026-08-16 21:11:44.563   Time stamp of our file: 2026-08-16 21:06:06.000
2026-08-16 21:11:44.563   Dest file exists.
2026-08-16 21:11:44.563   Time stamp of existing file: 2026-08-16 21:06:06.000
2026-08-16 21:11:44.564   Installing the file.
2026-08-16 21:11:44.577   Successfully installed the file.
2026-08-16 21:11:44.577   -- File entry --
2026-08-16 21:11:44.578   Dest filename: C:\Users\in15\AppData\Local\DriveBackup\_internal\nicegui\elements\scene\scene.py
2026-08-16 21:11:44.578   Time stamp of our file: 2026-08-16 21:06:06.000
2026-08-16 21:11:44.578   Dest file exists.
2026-08-16 21:11:44.579   Time stamp of existing file: 2026-08-16 21:06:06.000
2026-08-16 21:11:44.579   Installing the file.
2026-08-16 21:11:44.588   Successfully installed the file.
2026-08-16 21:11:44.588   -- File entry --
2026-08-16 21:11:44.590   Dest filename: C:\Users\in15\AppData\Local\DriveBackup\_internal\nicegui\elements\scene\scene_object3d.py
2026-08-16 21:11:44.590   Time stamp of our file: 2026-08-16 21:06:06.000
2026-08-16 21:11:44.591   Dest file exists.
2026-08-16 21:11:44.591   Time stamp of existing file: 2026-08-16 21:06:06.000
2026-08-16 21:11:44.591   Installing the file.
2026-08-16 21:11:44.616   Successfully installed the file.
2026-08-16 21:11:44.617   -- File entry --
2026-08-16 21:11:44.617   Dest filename: C:\Users\in15\AppData\Local\DriveBackup\_internal\nicegui\elements\scene\scene_objects.py
2026-08-16 21:11:44.619   Time stamp of our file: 2026-08-16 21:06:06.000
2026-08-16 21:11:44.619   Dest file exists.
2026-08-16 21:11:44.619   Time stamp of existing file: 2026-08-16 21:06:06.000
2026-08-16 21:11:44.619   Installing the file.
2026-08-16 21:11:44.626   Successfully installed the file.
2026-08-16 21:11:44.626   -- File entry --
2026-08-16 21:11:44.626   Dest filename: C:\Users\in15\AppData\Local\DriveBackup\_internal\nicegui\elements\scene\scene_view.js
2026-08-16 21:11:44.627   Time stamp of our file: 2026-08-16 21:06:06.000
2026-08-16 21:11:44.627   Dest file exists.
2026-08-16 21:11:44.627   Time stamp of existing file: 2026-08-16 21:06:06.000
2026-08-16 21:11:44.627   Installing the file.
2026-08-16 21:11:44.638   Successfully installed the file.
2026-08-16 21:11:44.641   -- File entry --
2026-08-16 21:11:44.642   Dest filename: C:\Users\in15\AppData\Local\DriveBackup\_internal\nicegui\elements\scene\scene_view.py
2026-08-16 21:11:44.643   Time stamp of our file: 2026-08-16 21:06:06.000
2026-08-16 21:11:44.643   Dest file exists.
2026-08-16 21:11:44.643   Time stamp of existing file: 2026-08-16 21:06:06.000
2026-08-16 21:11:44.643   Installing the file.
2026-08-16 21:11:44.662   Successfully installed the file.
2026-08-16 21:11:44.662   -- File entry --
2026-08-16 21:11:44.662   Dest filename: C:\Users\in15\AppData\Local\DriveBackup\_internal\nicegui\elements\scene\__init__.py
2026-08-16 21:11:44.668   Time stamp of our file: 2026-08-16 21:06:06.000
2026-08-16 21:11:44.668   Dest file exists.
2026-08-16 21:11:44.668   Time stamp of existing file: 2026-08-16 21:06:06.000
2026-08-16 21:11:44.668   Installing the file.
2026-08-16 21:11:44.678   Successfully installed the file.
2026-08-16 21:11:44.678   -- File entry --
2026-08-16 21:11:44.678   Dest filename: C:\Users\in15\AppData\Local\DriveBackup\_internal\nicegui\elements\scene\dist\index.js
2026-08-16 21:11:44.680   Time stamp of our file: 2026-08-16 21:06:06.000
2026-08-16 21:11:44.680   Dest file exists.
2026-08-16 21:11:44.680   Time stamp of existing file: 2026-08-16 21:06:06.000
2026-08-16 21:11:44.680   Installing the file.
2026-08-16 21:11:44.769   Successfully installed the file.
2026-08-16 21:11:44.769   -- File entry --
2026-08-16 21:11:44.769   Dest filename: C:\Users\in15\AppData\Local\DriveBackup\_internal\nicegui\elements\scene\objects\axes_helper.js
2026-08-16 21:11:44.770   Time stamp of our file: 2026-08-16 21:06:06.000
2026-08-16 21:11:44.770   Dest file exists.
2026-08-16 21:11:44.772   Time stamp of existing file: 2026-08-16 21:06:06.000
2026-08-16 21:11:44.772   Installing the file.
2026-08-16 21:11:44.784   Successfully installed the file.
2026-08-16 21:11:44.784   -- File entry --
2026-08-16 21:11:44.785   Dest filename: C:\Users\in15\AppData\Local\DriveBackup\_internal\nicegui\elements\scene\objects\axes_helper.py
2026-08-16 21:11:44.785   Time stamp of our file: 2026-08-16 21:06:06.000
2026-08-16 21:11:44.785   Dest file exists.
2026-08-16 21:11:44.786   Time stamp of existing file: 2026-08-16 21:06:06.000
2026-08-16 21:11:44.786   Installing the file.
2026-08-16 21:11:44.796   Successfully installed the file.
2026-08-16 21:11:44.797   -- File entry --
2026-08-16 21:11:44.797   Dest filename: C:\Users\in15\AppData\Local\DriveBackup\_internal\nicegui\elements\scene\objects\box.js
2026-08-16 21:11:44.798   Time stamp of our file: 2026-08-16 21:06:06.000
2026-08-16 21:11:44.798   Dest file exists.
2026-08-16 21:11:44.798   Time stamp of existing file: 2026-08-16 21:06:06.000
2026-08-16 21:11:44.799   Installing the file.
2026-08-16 21:11:44.813   Successfully installed the file.
2026-08-16 21:11:44.813   -- File entry --
2026-08-16 21:11:44.813   Dest filename: C:\Users\in15\AppData\Local\DriveBackup\_internal\nicegui\elements\scene\objects\box.py
2026-08-16 21:11:44.814   Time stamp of our file: 2026-08-16 21:06:06.000
2026-08-16 21:11:44.814   Dest file exists.
2026-08-16 21:11:44.814   Time stamp of existing file: 2026-08-16 21:06:06.000
2026-08-16 21:11:44.814   Installing the file.
2026-08-16 21:11:44.823   Successfully installed the file.
2026-08-16 21:11:44.823   -- File entry --
2026-08-16 21:11:44.827   Dest filename: C:\Users\in15\AppData\Local\DriveBackup\_internal\nicegui\elements\scene\objects\curve.js
2026-08-16 21:11:44.827   Time stamp of our file: 2026-08-16 21:06:06.000
2026-08-16 21:11:44.827   Dest file exists.
2026-08-16 21:11:44.827   Time stamp of existing file: 2026-08-16 21:06:06.000
2026-08-16 21:11:44.827   Installing the file.
2026-08-16 21:11:44.843   Successfully installed the file.
2026-08-16 21:11:44.845   -- File entry --
2026-08-16 21:11:44.845   Dest filename: C:\Users\in15\AppData\Local\DriveBackup\_internal\nicegui\elements\scene\objects\curve.py
2026-08-16 21:11:44.846   Time stamp of our file: 2026-08-16 21:06:06.000
2026-08-16 21:11:44.846   Dest file exists.
2026-08-16 21:11:44.848   Time stamp of existing file: 2026-08-16 21:06:06.000
2026-08-16 21:11:44.849   Installing the file.
2026-08-16 21:11:44.857   Successfully installed the file.
2026-08-16 21:11:44.857   -- File entry --
2026-08-16 21:11:44.858   Dest filename: C:\Users\in15\AppData\Local\DriveBackup\_internal\nicegui\elements\scene\objects\cylinder.js
2026-08-16 21:11:44.859   Time stamp of our file: 2026-08-16 21:06:06.000
2026-08-16 21:11:44.859   Dest file exists.
2026-08-16 21:11:44.859   Time stamp of existing file: 2026-08-16 21:06:06.000
2026-08-16 21:11:44.859   Installing the file.
2026-08-16 21:11:44.868   Successfully installed the file.
2026-08-16 21:11:44.868   -- File entry --
2026-08-16 21:11:44.869   Dest filename: C:\Users\in15\AppData\Local\DriveBackup\_internal\nicegui\elements\scene\objects\cylinder.py
2026-08-16 21:11:44.870   Time stamp of our file: 2026-08-16 21:06:06.000
2026-08-16 21:11:44.871   Dest file exists.
2026-08-16 21:11:44.871   Time stamp of existing file: 2026-08-16 21:06:06.000
2026-08-16 21:11:44.875   Installing the file.
2026-08-16 21:11:44.883   Successfully installed the file.
2026-08-16 21:11:44.884   -- File entry --
2026-08-16 21:11:44.884   Dest filename: C:\Users\in15\AppData\Local\DriveBackup\_internal\nicegui\elements\scene\objects\extrusion.js
2026-08-16 21:11:44.884   Time stamp of our file: 2026-08-16 21:06:06.000
2026-08-16 21:11:44.884   Dest file exists.
2026-08-16 21:11:44.884   Time stamp of existing file: 2026-08-16 21:06:06.000
2026-08-16 21:11:44.885   Installing the file.
2026-08-16 21:11:44.892   Successfully installed the file.
2026-08-16 21:11:44.893   -- File entry --
2026-08-16 21:11:44.893   Dest filename: C:\Users\in15\AppData\Local\DriveBackup\_internal\nicegui\elements\scene\objects\extrusion.py
2026-08-16 21:11:44.894   Time stamp of our file: 2026-08-16 21:06:06.000
2026-08-16 21:11:44.894   Dest file exists.
2026-08-16 21:11:44.894   Time stamp of existing file: 2026-08-16 21:06:06.000
2026-08-16 21:11:44.895   Installing the file.
2026-08-16 21:11:44.907   Successfully installed the file.
2026-08-16 21:11:44.907   -- File entry --
2026-08-16 21:11:44.909   Dest filename: C:\Users\in15\AppData\Local\DriveBackup\_internal\nicegui\elements\scene\objects\gltf.js
2026-08-16 21:11:44.909   Time stamp of our file: 2026-08-16 21:06:06.000
2026-08-16 21:11:44.909   Dest file exists.
2026-08-16 21:11:44.909   Time stamp of existing file: 2026-08-16 21:06:06.000
2026-08-16 21:11:44.909   Installing the file.
2026-08-16 21:11:44.917   Successfully installed the file.
2026-08-16 21:11:44.917   -- File entry --
2026-08-16 21:11:44.923   Dest filename: C:\Users\in15\AppData\Local\DriveBackup\_internal\nicegui\elements\scene\objects\gltf.py
2026-08-16 21:11:44.924   Time stamp of our file: 2026-08-16 21:06:06.000
2026-08-16 21:11:44.924   Dest file exists.
2026-08-16 21:11:44.924   Time stamp of existing file: 2026-08-16 21:06:06.000
2026-08-16 21:11:44.925   Installing the file.
2026-08-16 21:11:44.944   Successfully installed the file.
2026-08-16 21:11:44.944   -- File entry --
2026-08-16 21:11:44.951   Dest filename: C:\Users\in15\AppData\Local\DriveBackup\_internal\nicegui\elements\scene\objects\group.js
2026-08-16 21:11:44.952   Time stamp of our file: 2026-08-16 21:06:06.000
2026-08-16 21:11:44.952   Dest file exists.
2026-08-16 21:11:44.952   Time stamp of existing file: 2026-08-16 21:06:06.000
2026-08-16 21:11:44.952   Installing the file.
2026-08-16 21:11:44.969   Successfully installed the file.
2026-08-16 21:11:44.969   -- File entry --
2026-08-16 21:11:44.976   Dest filename: C:\Users\in15\AppData\Local\DriveBackup\_internal\nicegui\elements\scene\objects\group.py
2026-08-16 21:11:44.976   Time stamp of our file: 2026-08-16 21:06:06.000
2026-08-16 21:11:44.976   Dest file exists.
2026-08-16 21:11:44.976   Time stamp of existing file: 2026-08-16 21:06:06.000
2026-08-16 21:11:44.976   Installing the file.
2026-08-16 21:11:44.998   Successfully installed the file.
2026-08-16 21:11:44.998   -- File entry --
2026-08-16 21:11:44.999   Dest filename: C:\Users\in15\AppData\Local\DriveBackup\_internal\nicegui\elements\scene\objects\line.js
2026-08-16 21:11:45.007   Time stamp of our file: 2026-08-16 21:06:06.000
2026-08-16 21:11:45.007   Dest file exists.
2026-08-16 21:11:45.008   Time stamp of existing file: 2026-08-16 21:06:06.000
2026-08-16 21:11:45.008   Installing the file.
2026-08-16 21:11:45.037   Successfully installed the file.
2026-08-16 21:11:45.050   -- File entry --
2026-08-16 21:11:45.055   Dest filename: C:\Users\in15\AppData\Local\DriveBackup\_internal\nicegui\elements\scene\objects\line.py
2026-08-16 21:11:45.055   Time stamp of our file: 2026-08-16 21:06:06.000
2026-08-16 21:11:45.056   Dest file exists.
2026-08-16 21:11:45.056   Time stamp of existing file: 2026-08-16 21:06:06.000
2026-08-16 21:11:45.056   Installing the file.
2026-08-16 21:11:45.077   Successfully installed the file.
2026-08-16 21:11:45.077   -- File entry --
2026-08-16 21:11:45.077   Dest filename: C:\Users\in15\AppData\Local\DriveBackup\_internal\nicegui\elements\scene\objects\point_cloud.js
2026-08-16 21:11:45.077   Time stamp of our file: 2026-08-16 21:06:06.000
2026-08-16 21:11:45.077   Dest file exists.
2026-08-16 21:11:45.079   Time stamp of existing file: 2026-08-16 21:06:06.000
2026-08-16 21:11:45.079   Installing the file.
2026-08-16 21:11:45.090   Successfully installed the file.
2026-08-16 21:11:45.092   -- File entry --
2026-08-16 21:11:45.092   Dest filename: C:\Users\in15\AppData\Local\DriveBackup\_internal\nicegui\elements\scene\objects\point_cloud.py
2026-08-16 21:11:45.113   Time stamp of our file: 2026-08-16 21:06:06.000
2026-08-16 21:11:45.113   Dest file exists.
2026-08-16 21:11:45.113   Time stamp of existing file: 2026-08-16 21:06:06.000
2026-08-16 21:11:45.113   Installing the file.
2026-08-16 21:11:45.146   Successfully installed the file.
2026-08-16 21:11:45.146   -- File entry --
2026-08-16 21:11:45.149   Dest filename: C:\Users\in15\AppData\Local\DriveBackup\_internal\nicegui\elements\scene\objects\quadratic_bezier_tube.js
2026-08-16 21:11:45.149   Time stamp of our file: 2026-08-16 21:06:06.000
2026-08-16 21:11:45.149   Dest file exists.
2026-08-16 21:11:45.151   Time stamp of existing file: 2026-08-16 21:06:06.000
2026-08-16 21:11:45.151   Installing the file.
2026-08-16 21:11:45.160   Successfully installed the file.
2026-08-16 21:11:45.160   -- File entry --
2026-08-16 21:11:45.165   Dest filename: C:\Users\in15\AppData\Local\DriveBackup\_internal\nicegui\elements\scene\objects\quadratic_bezier_tube.py
2026-08-16 21:11:45.165   Time stamp of our file: 2026-08-16 21:06:06.000
2026-08-16 21:11:45.165   Dest file exists.
2026-08-16 21:11:45.165   Time stamp of existing file: 2026-08-16 21:06:06.000
2026-08-16 21:11:45.165   Installing the file.
2026-08-16 21:11:45.184   Successfully installed the file.
2026-08-16 21:11:45.184   -- File entry --
2026-08-16 21:11:45.190   Dest filename: C:\Users\in15\AppData\Local\DriveBackup\_internal\nicegui\elements\scene\objects\ring.js
2026-08-16 21:11:45.190   Time stamp of our file: 2026-08-16 21:06:06.000
2026-08-16 21:11:45.190   Dest file exists.
2026-08-16 21:11:45.191   Time stamp of existing file: 2026-08-16 21:06:06.000
2026-08-16 21:11:45.191   Installing the file.
2026-08-16 21:11:45.197   Successfully installed the file.
2026-08-16 21:11:45.198   -- File entry --
2026-08-16 21:11:45.203   Dest filename: C:\Users\in15\AppData\Local\DriveBackup\_internal\nicegui\elements\scene\objects\ring.py
2026-08-16 21:11:45.204   Time stamp of our file: 2026-08-16 21:06:06.000
2026-08-16 21:11:45.204   Dest file exists.
2026-08-16 21:11:45.204   Time stamp of existing file: 2026-08-16 21:06:06.000
2026-08-16 21:11:45.204   Installing the file.
2026-08-16 21:11:45.225   Successfully installed the file.
2026-08-16 21:11:45.225   -- File entry --
2026-08-16 21:11:45.225   Dest filename: C:\Users\in15\AppData\Local\DriveBackup\_internal\nicegui\elements\scene\objects\sphere.js
2026-08-16 21:11:45.226   Time stamp of our file: 2026-08-16 21:06:06.000
2026-08-16 21:11:45.226   Dest file exists.
2026-08-16 21:11:45.243   Time stamp of existing file: 2026-08-16 21:06:06.000
2026-08-16 21:11:45.243   Installing the file.
2026-08-16 21:11:45.268   Successfully installed the file.
2026-08-16 21:11:45.268   -- File entry --
2026-08-16 21:11:45.270   Dest filename: C:\Users\in15\AppData\Local\DriveBackup\_internal\nicegui\elements\scene\objects\sphere.py
2026-08-16 21:11:45.270   Time stamp of our file: 2026-08-16 21:06:06.000
2026-08-16 21:11:45.270   Dest file exists.
2026-08-16 21:11:45.271   Time stamp of existing file: 2026-08-16 21:06:06.000
2026-08-16 21:11:45.271   Installing the file.
2026-08-16 21:11:45.287   Successfully installed the file.
2026-08-16 21:11:45.287   -- File entry --
2026-08-16 21:11:45.287   Dest filename: C:\Users\in15\AppData\Local\DriveBackup\_internal\nicegui\elements\scene\objects\spot_light.js
2026-08-16 21:11:45.289   Time stamp of our file: 2026-08-16 21:06:06.000
2026-08-16 21:11:45.289   Dest file exists.
2026-08-16 21:11:45.293   Time stamp of existing file: 2026-08-16 21:06:06.000
2026-08-16 21:11:45.294   Installing the file.
2026-08-16 21:11:45.302   Successfully installed the file.
2026-08-16 21:11:45.302   -- File entry --
2026-08-16 21:11:45.304   Dest filename: C:\Users\in15\AppData\Local\DriveBackup\_internal\nicegui\elements\scene\objects\spot_light.py
2026-08-16 21:11:45.304   Time stamp of our file: 2026-08-16 21:06:06.000
2026-08-16 21:11:45.304   Dest file exists.
2026-08-16 21:11:45.304   Time stamp of existing file: 2026-08-16 21:06:06.000
2026-08-16 21:11:45.307   Installing the file.
2026-08-16 21:11:45.324   Successfully installed the file.
2026-08-16 21:11:45.327   -- File entry --
2026-08-16 21:11:45.330   Dest filename: C:\Users\in15\AppData\Local\DriveBackup\_internal\nicegui\elements\scene\objects\stl.js
2026-08-16 21:11:45.330   Time stamp of our file: 2026-08-16 21:06:06.000
2026-08-16 21:11:45.332   Dest file exists.
2026-08-16 21:11:45.332   Time stamp of existing file: 2026-08-16 21:06:06.000
2026-08-16 21:11:45.340   Installing the file.
2026-08-16 21:11:45.356   Successfully installed the file.
2026-08-16 21:11:45.356   -- File entry --
2026-08-16 21:11:45.358   Dest filename: C:\Users\in15\AppData\Local\DriveBackup\_internal\nicegui\elements\scene\objects\stl.py
2026-08-16 21:11:45.358   Time stamp of our file: 2026-08-16 21:06:06.000
2026-08-16 21:11:45.358   Dest file exists.
2026-08-16 21:11:45.358   Time stamp of existing file: 2026-08-16 21:06:06.000
2026-08-16 21:11:45.358   Installing the file.
2026-08-16 21:11:45.368   Successfully installed the file.
2026-08-16 21:11:45.368   -- File entry --
2026-08-16 21:11:45.368   Dest filename: C:\Users\in15\AppData\Local\DriveBackup\_internal\nicegui\elements\scene\objects\text.js
2026-08-16 21:11:45.369   Time stamp of our file: 2026-08-16 21:06:06.000
2026-08-16 21:11:45.369   Dest file exists.
2026-08-16 21:11:45.369   Time stamp of existing file: 2026-08-16 21:06:06.000
2026-08-16 21:11:45.370   Installing the file.
2026-08-16 21:11:45.380   Successfully installed the file.
2026-08-16 21:11:45.380   -- File entry --
2026-08-16 21:11:45.381   Dest filename: C:\Users\in15\AppData\Local\DriveBackup\_internal\nicegui\elements\scene\objects\text.py
2026-08-16 21:11:45.382   Time stamp of our file: 2026-08-16 21:06:06.000
2026-08-16 21:11:45.382   Dest file exists.
2026-08-16 21:11:45.382   Time stamp of existing file: 2026-08-16 21:06:06.000
2026-08-16 21:11:45.382   Installing the file.
2026-08-16 21:11:45.392   Successfully installed the file.
2026-08-16 21:11:45.392   -- File entry --
2026-08-16 21:11:45.392   Dest filename: C:\Users\in15\AppData\Local\DriveBackup\_internal\nicegui\elements\scene\objects\text3d.js
2026-08-16 21:11:45.397   Time stamp of our file: 2026-08-16 21:06:06.000
2026-08-16 21:11:45.397   Dest file exists.
2026-08-16 21:11:45.399   Time stamp of existing file: 2026-08-16 21:06:06.000
2026-08-16 21:11:45.401   Installing the file.
2026-08-16 21:11:45.410   Successfully installed the file.
2026-08-16 21:11:45.410   -- File entry --
2026-08-16 21:11:45.418   Dest filename: C:\Users\in15\AppData\Local\DriveBackup\_internal\nicegui\elements\scene\objects\text3d.py
2026-08-16 21:11:45.419   Time stamp of our file: 2026-08-16 21:06:06.000
2026-08-16 21:11:45.419   Dest file exists.
2026-08-16 21:11:45.420   Time stamp of existing file: 2026-08-16 21:06:06.000
2026-08-16 21:11:45.420   Installing the file.
2026-08-16 21:11:45.434   Successfully installed the file.
2026-08-16 21:11:45.434   -- File entry --
2026-08-16 21:11:45.434   Dest filename: C:\Users\in15\AppData\Local\DriveBackup\_internal\nicegui\elements\scene\objects\texture.js
2026-08-16 21:11:45.436   Time stamp of our file: 2026-08-16 21:06:06.000
2026-08-16 21:11:45.436   Dest file exists.
2026-08-16 21:11:45.438   Time stamp of existing file: 2026-08-16 21:06:06.000
2026-08-16 21:11:45.438   Installing the file.
2026-08-16 21:11:45.453   Successfully installed the file.
2026-08-16 21:11:45.453   -- File entry --
2026-08-16 21:11:45.457   Dest filename: C:\Users\in15\AppData\Local\DriveBackup\_internal\nicegui\elements\scene\objects\texture.py
2026-08-16 21:11:45.457   Time stamp of our file: 2026-08-16 21:06:06.000
2026-08-16 21:11:45.457   Dest file exists.
2026-08-16 21:11:45.459   Time stamp of existing file: 2026-08-16 21:06:06.000
2026-08-16 21:11:45.459   Installing the file.
2026-08-16 21:11:45.473   Successfully installed the file.
2026-08-16 21:11:45.474   -- File entry --
2026-08-16 21:11:45.474   Dest filename: C:\Users\in15\AppData\Local\DriveBackup\_internal\nicegui\elements\scene\objects\__init__.py
2026-08-16 21:11:45.475   Time stamp of our file: 2026-08-16 21:06:06.000
2026-08-16 21:11:45.475   Dest file exists.
2026-08-16 21:11:45.475   Time stamp of existing file: 2026-08-16 21:06:06.000
2026-08-16 21:11:45.475   Installing the file.
2026-08-16 21:11:45.489   Successfully installed the file.
2026-08-16 21:11:45.489   -- File entry --
2026-08-16 21:11:45.490   Dest filename: C:\Users\in15\AppData\Local\DriveBackup\_internal\nicegui\elements\scene\src\index.mjs
2026-08-16 21:11:45.491   Time stamp of our file: 2026-08-16 21:06:06.000
2026-08-16 21:11:45.491   Dest file exists.
2026-08-16 21:11:45.491   Time stamp of existing file: 2026-08-16 21:06:06.000
2026-08-16 21:11:45.491   Installing the file.
2026-08-16 21:11:45.498   Successfully installed the file.
2026-08-16 21:11:45.498   -- File entry --
2026-08-16 21:11:45.504   Dest filename: C:\Users\in15\AppData\Local\DriveBackup\_internal\nicegui\elements\sortable\package-lock.json
2026-08-16 21:11:45.504   Time stamp of our file: 2026-08-16 21:06:06.000
2026-08-16 21:11:45.504   Dest file exists.
2026-08-16 21:11:45.504   Time stamp of existing file: 2026-08-16 21:06:06.000
2026-08-16 21:11:45.504   Installing the file.
2026-08-16 21:11:45.517   Successfully installed the file.
2026-08-16 21:11:45.518   -- File entry --
2026-08-16 21:11:45.518   Dest filename: C:\Users\in15\AppData\Local\DriveBackup\_internal\nicegui\elements\sortable\package.json
2026-08-16 21:11:45.524   Time stamp of our file: 2026-08-16 21:06:06.000
2026-08-16 21:11:45.524   Dest file exists.
2026-08-16 21:11:45.524   Time stamp of existing file: 2026-08-16 21:06:06.000
2026-08-16 21:11:45.525   Installing the file.
2026-08-16 21:11:45.550   Successfully installed the file.
2026-08-16 21:11:45.550   -- File entry --
2026-08-16 21:11:45.550   Dest filename: C:\Users\in15\AppData\Local\DriveBackup\_internal\nicegui\elements\sortable\rollup.config.mjs
2026-08-16 21:11:45.552   Time stamp of our file: 2026-08-16 21:06:06.000
2026-08-16 21:11:45.552   Dest file exists.
2026-08-16 21:11:45.552   Time stamp of existing file: 2026-08-16 21:06:06.000
2026-08-16 21:11:45.552   Installing the file.
2026-08-16 21:11:45.559   Successfully installed the file.
2026-08-16 21:11:45.559   -- File entry --
2026-08-16 21:11:45.561   Dest filename: C:\Users\in15\AppData\Local\DriveBackup\_internal\nicegui\elements\sortable\sortable.js
2026-08-16 21:11:45.561   Time stamp of our file: 2026-08-16 21:06:06.000
2026-08-16 21:11:45.561   Dest file exists.
2026-08-16 21:11:45.561   Time stamp of existing file: 2026-08-16 21:06:06.000
2026-08-16 21:11:45.561   Installing the file.
2026-08-16 21:11:45.573   Successfully installed the file.
2026-08-16 21:11:45.573   -- File entry --
2026-08-16 21:11:45.573   Dest filename: C:\Users\in15\AppData\Local\DriveBackup\_internal\nicegui\elements\sortable\sortable.py
2026-08-16 21:11:45.575   Time stamp of our file: 2026-08-16 21:06:06.000
2026-08-16 21:11:45.575   Dest file exists.
2026-08-16 21:11:45.575   Time stamp of existing file: 2026-08-16 21:06:06.000
2026-08-16 21:11:45.575   Installing the file.
2026-08-16 21:11:45.581   Successfully installed the file.
2026-08-16 21:11:45.582   -- File entry --
2026-08-16 21:11:45.583   Dest filename: C:\Users\in15\AppData\Local\DriveBackup\_internal\nicegui\elements\sortable\__init__.py
2026-08-16 21:11:45.583   Time stamp of our file: 2026-08-16 21:06:06.000
2026-08-16 21:11:45.583   Dest file exists.
2026-08-16 21:11:45.583   Time stamp of existing file: 2026-08-16 21:06:06.000
2026-08-16 21:11:45.584   Installing the file.
2026-08-16 21:11:45.590   Successfully installed the file.
2026-08-16 21:11:45.590   -- File entry --
2026-08-16 21:11:45.590   Dest filename: C:\Users\in15\AppData\Local\DriveBackup\_internal\nicegui\elements\sortable\dist\index.js
2026-08-16 21:11:45.592   Time stamp of our file: 2026-08-16 21:06:06.000
2026-08-16 21:11:45.592   Dest file exists.
2026-08-16 21:11:45.592   Time stamp of existing file: 2026-08-16 21:06:06.000
2026-08-16 21:11:45.592   Installing the file.
2026-08-16 21:11:45.607   Successfully installed the file.
2026-08-16 21:11:45.607   -- File entry --
2026-08-16 21:11:45.608   Dest filename: C:\Users\in15\AppData\Local\DriveBackup\_internal\nicegui\elements\sortable\src\index.mjs
2026-08-16 21:11:45.609   Time stamp of our file: 2026-08-16 21:06:06.000
2026-08-16 21:11:45.609   Dest file exists.
2026-08-16 21:11:45.609   Time stamp of existing file: 2026-08-16 21:06:06.000
2026-08-16 21:11:45.609   Installing the file.
2026-08-16 21:11:45.625   Successfully installed the file.
2026-08-16 21:11:45.625   -- File entry --
2026-08-16 21:11:45.625   Dest filename: C:\Users\in15\AppData\Local\DriveBackup\_internal\nicegui\elements\xterm\package-lock.json
2026-08-16 21:11:45.626   Time stamp of our file: 2026-08-16 21:06:06.000
2026-08-16 21:11:45.626   Dest file exists.
2026-08-16 21:11:45.629   Time stamp of existing file: 2026-08-16 21:06:06.000
2026-08-16 21:11:45.629   Installing the file.
2026-08-16 21:11:45.645   Successfully installed the file.
2026-08-16 21:11:45.645   -- File entry --
2026-08-16 21:11:45.652   Dest filename: C:\Users\in15\AppData\Local\DriveBackup\_internal\nicegui\elements\xterm\package.json
2026-08-16 21:11:45.654   Time stamp of our file: 2026-08-16 21:06:06.000
2026-08-16 21:11:45.654   Dest file exists.
2026-08-16 21:11:45.654   Time stamp of existing file: 2026-08-16 21:06:06.000
2026-08-16 21:11:45.654   Installing the file.
2026-08-16 21:11:45.668   Successfully installed the file.
2026-08-16 21:11:45.669   -- File entry --
2026-08-16 21:11:45.669   Dest filename: C:\Users\in15\AppData\Local\DriveBackup\_internal\nicegui\elements\xterm\rollup.config.mjs
2026-08-16 21:11:45.670   Time stamp of our file: 2026-08-16 21:06:06.000
2026-08-16 21:11:45.670   Dest file exists.
2026-08-16 21:11:45.670   Time stamp of existing file: 2026-08-16 21:06:06.000
2026-08-16 21:11:45.670   Installing the file.
2026-08-16 21:11:45.685   Successfully installed the file.
2026-08-16 21:11:45.685   -- File entry --
2026-08-16 21:11:45.686   Dest filename: C:\Users\in15\AppData\Local\DriveBackup\_internal\nicegui\elements\xterm\xterm.js
2026-08-16 21:11:45.689   Time stamp of our file: 2026-08-16 21:06:06.000
2026-08-16 21:11:45.689   Dest file exists.
2026-08-16 21:11:45.689   Time stamp of existing file: 2026-08-16 21:06:06.000
2026-08-16 21:11:45.689   Installing the file.
2026-08-16 21:11:45.694   Successfully installed the file.
2026-08-16 21:11:45.696   -- File entry --
2026-08-16 21:11:45.696   Dest filename: C:\Users\in15\AppData\Local\DriveBackup\_internal\nicegui\elements\xterm\xterm.py
2026-08-16 21:11:45.698   Time stamp of our file: 2026-08-16 21:06:06.000
2026-08-16 21:11:45.698   Dest file exists.
2026-08-16 21:11:45.699   Time stamp of existing file: 2026-08-16 21:06:06.000
2026-08-16 21:11:45.699   Installing the file.
2026-08-16 21:11:45.706   Successfully installed the file.
2026-08-16 21:11:45.706   -- File entry --
2026-08-16 21:11:45.707   Dest filename: C:\Users\in15\AppData\Local\DriveBackup\_internal\nicegui\elements\xterm\__init__.py
2026-08-16 21:11:45.707   Time stamp of our file: 2026-08-16 21:06:06.000
2026-08-16 21:11:45.707   Dest file exists.
2026-08-16 21:11:45.708   Time stamp of existing file: 2026-08-16 21:06:06.000
2026-08-16 21:11:45.708   Installing the file.
2026-08-16 21:11:45.712   Successfully installed the file.
2026-08-16 21:11:45.713   -- File entry --
2026-08-16 21:11:45.713   Dest filename: C:\Users\in15\AppData\Local\DriveBackup\_internal\nicegui\elements\xterm\dist\index.js
2026-08-16 21:11:45.714   Time stamp of our file: 2026-08-16 21:06:06.000
2026-08-16 21:11:45.714   Dest file exists.
2026-08-16 21:11:45.714   Time stamp of existing file: 2026-08-16 21:06:06.000
2026-08-16 21:11:45.714   Installing the file.
2026-08-16 21:11:45.752   Successfully installed the file.
2026-08-16 21:11:45.752   -- File entry --
2026-08-16 21:11:45.755   Dest filename: C:\Users\in15\AppData\Local\DriveBackup\_internal\nicegui\elements\xterm\dist\xterm.css
2026-08-16 21:11:45.755   Time stamp of our file: 2026-08-16 21:06:06.000
2026-08-16 21:11:45.755   Dest file exists.
2026-08-16 21:11:45.756   Time stamp of existing file: 2026-08-16 21:06:06.000
2026-08-16 21:11:45.756   Installing the file.
2026-08-16 21:11:45.764   Successfully installed the file.
2026-08-16 21:11:45.764   -- File entry --
2026-08-16 21:11:45.766   Dest filename: C:\Users\in15\AppData\Local\DriveBackup\_internal\nicegui\elements\xterm\src\index.mjs
2026-08-16 21:11:45.766   Time stamp of our file: 2026-08-16 21:06:06.000
2026-08-16 21:11:45.766   Dest file exists.
2026-08-16 21:11:45.766   Time stamp of existing file: 2026-08-16 21:06:06.000
2026-08-16 21:11:45.768   Installing the file.
2026-08-16 21:11:45.781   Successfully installed the file.
2026-08-16 21:11:45.784   -- File entry --
2026-08-16 21:11:45.784   Dest filename: C:\Users\in15\AppData\Local\DriveBackup\_internal\nicegui\functions\clipboard.py
2026-08-16 21:11:45.785   Time stamp of our file: 2026-08-16 21:06:06.000
2026-08-16 21:11:45.785   Dest file exists.
2026-08-16 21:11:45.785   Time stamp of existing file: 2026-08-16 21:06:06.000
2026-08-16 21:11:45.785   Installing the file.
2026-08-16 21:11:45.807   Successfully installed the file.
2026-08-16 21:11:45.808   -- File entry --
2026-08-16 21:11:45.808   Dest filename: C:\Users\in15\AppData\Local\DriveBackup\_internal\nicegui\functions\download.py
2026-08-16 21:11:45.814   Time stamp of our file: 2026-08-16 21:06:06.000
2026-08-16 21:11:45.814   Dest file exists.
2026-08-16 21:11:45.814   Time stamp of existing file: 2026-08-16 21:06:06.000
2026-08-16 21:11:45.815   Installing the file.
2026-08-16 21:11:45.827   Successfully installed the file.
2026-08-16 21:11:45.830   -- File entry --
2026-08-16 21:11:45.830   Dest filename: C:\Users\in15\AppData\Local\DriveBackup\_internal\nicegui\functions\html.py
2026-08-16 21:11:45.831   Time stamp of our file: 2026-08-16 21:06:06.000
2026-08-16 21:11:45.831   Dest file exists.
2026-08-16 21:11:45.831   Time stamp of existing file: 2026-08-16 21:06:06.000
2026-08-16 21:11:45.831   Installing the file.
2026-08-16 21:11:45.845   Successfully installed the file.
2026-08-16 21:11:45.845   -- File entry --
2026-08-16 21:11:45.845   Dest filename: C:\Users\in15\AppData\Local\DriveBackup\_internal\nicegui\functions\javascript.py
2026-08-16 21:11:45.845   Time stamp of our file: 2026-08-16 21:06:06.000
2026-08-16 21:11:45.845   Dest file exists.
2026-08-16 21:11:45.845   Time stamp of existing file: 2026-08-16 21:06:06.000
2026-08-16 21:11:45.847   Installing the file.
2026-08-16 21:11:45.861   Successfully installed the file.
2026-08-16 21:11:45.861   -- File entry --
2026-08-16 21:11:45.861   Dest filename: C:\Users\in15\AppData\Local\DriveBackup\_internal\nicegui\functions\navigate.py
2026-08-16 21:11:45.863   Time stamp of our file: 2026-08-16 21:06:06.000
2026-08-16 21:11:45.863   Dest file exists.
2026-08-16 21:11:45.863   Time stamp of existing file: 2026-08-16 21:06:06.000
2026-08-16 21:11:45.863   Installing the file.
2026-08-16 21:11:45.871   Successfully installed the file.
2026-08-16 21:11:45.871   -- File entry --
2026-08-16 21:11:45.872   Dest filename: C:\Users\in15\AppData\Local\DriveBackup\_internal\nicegui\functions\notify.py
2026-08-16 21:11:45.873   Time stamp of our file: 2026-08-16 21:06:06.000
2026-08-16 21:11:45.873   Dest file exists.
2026-08-16 21:11:45.873   Time stamp of existing file: 2026-08-16 21:06:06.000
2026-08-16 21:11:45.873   Installing the file.
2026-08-16 21:11:45.887   Successfully installed the file.
2026-08-16 21:11:45.887   -- File entry --
2026-08-16 21:11:45.890   Dest filename: C:\Users\in15\AppData\Local\DriveBackup\_internal\nicegui\functions\on.py
2026-08-16 21:11:45.893   Time stamp of our file: 2026-08-16 21:06:06.000
2026-08-16 21:11:45.893   Dest file exists.
2026-08-16 21:11:45.894   Time stamp of existing file: 2026-08-16 21:06:06.000
2026-08-16 21:11:45.895   Installing the file.
2026-08-16 21:11:45.899   Successfully installed the file.
2026-08-16 21:11:45.900   -- File entry --
2026-08-16 21:11:45.900   Dest filename: C:\Users\in15\AppData\Local\DriveBackup\_internal\nicegui\functions\on_exception.py
2026-08-16 21:11:45.900   Time stamp of our file: 2026-08-16 21:06:06.000
2026-08-16 21:11:45.900   Dest file exists.
2026-08-16 21:11:45.900   Time stamp of existing file: 2026-08-16 21:06:06.000
2026-08-16 21:11:45.900   Installing the file.
2026-08-16 21:11:45.912   Successfully installed the file.
2026-08-16 21:11:45.914   -- File entry --
2026-08-16 21:11:45.914   Dest filename: C:\Users\in15\AppData\Local\DriveBackup\_internal\nicegui\functions\page_title.py
2026-08-16 21:11:45.914   Time stamp of our file: 2026-08-16 21:06:06.000
2026-08-16 21:11:45.914   Dest file exists.
2026-08-16 21:11:45.916   Time stamp of existing file: 2026-08-16 21:06:06.000
2026-08-16 21:11:45.916   Installing the file.
2026-08-16 21:11:45.920   Successfully installed the file.
2026-08-16 21:11:45.920   -- File entry --
2026-08-16 21:11:45.923   Dest filename: C:\Users\in15\AppData\Local\DriveBackup\_internal\nicegui\functions\refreshable.js
2026-08-16 21:11:45.923   Time stamp of our file: 2026-08-16 21:06:06.000
2026-08-16 21:11:45.923   Dest file exists.
2026-08-16 21:11:45.923   Time stamp of existing file: 2026-08-16 21:06:06.000
2026-08-16 21:11:45.923   Installing the file.
2026-08-16 21:11:45.926   Successfully installed the file.
2026-08-16 21:11:45.926   -- File entry --
2026-08-16 21:11:45.928   Dest filename: C:\Users\in15\AppData\Local\DriveBackup\_internal\nicegui\functions\refreshable.py
2026-08-16 21:11:45.928   Time stamp of our file: 2026-08-16 21:06:06.000
2026-08-16 21:11:45.928   Dest file exists.
2026-08-16 21:11:45.928   Time stamp of existing file: 2026-08-16 21:06:06.000
2026-08-16 21:11:45.928   Installing the file.
2026-08-16 21:11:45.943   Successfully installed the file.
2026-08-16 21:11:45.943   -- File entry --
2026-08-16 21:11:45.944   Dest filename: C:\Users\in15\AppData\Local\DriveBackup\_internal\nicegui\functions\status_code.py
2026-08-16 21:11:45.944   Time stamp of our file: 2026-08-16 21:06:06.000
2026-08-16 21:11:45.944   Dest file exists.
2026-08-16 21:11:45.945   Time stamp of existing file: 2026-08-16 21:06:06.000
2026-08-16 21:11:45.945   Installing the file.
2026-08-16 21:11:45.959   Successfully installed the file.
2026-08-16 21:11:45.959   -- File entry --
2026-08-16 21:11:45.959   Dest filename: C:\Users\in15\AppData\Local\DriveBackup\_internal\nicegui\functions\style.py
2026-08-16 21:11:45.961   Time stamp of our file: 2026-08-16 21:06:06.000
2026-08-16 21:11:45.961   Dest file exists.
2026-08-16 21:11:45.961   Time stamp of existing file: 2026-08-16 21:06:06.000
2026-08-16 21:11:45.961   Installing the file.
2026-08-16 21:11:45.969   Successfully installed the file.
2026-08-16 21:11:45.969   -- File entry --
2026-08-16 21:11:45.970   Dest filename: C:\Users\in15\AppData\Local\DriveBackup\_internal\nicegui\functions\update.py
2026-08-16 21:11:45.970   Time stamp of our file: 2026-08-16 21:06:06.000
2026-08-16 21:11:45.970   Dest file exists.
2026-08-16 21:11:45.971   Time stamp of existing file: 2026-08-16 21:06:06.000
2026-08-16 21:11:45.971   Installing the file.
2026-08-16 21:11:45.984   Successfully installed the file.
2026-08-16 21:11:45.985   -- File entry --
2026-08-16 21:11:45.985   Dest filename: C:\Users\in15\AppData\Local\DriveBackup\_internal\nicegui\functions\__init__.py
2026-08-16 21:11:45.985   Time stamp of our file: 2026-08-16 21:06:06.000
2026-08-16 21:11:45.989   Dest file exists.
2026-08-16 21:11:45.990   Time stamp of existing file: 2026-08-16 21:06:06.000
2026-08-16 21:11:45.990   Installing the file.
2026-08-16 21:11:45.999   Successfully installed the file.
2026-08-16 21:11:45.999   -- File entry --
2026-08-16 21:11:46.001   Dest filename: C:\Users\in15\AppData\Local\DriveBackup\_internal\nicegui\helpers\elements.py
2026-08-16 21:11:46.001   Time stamp of our file: 2026-08-16 21:06:06.000
2026-08-16 21:11:46.001   Dest file exists.
2026-08-16 21:11:46.001   Time stamp of existing file: 2026-08-16 21:06:06.000
2026-08-16 21:11:46.001   Installing the file.
2026-08-16 21:11:46.005   Successfully installed the file.
2026-08-16 21:11:46.007   -- File entry --
2026-08-16 21:11:46.007   Dest filename: C:\Users\in15\AppData\Local\DriveBackup\_internal\nicegui\helpers\files.py
2026-08-16 21:11:46.007   Time stamp of our file: 2026-08-16 21:06:06.000
2026-08-16 21:11:46.007   Dest file exists.
2026-08-16 21:11:46.007   Time stamp of existing file: 2026-08-16 21:06:06.000
2026-08-16 21:11:46.007   Installing the file.
2026-08-16 21:11:46.025   Successfully installed the file.
2026-08-16 21:11:46.027   -- File entry --
2026-08-16 21:11:46.027   Dest filename: C:\Users\in15\AppData\Local\DriveBackup\_internal\nicegui\helpers\functions.py
2026-08-16 21:11:46.028   Time stamp of our file: 2026-08-16 21:06:06.000
2026-08-16 21:11:46.028   Dest file exists.
2026-08-16 21:11:46.028   Time stamp of existing file: 2026-08-16 21:06:06.000
2026-08-16 21:11:46.028   Installing the file.
2026-08-16 21:11:46.037   Successfully installed the file.
2026-08-16 21:11:46.037   -- File entry --
2026-08-16 21:11:46.039   Dest filename: C:\Users\in15\AppData\Local\DriveBackup\_internal\nicegui\helpers\network.py
2026-08-16 21:11:46.040   Time stamp of our file: 2026-08-16 21:06:06.000
2026-08-16 21:11:46.040   Dest file exists.
2026-08-16 21:11:46.040   Time stamp of existing file: 2026-08-16 21:06:06.000
2026-08-16 21:11:46.040   Installing the file.
2026-08-16 21:11:46.052   Successfully installed the file.
2026-08-16 21:11:46.052   -- File entry --
2026-08-16 21:11:46.053   Dest filename: C:\Users\in15\AppData\Local\DriveBackup\_internal\nicegui\helpers\strings.py
2026-08-16 21:11:46.054   Time stamp of our file: 2026-08-16 21:06:06.000
2026-08-16 21:11:46.054   Dest file exists.
2026-08-16 21:11:46.055   Time stamp of existing file: 2026-08-16 21:06:06.000
2026-08-16 21:11:46.055   Installing the file.
2026-08-16 21:11:46.062   Successfully installed the file.
2026-08-16 21:11:46.063   -- File entry --
2026-08-16 21:11:46.064   Dest filename: C:\Users\in15\AppData\Local\DriveBackup\_internal\nicegui\helpers\warnings.py
2026-08-16 21:11:46.065   Time stamp of our file: 2026-08-16 21:06:06.000
2026-08-16 21:11:46.065   Dest file exists.
2026-08-16 21:11:46.066   Time stamp of existing file: 2026-08-16 21:06:06.000
2026-08-16 21:11:46.067   Installing the file.
2026-08-16 21:11:46.080   Successfully installed the file.
2026-08-16 21:11:46.089   -- File entry --
2026-08-16 21:11:46.094   Dest filename: C:\Users\in15\AppData\Local\DriveBackup\_internal\nicegui\helpers\__init__.py
2026-08-16 21:11:46.095   Time stamp of our file: 2026-08-16 21:06:06.000
2026-08-16 21:11:46.095   Dest file exists.
2026-08-16 21:11:46.095   Time stamp of existing file: 2026-08-16 21:06:06.000
2026-08-16 21:11:46.096   Installing the file.
2026-08-16 21:11:46.108   Successfully installed the file.
2026-08-16 21:11:46.108   -- File entry --
2026-08-16 21:11:46.109   Dest filename: C:\Users\in15\AppData\Local\DriveBackup\_internal\nicegui\json\builtin_wrapper.py
2026-08-16 21:11:46.111   Time stamp of our file: 2026-08-16 21:06:06.000
2026-08-16 21:11:46.111   Dest file exists.
2026-08-16 21:11:46.111   Time stamp of existing file: 2026-08-16 21:06:06.000
2026-08-16 21:11:46.111   Installing the file.
2026-08-16 21:11:46.123   Successfully installed the file.
2026-08-16 21:11:46.123   -- File entry --
2026-08-16 21:11:46.123   Dest filename: C:\Users\in15\AppData\Local\DriveBackup\_internal\nicegui\json\orjson_wrapper.py
2026-08-16 21:11:46.125   Time stamp of our file: 2026-08-16 21:06:06.000
2026-08-16 21:11:46.125   Dest file exists.
2026-08-16 21:11:46.126   Time stamp of existing file: 2026-08-16 21:06:06.000
2026-08-16 21:11:46.126   Installing the file.
2026-08-16 21:11:46.141   Successfully installed the file.
2026-08-16 21:11:46.141   -- File entry --
2026-08-16 21:11:46.146   Dest filename: C:\Users\in15\AppData\Local\DriveBackup\_internal\nicegui\json\__init__.py
2026-08-16 21:11:46.146   Time stamp of our file: 2026-08-16 21:06:06.000
2026-08-16 21:11:46.148   Dest file exists.
2026-08-16 21:11:46.148   Time stamp of existing file: 2026-08-16 21:06:06.000
2026-08-16 21:11:46.148   Installing the file.
2026-08-16 21:11:46.176   Successfully installed the file.
2026-08-16 21:11:46.180   -- File entry --
2026-08-16 21:11:46.180   Dest filename: C:\Users\in15\AppData\Local\DriveBackup\_internal\nicegui\native\event_manager.py
2026-08-16 21:11:46.181   Time stamp of our file: 2026-08-16 21:06:06.000
2026-08-16 21:11:46.181   Dest file exists.
2026-08-16 21:11:46.181   Time stamp of existing file: 2026-08-16 21:06:06.000
2026-08-16 21:11:46.181   Installing the file.
2026-08-16 21:11:46.193   Successfully installed the file.
2026-08-16 21:11:46.195   -- File entry --
2026-08-16 21:11:46.196   Dest filename: C:\Users\in15\AppData\Local\DriveBackup\_internal\nicegui\native\native.py
2026-08-16 21:11:46.196   Time stamp of our file: 2026-08-16 21:06:06.000
2026-08-16 21:11:46.197   Dest file exists.
2026-08-16 21:11:46.197   Time stamp of existing file: 2026-08-16 21:06:06.000
2026-08-16 21:11:46.197   Installing the file.
2026-08-16 21:11:46.209   Successfully installed the file.
2026-08-16 21:11:46.210   -- File entry --
2026-08-16 21:11:46.221   Dest filename: C:\Users\in15\AppData\Local\DriveBackup\_internal\nicegui\native\native_config.py
2026-08-16 21:11:46.222   Time stamp of our file: 2026-08-16 21:06:06.000
2026-08-16 21:11:46.222   Dest file exists.
2026-08-16 21:11:46.222   Time stamp of existing file: 2026-08-16 21:06:06.000
2026-08-16 21:11:46.222   Installing the file.
2026-08-16 21:11:46.242   Successfully installed the file.
2026-08-16 21:11:46.245   -- File entry --
2026-08-16 21:11:46.245   Dest filename: C:\Users\in15\AppData\Local\DriveBackup\_internal\nicegui\native\native_mode.py
2026-08-16 21:11:46.246   Time stamp of our file: 2026-08-16 21:06:06.000
2026-08-16 21:11:46.246   Dest file exists.
2026-08-16 21:11:46.246   Time stamp of existing file: 2026-08-16 21:06:06.000
2026-08-16 21:11:46.246   Installing the file.
2026-08-16 21:11:46.286   Successfully installed the file.
2026-08-16 21:11:46.287   -- File entry --
2026-08-16 21:11:46.289   Dest filename: C:\Users\in15\AppData\Local\DriveBackup\_internal\nicegui\native\window_icon.py
2026-08-16 21:11:46.290   Time stamp of our file: 2026-08-16 21:06:06.000
2026-08-16 21:11:46.290   Dest file exists.
2026-08-16 21:11:46.290   Time stamp of existing file: 2026-08-16 21:06:06.000
2026-08-16 21:11:46.290   Installing the file.
2026-08-16 21:11:46.312   Successfully installed the file.
2026-08-16 21:11:46.312   -- File entry --
2026-08-16 21:11:46.313   Dest filename: C:\Users\in15\AppData\Local\DriveBackup\_internal\nicegui\native\__init__.py
2026-08-16 21:11:46.313   Time stamp of our file: 2026-08-16 21:06:06.000
2026-08-16 21:11:46.313   Dest file exists.
2026-08-16 21:11:46.313   Time stamp of existing file: 2026-08-16 21:06:06.000
2026-08-16 21:11:46.313   Installing the file.
2026-08-16 21:11:46.322   Successfully installed the file.
2026-08-16 21:11:46.322   -- File entry --
2026-08-16 21:11:46.323   Dest filename: C:\Users\in15\AppData\Local\DriveBackup\_internal\nicegui\persistence\file_persistent_dict.py
2026-08-16 21:11:46.323   Time stamp of our file: 2026-08-16 21:06:06.000
2026-08-16 21:11:46.323   Dest file exists.
2026-08-16 21:11:46.323   Time stamp of existing file: 2026-08-16 21:06:06.000
2026-08-16 21:11:46.323   Installing the file.
2026-08-16 21:11:46.329   Successfully installed the file.
2026-08-16 21:11:46.331   -- File entry --
2026-08-16 21:11:46.331   Dest filename: C:\Users\in15\AppData\Local\DriveBackup\_internal\nicegui\persistence\persistent_dict.py
2026-08-16 21:11:46.331   Time stamp of our file: 2026-08-16 21:06:06.000
2026-08-16 21:11:46.331   Dest file exists.
2026-08-16 21:11:46.334   Time stamp of existing file: 2026-08-16 21:06:06.000
2026-08-16 21:11:46.334   Installing the file.
2026-08-16 21:11:46.353   Successfully installed the file.
2026-08-16 21:11:46.353   -- File entry --
2026-08-16 21:11:46.363   Dest filename: C:\Users\in15\AppData\Local\DriveBackup\_internal\nicegui\persistence\pseudo_persistent_dict.py
2026-08-16 21:11:46.364   Time stamp of our file: 2026-08-16 21:06:06.000
2026-08-16 21:11:46.364   Dest file exists.
2026-08-16 21:11:46.364   Time stamp of existing file: 2026-08-16 21:06:06.000
2026-08-16 21:11:46.364   Installing the file.
2026-08-16 21:11:46.385   Successfully installed the file.
2026-08-16 21:11:46.385   -- File entry --
2026-08-16 21:11:46.386   Dest filename: C:\Users\in15\AppData\Local\DriveBackup\_internal\nicegui\persistence\read_only_dict.py
2026-08-16 21:11:46.387   Time stamp of our file: 2026-08-16 21:06:06.000
2026-08-16 21:11:46.387   Dest file exists.
2026-08-16 21:11:46.388   Time stamp of existing file: 2026-08-16 21:06:06.000
2026-08-16 21:11:46.389   Installing the file.
2026-08-16 21:11:46.396   Successfully installed the file.
2026-08-16 21:11:46.396   -- File entry --
2026-08-16 21:11:46.397   Dest filename: C:\Users\in15\AppData\Local\DriveBackup\_internal\nicegui\persistence\redis_persistent_dict.py
2026-08-16 21:11:46.397   Time stamp of our file: 2026-08-16 21:06:06.000
2026-08-16 21:11:46.397   Dest file exists.
2026-08-16 21:11:46.397   Time stamp of existing file: 2026-08-16 21:06:06.000
2026-08-16 21:11:46.398   Installing the file.
2026-08-16 21:11:46.405   Successfully installed the file.
2026-08-16 21:11:46.405   -- File entry --
2026-08-16 21:11:46.406   Dest filename: C:\Users\in15\AppData\Local\DriveBackup\_internal\nicegui\persistence\serialization.py
2026-08-16 21:11:46.407   Time stamp of our file: 2026-08-16 21:06:06.000
2026-08-16 21:11:46.407   Dest file exists.
2026-08-16 21:11:46.407   Time stamp of existing file: 2026-08-16 21:06:06.000
2026-08-16 21:11:46.407   Installing the file.
2026-08-16 21:11:46.412   Successfully installed the file.
2026-08-16 21:11:46.413   -- File entry --
2026-08-16 21:11:46.413   Dest filename: C:\Users\in15\AppData\Local\DriveBackup\_internal\nicegui\persistence\__init__.py
2026-08-16 21:11:46.414   Time stamp of our file: 2026-08-16 21:06:06.000
2026-08-16 21:11:46.414   Dest file exists.
2026-08-16 21:11:46.414   Time stamp of existing file: 2026-08-16 21:06:06.000
2026-08-16 21:11:46.414   Installing the file.
2026-08-16 21:11:46.420   Successfully installed the file.
2026-08-16 21:11:46.421   -- File entry --
2026-08-16 21:11:46.421   Dest filename: C:\Users\in15\AppData\Local\DriveBackup\_internal\nicegui\scripts\pack.py
2026-08-16 21:11:46.424   Time stamp of our file: 2026-08-16 21:06:06.000
2026-08-16 21:11:46.424   Dest file exists.
2026-08-16 21:11:46.424   Time stamp of existing file: 2026-08-16 21:06:06.000
2026-08-16 21:11:46.424   Installing the file.
2026-08-16 21:11:46.446   Successfully installed the file.
2026-08-16 21:11:46.446   -- File entry --
2026-08-16 21:11:46.447   Dest filename: C:\Users\in15\AppData\Local\DriveBackup\_internal\nicegui\static\dompurify.mjs
2026-08-16 21:11:46.447   Time stamp of our file: 2026-08-16 21:06:06.000
2026-08-16 21:11:46.448   Dest file exists.
2026-08-16 21:11:46.449   Time stamp of existing file: 2026-08-16 21:06:06.000
2026-08-16 21:11:46.450   Installing the file.
2026-08-16 21:11:46.464   Successfully installed the file.
2026-08-16 21:11:46.464   -- File entry --
2026-08-16 21:11:46.468   Dest filename: C:\Users\in15\AppData\Local\DriveBackup\_internal\nicegui\static\favicon.ico
2026-08-16 21:11:46.469   Time stamp of our file: 2026-08-16 21:06:06.000
2026-08-16 21:11:46.469   Dest file exists.
2026-08-16 21:11:46.469   Time stamp of existing file: 2026-08-16 21:06:06.000
2026-08-16 21:11:46.469   Installing the file.
2026-08-16 21:11:46.487   Successfully installed the file.
2026-08-16 21:11:46.487   -- File entry --
2026-08-16 21:11:46.490   Dest filename: C:\Users\in15\AppData\Local\DriveBackup\_internal\nicegui\static\fonts.css
2026-08-16 21:11:46.492   Time stamp of our file: 2026-08-16 21:06:06.000
2026-08-16 21:11:46.492   Dest file exists.
2026-08-16 21:11:46.492   Time stamp of existing file: 2026-08-16 21:06:06.000
2026-08-16 21:11:46.492   Installing the file.
2026-08-16 21:11:46.509   Successfully installed the file.
2026-08-16 21:11:46.509   -- File entry --
2026-08-16 21:11:46.510   Dest filename: C:\Users\in15\AppData\Local\DriveBackup\_internal\nicegui\static\headwind.css
2026-08-16 21:11:46.510   Time stamp of our file: 2026-08-16 21:06:06.000
2026-08-16 21:11:46.510   Dest file exists.
2026-08-16 21:11:46.511   Time stamp of existing file: 2026-08-16 21:06:06.000
2026-08-16 21:11:46.511   Installing the file.
2026-08-16 21:11:46.528   Successfully installed the file.
2026-08-16 21:11:46.532   -- File entry --
2026-08-16 21:11:46.534   Dest filename: C:\Users\in15\AppData\Local\DriveBackup\_internal\nicegui\static\immutable.es.js
2026-08-16 21:11:46.535   Time stamp of our file: 2026-08-16 21:06:06.000
2026-08-16 21:11:46.535   Dest file exists.
2026-08-16 21:11:46.535   Time stamp of existing file: 2026-08-16 21:06:06.000
2026-08-16 21:11:46.535   Installing the file.
2026-08-16 21:11:46.555   Successfully installed the file.
2026-08-16 21:11:46.561   -- File entry --
2026-08-16 21:11:46.561   Dest filename: C:\Users\in15\AppData\Local\DriveBackup\_internal\nicegui\static\nicegui.css
2026-08-16 21:11:46.562   Time stamp of our file: 2026-08-16 21:06:06.000
2026-08-16 21:11:46.562   Dest file exists.
2026-08-16 21:11:46.562   Time stamp of existing file: 2026-08-16 21:06:06.000
2026-08-16 21:11:46.562   Installing the file.
2026-08-16 21:11:46.581   Successfully installed the file.
2026-08-16 21:11:46.581   -- File entry --
2026-08-16 21:11:46.586   Dest filename: C:\Users\in15\AppData\Local\DriveBackup\_internal\nicegui\static\nicegui.js
2026-08-16 21:11:46.586   Time stamp of our file: 2026-08-16 21:06:06.000
2026-08-16 21:11:46.586   Dest file exists.
2026-08-16 21:11:46.587   Time stamp of existing file: 2026-08-16 21:06:06.000
2026-08-16 21:11:46.587   Installing the file.
2026-08-16 21:11:46.598   Successfully installed the file.
2026-08-16 21:11:46.598   -- File entry --
2026-08-16 21:11:46.600   Dest filename: C:\Users\in15\AppData\Local\DriveBackup\_internal\nicegui\static\quasar.important.css
2026-08-16 21:11:46.600   Time stamp of our file: 2026-08-16 21:06:06.000
2026-08-16 21:11:46.600   Dest file exists.
2026-08-16 21:11:46.600   Time stamp of existing file: 2026-08-16 21:06:06.000
2026-08-16 21:11:46.601   Installing the file.
2026-08-16 21:11:46.615   Successfully installed the file.
2026-08-16 21:11:46.616   -- File entry --
2026-08-16 21:11:46.616   Dest filename: C:\Users\in15\AppData\Local\DriveBackup\_internal\nicegui\static\quasar.important.prod.css
2026-08-16 21:11:46.620   Time stamp of our file: 2026-08-16 21:06:06.000
2026-08-16 21:11:46.620   Dest file exists.
2026-08-16 21:11:46.620   Time stamp of existing file: 2026-08-16 21:06:06.000
2026-08-16 21:11:46.621   Installing the file.
2026-08-16 21:11:46.634   Successfully installed the file.
2026-08-16 21:11:46.635   -- File entry --
2026-08-16 21:11:46.636   Dest filename: C:\Users\in15\AppData\Local\DriveBackup\_internal\nicegui\static\quasar.umd.js
2026-08-16 21:11:46.637   Time stamp of our file: 2026-08-16 21:06:06.000
2026-08-16 21:11:46.637   Dest file exists.
2026-08-16 21:11:46.637   Time stamp of existing file: 2026-08-16 21:06:06.000
2026-08-16 21:11:46.637   Installing the file.
2026-08-16 21:11:46.773   Successfully installed the file.
2026-08-16 21:11:46.777   -- File entry --
2026-08-16 21:11:46.778   Dest filename: C:\Users\in15\AppData\Local\DriveBackup\_internal\nicegui\static\quasar.umd.prod.js
2026-08-16 21:11:46.779   Time stamp of our file: 2026-08-16 21:06:06.000
2026-08-16 21:11:46.779   Dest file exists.
2026-08-16 21:11:46.779   Time stamp of existing file: 2026-08-16 21:06:06.000
2026-08-16 21:11:46.780   Installing the file.
2026-08-16 21:11:46.846   Successfully installed the file.
2026-08-16 21:11:46.847   -- File entry --
2026-08-16 21:11:46.847   Dest filename: C:\Users\in15\AppData\Local\DriveBackup\_internal\nicegui\static\quasar.unimportant.css
2026-08-16 21:11:46.847   Time stamp of our file: 2026-08-16 21:06:06.000
2026-08-16 21:11:46.847   Dest file exists.
2026-08-16 21:11:46.849   Time stamp of existing file: 2026-08-16 21:06:06.000
2026-08-16 21:11:46.850   Installing the file.
2026-08-16 21:11:46.873   Successfully installed the file.
2026-08-16 21:11:46.873   -- File entry --
2026-08-16 21:11:46.873   Dest filename: C:\Users\in15\AppData\Local\DriveBackup\_internal\nicegui\static\quasar.unimportant.prod.css
2026-08-16 21:11:46.876   Time stamp of our file: 2026-08-16 21:06:06.000
2026-08-16 21:11:46.876   Dest file exists.
2026-08-16 21:11:46.876   Time stamp of existing file: 2026-08-16 21:06:06.000
2026-08-16 21:11:46.876   Installing the file.
2026-08-16 21:11:46.906   Successfully installed the file.
2026-08-16 21:11:46.906   -- File entry --
2026-08-16 21:11:46.906   Dest filename: C:\Users\in15\AppData\Local\DriveBackup\_internal\nicegui\static\sad_face.svg
2026-08-16 21:11:46.906   Time stamp of our file: 2026-08-16 21:06:06.000
2026-08-16 21:11:46.906   Dest file exists.
2026-08-16 21:11:46.906   Time stamp of existing file: 2026-08-16 21:06:06.000
2026-08-16 21:11:46.907   Installing the file.
2026-08-16 21:11:46.937   Successfully installed the file.
2026-08-16 21:11:46.938   -- File entry --
2026-08-16 21:11:46.940   Dest filename: C:\Users\in15\AppData\Local\DriveBackup\_internal\nicegui\static\sass.dart.js
2026-08-16 21:11:46.940   Time stamp of our file: 2026-08-16 21:06:06.000
2026-08-16 21:11:46.940   Dest file exists.
2026-08-16 21:11:46.941   Time stamp of existing file: 2026-08-16 21:06:06.000
2026-08-16 21:11:46.941   Installing the file.
2026-08-16 21:11:47.314   Successfully installed the file.
2026-08-16 21:11:47.314   -- File entry --
2026-08-16 21:11:47.315   Dest filename: C:\Users\in15\AppData\Local\DriveBackup\_internal\nicegui\static\sass.default.js
2026-08-16 21:11:47.316   Time stamp of our file: 2026-08-16 21:06:06.000
2026-08-16 21:11:47.316   Dest file exists.
2026-08-16 21:11:47.318   Time stamp of existing file: 2026-08-16 21:06:06.000
2026-08-16 21:11:47.318   Installing the file.
2026-08-16 21:11:47.325   Successfully installed the file.
2026-08-16 21:11:47.326   -- File entry --
2026-08-16 21:11:47.326   Dest filename: C:\Users\in15\AppData\Local\DriveBackup\_internal\nicegui\static\socket.io.min.js
2026-08-16 21:11:47.327   Time stamp of our file: 2026-08-16 21:06:06.000
2026-08-16 21:11:47.327   Dest file exists.
2026-08-16 21:11:47.327   Time stamp of existing file: 2026-08-16 21:06:06.000
2026-08-16 21:11:47.327   Installing the file.
2026-08-16 21:11:47.341   Successfully installed the file.
2026-08-16 21:11:47.341   -- File entry --
2026-08-16 21:11:47.342   Dest filename: C:\Users\in15\AppData\Local\DriveBackup\_internal\nicegui\static\tailwindcss.min.js
2026-08-16 21:11:47.342   Time stamp of our file: 2026-08-16 21:06:06.000
2026-08-16 21:11:47.342   Dest file exists.
2026-08-16 21:11:47.343   Time stamp of existing file: 2026-08-16 21:06:06.000
2026-08-16 21:11:47.343   Installing the file.
2026-08-16 21:11:47.381   Successfully installed the file.
2026-08-16 21:11:47.382   -- File entry --
2026-08-16 21:11:47.382   Dest filename: C:\Users\in15\AppData\Local\DriveBackup\_internal\nicegui\static\vue.esm-browser.js
2026-08-16 21:11:47.388   Time stamp of our file: 2026-08-16 21:06:06.000
2026-08-16 21:11:47.388   Dest file exists.
2026-08-16 21:11:47.388   Time stamp of existing file: 2026-08-16 21:06:06.000
2026-08-16 21:11:47.388   Installing the file.
2026-08-16 21:11:47.479   Successfully installed the file.
2026-08-16 21:11:47.479   -- File entry --
2026-08-16 21:11:47.479   Dest filename: C:\Users\in15\AppData\Local\DriveBackup\_internal\nicegui\static\vue.esm-browser.prod.js
2026-08-16 21:11:47.480   Time stamp of our file: 2026-08-16 21:06:06.000
2026-08-16 21:11:47.480   Dest file exists.
2026-08-16 21:11:47.480   Time stamp of existing file: 2026-08-16 21:06:06.000
2026-08-16 21:11:47.481   Installing the file.
2026-08-16 21:11:47.588   Successfully installed the file.
2026-08-16 21:11:47.588   -- File entry --
2026-08-16 21:11:47.589   Dest filename: C:\Users\in15\AppData\Local\DriveBackup\_internal\nicegui\static\fonts\0c19a63c7528cc1a.woff2
2026-08-16 21:11:47.590   Time stamp of our file: 2026-08-16 21:06:06.000
2026-08-16 21:11:47.590   Dest file exists.
2026-08-16 21:11:47.590   Time stamp of existing file: 2026-08-16 21:06:06.000
2026-08-16 21:11:47.590   Installing the file.
2026-08-16 21:11:47.659   Successfully installed the file.
2026-08-16 21:11:47.659   -- File entry --
2026-08-16 21:11:47.665   Dest filename: C:\Users\in15\AppData\Local\DriveBackup\_internal\nicegui\static\fonts\11995e935aba4c35.woff2
2026-08-16 21:11:47.666   Time stamp of our file: 2026-08-16 21:06:06.000
2026-08-16 21:11:47.666   Dest file exists.
2026-08-16 21:11:47.667   Time stamp of existing file: 2026-08-16 21:06:06.000
2026-08-16 21:11:47.667   Installing the file.
2026-08-16 21:11:47.682   Successfully installed the file.
2026-08-16 21:11:47.682   -- File entry --
2026-08-16 21:11:47.684   Dest filename: C:\Users\in15\AppData\Local\DriveBackup\_internal\nicegui\static\fonts\1e891d4a2a7f2f96.woff2
2026-08-16 21:11:47.690   Time stamp of our file: 2026-08-16 21:06:06.000
2026-08-16 21:11:47.690   Dest file exists.
2026-08-16 21:11:47.691   Time stamp of existing file: 2026-08-16 21:06:06.000
2026-08-16 21:11:47.691   Installing the file.
2026-08-16 21:11:47.711   Successfully installed the file.
2026-08-16 21:11:47.711   -- File entry --
2026-08-16 21:11:47.711   Dest filename: C:\Users\in15\AppData\Local\DriveBackup\_internal\nicegui\static\fonts\2474057f3040a08c.woff2
2026-08-16 21:11:47.718   Time stamp of our file: 2026-08-16 21:06:06.000
2026-08-16 21:11:47.718   Dest file exists.
2026-08-16 21:11:47.718   Time stamp of existing file: 2026-08-16 21:06:06.000
2026-08-16 21:11:47.718   Installing the file.
2026-08-16 21:11:47.740   Successfully installed the file.
2026-08-16 21:11:47.740   -- File entry --
2026-08-16 21:11:47.740   Dest filename: C:\Users\in15\AppData\Local\DriveBackup\_internal\nicegui\static\fonts\2af55f54d9fac778.woff2
2026-08-16 21:11:47.741   Time stamp of our file: 2026-08-16 21:06:06.000
2026-08-16 21:11:47.741   Dest file exists.
2026-08-16 21:11:47.741   Time stamp of existing file: 2026-08-16 21:06:06.000
2026-08-16 21:11:47.741   Installing the file.
2026-08-16 21:11:47.777   Successfully installed the file.
2026-08-16 21:11:47.780   -- File entry --
2026-08-16 21:11:47.780   Dest filename: C:\Users\in15\AppData\Local\DriveBackup\_internal\nicegui\static\fonts\3a20f367986a2130.woff2
2026-08-16 21:11:47.781   Time stamp of our file: 2026-08-16 21:06:06.000
2026-08-16 21:11:47.781   Dest file exists.
2026-08-16 21:11:47.781   Time stamp of existing file: 2026-08-16 21:06:06.000
2026-08-16 21:11:47.781   Installing the file.
2026-08-16 21:11:47.794   Successfully installed the file.
2026-08-16 21:11:47.794   -- File entry --
2026-08-16 21:11:47.801   Dest filename: C:\Users\in15\AppData\Local\DriveBackup\_internal\nicegui\static\fonts\5d016cfdc2ac4298.woff2
2026-08-16 21:11:47.802   Time stamp of our file: 2026-08-16 21:06:06.000
2026-08-16 21:11:47.802   Dest file exists.
2026-08-16 21:11:47.802   Time stamp of existing file: 2026-08-16 21:06:06.000
2026-08-16 21:11:47.802   Installing the file.
2026-08-16 21:11:47.815   Successfully installed the file.
2026-08-16 21:11:47.824   -- File entry --
2026-08-16 21:11:47.825   Dest filename: C:\Users\in15\AppData\Local\DriveBackup\_internal\nicegui\static\fonts\5f5fa57fb07d7e44.woff2
2026-08-16 21:11:47.826   Time stamp of our file: 2026-08-16 21:06:06.000
2026-08-16 21:11:47.826   Dest file exists.
2026-08-16 21:11:47.826   Time stamp of existing file: 2026-08-16 21:06:06.000
2026-08-16 21:11:47.826   Installing the file.
2026-08-16 21:11:47.843   Successfully installed the file.
2026-08-16 21:11:47.843   -- File entry --
2026-08-16 21:11:47.846   Dest filename: C:\Users\in15\AppData\Local\DriveBackup\_internal\nicegui\static\fonts\935e23d0cd87ac6f.woff2
2026-08-16 21:11:47.847   Time stamp of our file: 2026-08-16 21:06:06.000
2026-08-16 21:11:47.847   Dest file exists.
2026-08-16 21:11:47.847   Time stamp of existing file: 2026-08-16 21:06:06.000
2026-08-16 21:11:47.847   Installing the file.
2026-08-16 21:11:47.906   Successfully installed the file.
2026-08-16 21:11:47.906   -- File entry --
2026-08-16 21:11:47.906   Dest filename: C:\Users\in15\AppData\Local\DriveBackup\_internal\nicegui\static\fonts\a35a05f781345176.woff2
2026-08-16 21:11:47.907   Time stamp of our file: 2026-08-16 21:06:06.000
2026-08-16 21:11:47.907   Dest file exists.
2026-08-16 21:11:47.907   Time stamp of existing file: 2026-08-16 21:06:06.000
2026-08-16 21:11:47.907   Installing the file.
2026-08-16 21:11:47.928   Successfully installed the file.
2026-08-16 21:11:47.928   -- File entry --
2026-08-16 21:11:47.931   Dest filename: C:\Users\in15\AppData\Local\DriveBackup\_internal\nicegui\static\fonts\b4ccbbab3fd3e3be.woff2
2026-08-16 21:11:47.931   Time stamp of our file: 2026-08-16 21:06:06.000
2026-08-16 21:11:47.931   Dest file exists.
2026-08-16 21:11:47.931   Time stamp of existing file: 2026-08-16 21:06:06.000
2026-08-16 21:11:47.932   Installing the file.
2026-08-16 21:11:47.943   Successfully installed the file.
2026-08-16 21:11:47.943   -- File entry --
2026-08-16 21:11:47.944   Dest filename: C:\Users\in15\AppData\Local\DriveBackup\_internal\nicegui\static\fonts\bb828b03a1f11130.woff2
2026-08-16 21:11:47.944   Time stamp of our file: 2026-08-16 21:06:06.000
2026-08-16 21:11:47.944   Dest file exists.
2026-08-16 21:11:47.945   Time stamp of existing file: 2026-08-16 21:06:06.000
2026-08-16 21:11:47.945   Installing the file.
2026-08-16 21:11:47.987   Successfully installed the file.
2026-08-16 21:11:47.987   -- File entry --
2026-08-16 21:11:47.988   Dest filename: C:\Users\in15\AppData\Local\DriveBackup\_internal\nicegui\static\fonts\d3527d1a9c475ae3.woff2
2026-08-16 21:11:47.989   Time stamp of our file: 2026-08-16 21:06:06.000
2026-08-16 21:11:47.989   Dest file exists.
2026-08-16 21:11:47.989   Time stamp of existing file: 2026-08-16 21:06:06.000
2026-08-16 21:11:47.989   Installing the file.
2026-08-16 21:11:48.013   Successfully installed the file.
2026-08-16 21:11:48.013   -- File entry --
2026-08-16 21:11:48.016   Dest filename: C:\Users\in15\AppData\Local\DriveBackup\_internal\nicegui\static\fonts\d4e71f49ac06b20e.woff2
2026-08-16 21:11:48.016   Time stamp of our file: 2026-08-16 21:06:06.000
2026-08-16 21:11:48.016   Dest file exists.
2026-08-16 21:11:48.016   Time stamp of existing file: 2026-08-16 21:06:06.000
2026-08-16 21:11:48.016   Installing the file.
2026-08-16 21:11:48.085   Successfully installed the file.
2026-08-16 21:11:48.085   -- File entry --
2026-08-16 21:11:48.085   Dest filename: C:\Users\in15\AppData\Local\DriveBackup\_internal\nicegui\static\fonts\f0862fc752441e3c.woff2
2026-08-16 21:11:48.086   Time stamp of our file: 2026-08-16 21:06:06.000
2026-08-16 21:11:48.087   Dest file exists.
2026-08-16 21:11:48.088   Time stamp of existing file: 2026-08-16 21:06:06.000
2026-08-16 21:11:48.088   Installing the file.
2026-08-16 21:11:48.095   Successfully installed the file.
2026-08-16 21:11:48.095   -- File entry --
2026-08-16 21:11:48.097   Dest filename: C:\Users\in15\AppData\Local\DriveBackup\_internal\nicegui\static\fonts\f3c560102a6d7def.woff2
2026-08-16 21:11:48.097   Time stamp of our file: 2026-08-16 21:06:06.000
2026-08-16 21:11:48.097   Dest file exists.
2026-08-16 21:11:48.097   Time stamp of existing file: 2026-08-16 21:06:06.000
2026-08-16 21:11:48.097   Installing the file.
2026-08-16 21:11:48.105   Successfully installed the file.
2026-08-16 21:11:48.106   -- File entry --
2026-08-16 21:11:48.106   Dest filename: C:\Users\in15\AppData\Local\DriveBackup\_internal\nicegui\static\lang\ar-TN.umd.prod.js
2026-08-16 21:11:48.107   Time stamp of our file: 2026-08-16 21:06:06.000
2026-08-16 21:11:48.107   Dest file exists.
2026-08-16 21:11:48.107   Time stamp of existing file: 2026-08-16 21:06:06.000
2026-08-16 21:11:48.107   Installing the file.
2026-08-16 21:11:48.112   Successfully installed the file.
2026-08-16 21:11:48.112   -- File entry --
2026-08-16 21:11:48.113   Dest filename: C:\Users\in15\AppData\Local\DriveBackup\_internal\nicegui\static\lang\ar.umd.prod.js
2026-08-16 21:11:48.113   Time stamp of our file: 2026-08-16 21:06:06.000
2026-08-16 21:11:48.113   Dest file exists.
2026-08-16 21:11:48.114   Time stamp of existing file: 2026-08-16 21:06:06.000
2026-08-16 21:11:48.114   Installing the file.
2026-08-16 21:11:48.125   Successfully installed the file.
2026-08-16 21:11:48.125   -- File entry --
2026-08-16 21:11:48.125   Dest filename: C:\Users\in15\AppData\Local\DriveBackup\_internal\nicegui\static\lang\az-Latn.umd.prod.js
2026-08-16 21:11:48.127   Time stamp of our file: 2026-08-16 21:06:06.000
2026-08-16 21:11:48.127   Dest file exists.
2026-08-16 21:11:48.127   Time stamp of existing file: 2026-08-16 21:06:06.000
2026-08-16 21:11:48.127   Installing the file.
2026-08-16 21:11:48.133   Successfully installed the file.
2026-08-16 21:11:48.133   -- File entry --
2026-08-16 21:11:48.134   Dest filename: C:\Users\in15\AppData\Local\DriveBackup\_internal\nicegui\static\lang\bg.umd.prod.js
2026-08-16 21:11:48.134   Time stamp of our file: 2026-08-16 21:06:06.000
2026-08-16 21:11:48.134   Dest file exists.
2026-08-16 21:11:48.135   Time stamp of existing file: 2026-08-16 21:06:06.000
2026-08-16 21:11:48.135   Installing the file.
2026-08-16 21:11:48.140   Successfully installed the file.
2026-08-16 21:11:48.141   -- File entry --
2026-08-16 21:11:48.141   Dest filename: C:\Users\in15\AppData\Local\DriveBackup\_internal\nicegui\static\lang\bn.umd.prod.js
2026-08-16 21:11:48.142   Time stamp of our file: 2026-08-16 21:06:06.000
2026-08-16 21:11:48.142   Dest file exists.
2026-08-16 21:11:48.142   Time stamp of existing file: 2026-08-16 21:06:06.000
2026-08-16 21:11:48.142   Installing the file.
2026-08-16 21:11:48.148   Successfully installed the file.
2026-08-16 21:11:48.148   -- File entry --
2026-08-16 21:11:48.149   Dest filename: C:\Users\in15\AppData\Local\DriveBackup\_internal\nicegui\static\lang\bs-BA.umd.prod.js
2026-08-16 21:11:48.149   Time stamp of our file: 2026-08-16 21:06:06.000
2026-08-16 21:11:48.149   Dest file exists.
2026-08-16 21:11:48.149   Time stamp of existing file: 2026-08-16 21:06:06.000
2026-08-16 21:11:48.149   Installing the file.
2026-08-16 21:11:48.156   Successfully installed the file.
2026-08-16 21:11:48.156   -- File entry --
2026-08-16 21:11:48.156   Dest filename: C:\Users\in15\AppData\Local\DriveBackup\_internal\nicegui\static\lang\ca.umd.prod.js
2026-08-16 21:11:48.158   Time stamp of our file: 2026-08-16 21:06:06.000
2026-08-16 21:11:48.158   Dest file exists.
2026-08-16 21:11:48.158   Time stamp of existing file: 2026-08-16 21:06:06.000
2026-08-16 21:11:48.158   Installing the file.
2026-08-16 21:11:48.160   Successfully installed the file.
2026-08-16 21:11:48.160   -- File entry --
2026-08-16 21:11:48.160   Dest filename: C:\Users\in15\AppData\Local\DriveBackup\_internal\nicegui\static\lang\cs.umd.prod.js
2026-08-16 21:11:48.160   Time stamp of our file: 2026-08-16 21:06:06.000
2026-08-16 21:11:48.160   Dest file exists.
2026-08-16 21:11:48.160   Time stamp of existing file: 2026-08-16 21:06:06.000
2026-08-16 21:11:48.164   Installing the file.
2026-08-16 21:11:48.170   Successfully installed the file.
2026-08-16 21:11:48.170   -- File entry --
2026-08-16 21:11:48.170   Dest filename: C:\Users\in15\AppData\Local\DriveBackup\_internal\nicegui\static\lang\da.umd.prod.js
2026-08-16 21:11:48.171   Time stamp of our file: 2026-08-16 21:06:06.000
2026-08-16 21:11:48.171   Dest file exists.
2026-08-16 21:11:48.171   Time stamp of existing file: 2026-08-16 21:06:06.000
2026-08-16 21:11:48.171   Installing the file.
2026-08-16 21:11:48.176   Successfully installed the file.
2026-08-16 21:11:48.176   -- File entry --
2026-08-16 21:11:48.176   Dest filename: C:\Users\in15\AppData\Local\DriveBackup\_internal\nicegui\static\lang\de-CH.umd.prod.js
2026-08-16 21:11:48.177   Time stamp of our file: 2026-08-16 21:06:06.000
2026-08-16 21:11:48.177   Dest file exists.
2026-08-16 21:11:48.177   Time stamp of existing file: 2026-08-16 21:06:06.000
2026-08-16 21:11:48.177   Installing the file.
2026-08-16 21:11:48.181   Successfully installed the file.
2026-08-16 21:11:48.182   -- File entry --
2026-08-16 21:11:48.184   Dest filename: C:\Users\in15\AppData\Local\DriveBackup\_internal\nicegui\static\lang\de-DE.umd.prod.js
2026-08-16 21:11:48.185   Time stamp of our file: 2026-08-16 21:06:06.000
2026-08-16 21:11:48.185   Dest file exists.
2026-08-16 21:11:48.185   Time stamp of existing file: 2026-08-16 21:06:06.000
2026-08-16 21:11:48.185   Installing the file.
2026-08-16 21:11:48.191   Successfully installed the file.
2026-08-16 21:11:48.191   -- File entry --
2026-08-16 21:11:48.191   Dest filename: C:\Users\in15\AppData\Local\DriveBackup\_internal\nicegui\static\lang\de.umd.prod.js
2026-08-16 21:11:48.193   Time stamp of our file: 2026-08-16 21:06:06.000
2026-08-16 21:11:48.193   Dest file exists.
2026-08-16 21:11:48.193   Time stamp of existing file: 2026-08-16 21:06:06.000
2026-08-16 21:11:48.193   Installing the file.
2026-08-16 21:11:48.198   Successfully installed the file.
2026-08-16 21:11:48.198   -- File entry --
2026-08-16 21:11:48.198   Dest filename: C:\Users\in15\AppData\Local\DriveBackup\_internal\nicegui\static\lang\el.umd.prod.js
2026-08-16 21:11:48.198   Time stamp of our file: 2026-08-16 21:06:06.000
2026-08-16 21:11:48.198   Dest file exists.
2026-08-16 21:11:48.198   Time stamp of existing file: 2026-08-16 21:06:06.000
2026-08-16 21:11:48.198   Installing the file.
2026-08-16 21:11:48.205   Successfully installed the file.
2026-08-16 21:11:48.205   -- File entry --
2026-08-16 21:11:48.205   Dest filename: C:\Users\in15\AppData\Local\DriveBackup\_internal\nicegui\static\lang\en-GB.umd.prod.js
2026-08-16 21:11:48.206   Time stamp of our file: 2026-08-16 21:06:06.000
2026-08-16 21:11:48.206   Dest file exists.
2026-08-16 21:11:48.206   Time stamp of existing file: 2026-08-16 21:06:06.000
2026-08-16 21:11:48.206   Installing the file.
2026-08-16 21:11:48.210   Successfully installed the file.
2026-08-16 21:11:48.210   -- File entry --
2026-08-16 21:11:48.211   Dest filename: C:\Users\in15\AppData\Local\DriveBackup\_internal\nicegui\static\lang\en-US.umd.prod.js
2026-08-16 21:11:48.211   Time stamp of our file: 2026-08-16 21:06:06.000
2026-08-16 21:11:48.212   Dest file exists.
2026-08-16 21:11:48.212   Time stamp of existing file: 2026-08-16 21:06:06.000
2026-08-16 21:11:48.212   Installing the file.
2026-08-16 21:11:48.216   Successfully installed the file.
2026-08-16 21:11:48.217   -- File entry --
2026-08-16 21:11:48.217   Dest filename: C:\Users\in15\AppData\Local\DriveBackup\_internal\nicegui\static\lang\eo.umd.prod.js
2026-08-16 21:11:48.218   Time stamp of our file: 2026-08-16 21:06:06.000
2026-08-16 21:11:48.218   Dest file exists.
2026-08-16 21:11:48.218   Time stamp of existing file: 2026-08-16 21:06:06.000
2026-08-16 21:11:48.218   Installing the file.
2026-08-16 21:11:48.226   Successfully installed the file.
2026-08-16 21:11:48.226   -- File entry --
2026-08-16 21:11:48.226   Dest filename: C:\Users\in15\AppData\Local\DriveBackup\_internal\nicegui\static\lang\es.umd.prod.js
2026-08-16 21:11:48.226   Time stamp of our file: 2026-08-16 21:06:06.000
2026-08-16 21:11:48.226   Dest file exists.
2026-08-16 21:11:48.226   Time stamp of existing file: 2026-08-16 21:06:06.000
2026-08-16 21:11:48.226   Installing the file.
2026-08-16 21:11:48.232   Successfully installed the file.
2026-08-16 21:11:48.232   -- File entry --
2026-08-16 21:11:48.232   Dest filename: C:\Users\in15\AppData\Local\DriveBackup\_internal\nicegui\static\lang\et.umd.prod.js
2026-08-16 21:11:48.233   Time stamp of our file: 2026-08-16 21:06:06.000
2026-08-16 21:11:48.233   Dest file exists.
2026-08-16 21:11:48.233   Time stamp of existing file: 2026-08-16 21:06:06.000
2026-08-16 21:11:48.234   Installing the file.
2026-08-16 21:11:48.239   Successfully installed the file.
2026-08-16 21:11:48.239   -- File entry --
2026-08-16 21:11:48.239   Dest filename: C:\Users\in15\AppData\Local\DriveBackup\_internal\nicegui\static\lang\eu.umd.prod.js
2026-08-16 21:11:48.240   Time stamp of our file: 2026-08-16 21:06:06.000
2026-08-16 21:11:48.240   Dest file exists.
2026-08-16 21:11:48.240   Time stamp of existing file: 2026-08-16 21:06:06.000
2026-08-16 21:11:48.240   Installing the file.
2026-08-16 21:11:48.244   Successfully installed the file.
2026-08-16 21:11:48.245   -- File entry --
2026-08-16 21:11:48.245   Dest filename: C:\Users\in15\AppData\Local\DriveBackup\_internal\nicegui\static\lang\fa-IR.umd.prod.js
2026-08-16 21:11:48.246   Time stamp of our file: 2026-08-16 21:06:06.000
2026-08-16 21:11:48.246   Dest file exists.
2026-08-16 21:11:48.246   Time stamp of existing file: 2026-08-16 21:06:06.000
2026-08-16 21:11:48.246   Installing the file.
2026-08-16 21:11:48.251   Successfully installed the file.
2026-08-16 21:11:48.252   -- File entry --
2026-08-16 21:11:48.252   Dest filename: C:\Users\in15\AppData\Local\DriveBackup\_internal\nicegui\static\lang\fa.umd.prod.js
2026-08-16 21:11:48.253   Time stamp of our file: 2026-08-16 21:06:06.000
2026-08-16 21:11:48.253   Dest file exists.
2026-08-16 21:11:48.253   Time stamp of existing file: 2026-08-16 21:06:06.000
2026-08-16 21:11:48.254   Installing the file.
2026-08-16 21:11:48.260   Successfully installed the file.
2026-08-16 21:11:48.260   -- File entry --
2026-08-16 21:11:48.262   Dest filename: C:\Users\in15\AppData\Local\DriveBackup\_internal\nicegui\static\lang\fi.umd.prod.js
2026-08-16 21:11:48.262   Time stamp of our file: 2026-08-16 21:06:06.000
2026-08-16 21:11:48.262   Dest file exists.
2026-08-16 21:11:48.262   Time stamp of existing file: 2026-08-16 21:06:06.000
2026-08-16 21:11:48.262   Installing the file.
2026-08-16 21:11:48.269   Successfully installed the file.
2026-08-16 21:11:48.269   -- File entry --
2026-08-16 21:11:48.269   Dest filename: C:\Users\in15\AppData\Local\DriveBackup\_internal\nicegui\static\lang\fr.umd.prod.js
2026-08-16 21:11:48.270   Time stamp of our file: 2026-08-16 21:06:06.000
2026-08-16 21:11:48.270   Dest file exists.
2026-08-16 21:11:48.270   Time stamp of existing file: 2026-08-16 21:06:06.000
2026-08-16 21:11:48.270   Installing the file.
2026-08-16 21:11:48.275   Successfully installed the file.
2026-08-16 21:11:48.275   -- File entry --
2026-08-16 21:11:48.275   Dest filename: C:\Users\in15\AppData\Local\DriveBackup\_internal\nicegui\static\lang\gn.umd.prod.js
2026-08-16 21:11:48.276   Time stamp of our file: 2026-08-16 21:06:06.000
2026-08-16 21:11:48.276   Dest file exists.
2026-08-16 21:11:48.276   Time stamp of existing file: 2026-08-16 21:06:06.000
2026-08-16 21:11:48.276   Installing the file.
2026-08-16 21:11:48.281   Successfully installed the file.
2026-08-16 21:11:48.281   -- File entry --
2026-08-16 21:11:48.281   Dest filename: C:\Users\in15\AppData\Local\DriveBackup\_internal\nicegui\static\lang\he.umd.prod.js
2026-08-16 21:11:48.282   Time stamp of our file: 2026-08-16 21:06:06.000
2026-08-16 21:11:48.282   Dest file exists.
2026-08-16 21:11:48.283   Time stamp of existing file: 2026-08-16 21:06:06.000
2026-08-16 21:11:48.283   Installing the file.
2026-08-16 21:11:48.290   Successfully installed the file.
2026-08-16 21:11:48.290   -- File entry --
2026-08-16 21:11:48.290   Dest filename: C:\Users\in15\AppData\Local\DriveBackup\_internal\nicegui\static\lang\hi.umd.prod.js
2026-08-16 21:11:48.292   Time stamp of our file: 2026-08-16 21:06:06.000
2026-08-16 21:11:48.292   Dest file exists.
2026-08-16 21:11:48.292   Time stamp of existing file: 2026-08-16 21:06:06.000
2026-08-16 21:11:48.292   Installing the file.
2026-08-16 21:11:48.298   Successfully installed the file.
2026-08-16 21:11:48.298   -- File entry --
2026-08-16 21:11:48.301   Dest filename: C:\Users\in15\AppData\Local\DriveBackup\_internal\nicegui\static\lang\hr.umd.prod.js
2026-08-16 21:11:48.302   Time stamp of our file: 2026-08-16 21:06:06.000
2026-08-16 21:11:48.302   Dest file exists.
2026-08-16 21:11:48.302   Time stamp of existing file: 2026-08-16 21:06:06.000
2026-08-16 21:11:48.302   Installing the file.
2026-08-16 21:11:48.307   Successfully installed the file.
2026-08-16 21:11:48.307   -- File entry --
2026-08-16 21:11:48.307   Dest filename: C:\Users\in15\AppData\Local\DriveBackup\_internal\nicegui\static\lang\hu.umd.prod.js
2026-08-16 21:11:48.308   Time stamp of our file: 2026-08-16 21:06:06.000
2026-08-16 21:11:48.308   Dest file exists.
2026-08-16 21:11:48.309   Time stamp of existing file: 2026-08-16 21:06:06.000
2026-08-16 21:11:48.309   Installing the file.
2026-08-16 21:11:48.313   Successfully installed the file.
2026-08-16 21:11:48.313   -- File entry --
2026-08-16 21:11:48.314   Dest filename: C:\Users\in15\AppData\Local\DriveBackup\_internal\nicegui\static\lang\id.umd.prod.js
2026-08-16 21:11:48.314   Time stamp of our file: 2026-08-16 21:06:06.000
2026-08-16 21:11:48.314   Dest file exists.
2026-08-16 21:11:48.314   Time stamp of existing file: 2026-08-16 21:06:06.000
2026-08-16 21:11:48.314   Installing the file.
2026-08-16 21:11:48.326   Successfully installed the file.
2026-08-16 21:11:48.326   -- File entry --
2026-08-16 21:11:48.326   Dest filename: C:\Users\in15\AppData\Local\DriveBackup\_internal\nicegui\static\lang\is.umd.prod.js
2026-08-16 21:11:48.328   Time stamp of our file: 2026-08-16 21:06:06.000
2026-08-16 21:11:48.328   Dest file exists.
2026-08-16 21:11:48.328   Time stamp of existing file: 2026-08-16 21:06:06.000
2026-08-16 21:11:48.328   Installing the file.
2026-08-16 21:11:48.334   Successfully installed the file.
2026-08-16 21:11:48.334   -- File entry --
2026-08-16 21:11:48.334   Dest filename: C:\Users\in15\AppData\Local\DriveBackup\_internal\nicegui\static\lang\it.umd.prod.js
2026-08-16 21:11:48.335   Time stamp of our file: 2026-08-16 21:06:06.000
2026-08-16 21:11:48.335   Dest file exists.
2026-08-16 21:11:48.336   Time stamp of existing file: 2026-08-16 21:06:06.000
2026-08-16 21:11:48.336   Installing the file.
2026-08-16 21:11:48.342   Successfully installed the file.
2026-08-16 21:11:48.342   -- File entry --
2026-08-16 21:11:48.342   Dest filename: C:\Users\in15\AppData\Local\DriveBackup\_internal\nicegui\static\lang\ja.umd.prod.js
2026-08-16 21:11:48.343   Time stamp of our file: 2026-08-16 21:06:06.000
2026-08-16 21:11:48.343   Dest file exists.
2026-08-16 21:11:48.343   Time stamp of existing file: 2026-08-16 21:06:06.000
2026-08-16 21:11:48.343   Installing the file.
2026-08-16 21:11:48.348   Successfully installed the file.
2026-08-16 21:11:48.348   -- File entry --
2026-08-16 21:11:48.349   Dest filename: C:\Users\in15\AppData\Local\DriveBackup\_internal\nicegui\static\lang\kk.umd.prod.js
2026-08-16 21:11:48.350   Time stamp of our file: 2026-08-16 21:06:06.000
2026-08-16 21:11:48.350   Dest file exists.
2026-08-16 21:11:48.350   Time stamp of existing file: 2026-08-16 21:06:06.000
2026-08-16 21:11:48.350   Installing the file.
2026-08-16 21:11:48.359   Successfully installed the file.
2026-08-16 21:11:48.359   -- File entry --
2026-08-16 21:11:48.360   Dest filename: C:\Users\in15\AppData\Local\DriveBackup\_internal\nicegui\static\lang\km.umd.prod.js
2026-08-16 21:11:48.361   Time stamp of our file: 2026-08-16 21:06:06.000
2026-08-16 21:11:48.361   Dest file exists.
2026-08-16 21:11:48.361   Time stamp of existing file: 2026-08-16 21:06:06.000
2026-08-16 21:11:48.361   Installing the file.
2026-08-16 21:11:48.365   Successfully installed the file.
2026-08-16 21:11:48.366   -- File entry --
2026-08-16 21:11:48.366   Dest filename: C:\Users\in15\AppData\Local\DriveBackup\_internal\nicegui\static\lang\ko-KR.umd.prod.js
2026-08-16 21:11:48.369   Time stamp of our file: 2026-08-16 21:06:06.000
2026-08-16 21:11:48.369   Dest file exists.
2026-08-16 21:11:48.371   Time stamp of existing file: 2026-08-16 21:06:06.000
2026-08-16 21:11:48.371   Installing the file.
2026-08-16 21:11:48.377   Successfully installed the file.
2026-08-16 21:11:48.377   -- File entry --
2026-08-16 21:11:48.377   Dest filename: C:\Users\in15\AppData\Local\DriveBackup\_internal\nicegui\static\lang\kur-CKB.umd.prod.js
2026-08-16 21:11:48.379   Time stamp of our file: 2026-08-16 21:06:06.000
2026-08-16 21:11:48.379   Dest file exists.
2026-08-16 21:11:48.379   Time stamp of existing file: 2026-08-16 21:06:06.000
2026-08-16 21:11:48.379   Installing the file.
2026-08-16 21:11:48.394   Successfully installed the file.
2026-08-16 21:11:48.394   -- File entry --
2026-08-16 21:11:48.394   Dest filename: C:\Users\in15\AppData\Local\DriveBackup\_internal\nicegui\static\lang\lt.umd.prod.js
2026-08-16 21:11:48.394   Time stamp of our file: 2026-08-16 21:06:06.000
2026-08-16 21:11:48.394   Dest file exists.
2026-08-16 21:11:48.394   Time stamp of existing file: 2026-08-16 21:06:06.000
2026-08-16 21:11:48.394   Installing the file.
2026-08-16 21:11:48.406   Successfully installed the file.
2026-08-16 21:11:48.407   -- File entry --
2026-08-16 21:11:48.407   Dest filename: C:\Users\in15\AppData\Local\DriveBackup\_internal\nicegui\static\lang\lu.umd.prod.js
2026-08-16 21:11:48.408   Time stamp of our file: 2026-08-16 21:06:06.000
2026-08-16 21:11:48.408   Dest file exists.
2026-08-16 21:11:48.408   Time stamp of existing file: 2026-08-16 21:06:06.000
2026-08-16 21:11:48.408   Installing the file.
2026-08-16 21:11:48.413   Successfully installed the file.
2026-08-16 21:11:48.413   -- File entry --
2026-08-16 21:11:48.413   Dest filename: C:\Users\in15\AppData\Local\DriveBackup\_internal\nicegui\static\lang\lv.umd.prod.js
2026-08-16 21:11:48.414   Time stamp of our file: 2026-08-16 21:06:06.000
2026-08-16 21:11:48.414   Dest file exists.
2026-08-16 21:11:48.414   Time stamp of existing file: 2026-08-16 21:06:06.000
2026-08-16 21:11:48.414   Installing the file.
2026-08-16 21:11:48.427   Successfully installed the file.
2026-08-16 21:11:48.427   -- File entry --
2026-08-16 21:11:48.428   Dest filename: C:\Users\in15\AppData\Local\DriveBackup\_internal\nicegui\static\lang\mk.umd.prod.js
2026-08-16 21:11:48.429   Time stamp of our file: 2026-08-16 21:06:06.000
2026-08-16 21:11:48.429   Dest file exists.
2026-08-16 21:11:48.430   Time stamp of existing file: 2026-08-16 21:06:06.000
2026-08-16 21:11:48.430   Installing the file.
2026-08-16 21:11:48.441   Successfully installed the file.
2026-08-16 21:11:48.441   -- File entry --
2026-08-16 21:11:48.446   Dest filename: C:\Users\in15\AppData\Local\DriveBackup\_internal\nicegui\static\lang\ml.umd.prod.js
2026-08-16 21:11:48.447   Time stamp of our file: 2026-08-16 21:06:06.000
2026-08-16 21:11:48.447   Dest file exists.
2026-08-16 21:11:48.447   Time stamp of existing file: 2026-08-16 21:06:06.000
2026-08-16 21:11:48.447   Installing the file.
2026-08-16 21:11:48.460   Successfully installed the file.
2026-08-16 21:11:48.460   -- File entry --
2026-08-16 21:11:48.460   Dest filename: C:\Users\in15\AppData\Local\DriveBackup\_internal\nicegui\static\lang\mm.umd.prod.js
2026-08-16 21:11:48.460   Time stamp of our file: 2026-08-16 21:06:06.000
2026-08-16 21:11:48.462   Dest file exists.
2026-08-16 21:11:48.462   Time stamp of existing file: 2026-08-16 21:06:06.000
2026-08-16 21:11:48.462   Installing the file.
2026-08-16 21:11:48.466   Successfully installed the file.
2026-08-16 21:11:48.470   -- File entry --
2026-08-16 21:11:48.471   Dest filename: C:\Users\in15\AppData\Local\DriveBackup\_internal\nicegui\static\lang\ms-MY.umd.prod.js
2026-08-16 21:11:48.471   Time stamp of our file: 2026-08-16 21:06:06.000
2026-08-16 21:11:48.471   Dest file exists.
2026-08-16 21:11:48.472   Time stamp of existing file: 2026-08-16 21:06:06.000
2026-08-16 21:11:48.472   Installing the file.
2026-08-16 21:11:48.478   Successfully installed the file.
2026-08-16 21:11:48.478   -- File entry --
2026-08-16 21:11:48.478   Dest filename: C:\Users\in15\AppData\Local\DriveBackup\_internal\nicegui\static\lang\ms.umd.prod.js
2026-08-16 21:11:48.479   Time stamp of our file: 2026-08-16 21:06:06.000
2026-08-16 21:11:48.479   Dest file exists.
2026-08-16 21:11:48.479   Time stamp of existing file: 2026-08-16 21:06:06.000
2026-08-16 21:11:48.479   Installing the file.
2026-08-16 21:11:48.490   Successfully installed the file.
2026-08-16 21:11:48.490   -- File entry --
2026-08-16 21:11:48.490   Dest filename: C:\Users\in15\AppData\Local\DriveBackup\_internal\nicegui\static\lang\my.umd.prod.js
2026-08-16 21:11:48.491   Time stamp of our file: 2026-08-16 21:06:06.000
2026-08-16 21:11:48.492   Dest file exists.
2026-08-16 21:11:48.492   Time stamp of existing file: 2026-08-16 21:06:06.000
2026-08-16 21:11:48.492   Installing the file.
2026-08-16 21:11:48.498   Successfully installed the file.
2026-08-16 21:11:48.498   -- File entry --
2026-08-16 21:11:48.498   Dest filename: C:\Users\in15\AppData\Local\DriveBackup\_internal\nicegui\static\lang\nb-NO.umd.prod.js
2026-08-16 21:11:48.499   Time stamp of our file: 2026-08-16 21:06:06.000
2026-08-16 21:11:48.499   Dest file exists.
2026-08-16 21:11:48.499   Time stamp of existing file: 2026-08-16 21:06:06.000
2026-08-16 21:11:48.499   Installing the file.
2026-08-16 21:11:48.510   Successfully installed the file.
2026-08-16 21:11:48.510   -- File entry --
2026-08-16 21:11:48.511   Dest filename: C:\Users\in15\AppData\Local\DriveBackup\_internal\nicegui\static\lang\nl.umd.prod.js
2026-08-16 21:11:48.512   Time stamp of our file: 2026-08-16 21:06:06.000
2026-08-16 21:11:48.512   Dest file exists.
2026-08-16 21:11:48.512   Time stamp of existing file: 2026-08-16 21:06:06.000
2026-08-16 21:11:48.513   Installing the file.
2026-08-16 21:11:48.523   Successfully installed the file.
2026-08-16 21:11:48.523   -- File entry --
2026-08-16 21:11:48.523   Dest filename: C:\Users\in15\AppData\Local\DriveBackup\_internal\nicegui\static\lang\pl.umd.prod.js
2026-08-16 21:11:48.524   Time stamp of our file: 2026-08-16 21:06:06.000
2026-08-16 21:11:48.524   Dest file exists.
2026-08-16 21:11:48.524   Time stamp of existing file: 2026-08-16 21:06:06.000
2026-08-16 21:11:48.524   Installing the file.
2026-08-16 21:11:48.530   Successfully installed the file.
2026-08-16 21:11:48.530   -- File entry --
2026-08-16 21:11:48.531   Dest filename: C:\Users\in15\AppData\Local\DriveBackup\_internal\nicegui\static\lang\pt-BR.umd.prod.js
2026-08-16 21:11:48.532   Time stamp of our file: 2026-08-16 21:06:06.000
2026-08-16 21:11:48.532   Dest file exists.
2026-08-16 21:11:48.532   Time stamp of existing file: 2026-08-16 21:06:06.000
2026-08-16 21:11:48.532   Installing the file.
2026-08-16 21:11:48.544   Successfully installed the file.
2026-08-16 21:11:48.544   -- File entry --
2026-08-16 21:11:48.544   Dest filename: C:\Users\in15\AppData\Local\DriveBackup\_internal\nicegui\static\lang\pt.umd.prod.js
2026-08-16 21:11:48.544   Time stamp of our file: 2026-08-16 21:06:06.000
2026-08-16 21:11:48.544   Dest file exists.
2026-08-16 21:11:48.544   Time stamp of existing file: 2026-08-16 21:06:06.000
2026-08-16 21:11:48.544   Installing the file.
2026-08-16 21:11:48.553   Successfully installed the file.
2026-08-16 21:11:48.553   -- File entry --
2026-08-16 21:11:48.554   Dest filename: C:\Users\in15\AppData\Local\DriveBackup\_internal\nicegui\static\lang\ro.umd.prod.js
2026-08-16 21:11:48.554   Time stamp of our file: 2026-08-16 21:06:06.000
2026-08-16 21:11:48.554   Dest file exists.
2026-08-16 21:11:48.554   Time stamp of existing file: 2026-08-16 21:06:06.000
2026-08-16 21:11:48.554   Installing the file.
2026-08-16 21:11:48.561   Successfully installed the file.
2026-08-16 21:11:48.561   -- File entry --
2026-08-16 21:11:48.561   Dest filename: C:\Users\in15\AppData\Local\DriveBackup\_internal\nicegui\static\lang\ru.umd.prod.js
2026-08-16 21:11:48.562   Time stamp of our file: 2026-08-16 21:06:06.000
2026-08-16 21:11:48.562   Dest file exists.
2026-08-16 21:11:48.562   Time stamp of existing file: 2026-08-16 21:06:06.000
2026-08-16 21:11:48.562   Installing the file.
2026-08-16 21:11:48.569   Successfully installed the file.
2026-08-16 21:11:48.569   -- File entry --
2026-08-16 21:11:48.569   Dest filename: C:\Users\in15\AppData\Local\DriveBackup\_internal\nicegui\static\lang\sk.umd.prod.js
2026-08-16 21:11:48.570   Time stamp of our file: 2026-08-16 21:06:06.000
2026-08-16 21:11:48.570   Dest file exists.
2026-08-16 21:11:48.570   Time stamp of existing file: 2026-08-16 21:06:06.000
2026-08-16 21:11:48.570   Installing the file.
2026-08-16 21:11:48.576   Successfully installed the file.
2026-08-16 21:11:48.576   -- File entry --
2026-08-16 21:11:48.577   Dest filename: C:\Users\in15\AppData\Local\DriveBackup\_internal\nicegui\static\lang\sl.umd.prod.js
2026-08-16 21:11:48.577   Time stamp of our file: 2026-08-16 21:06:06.000
2026-08-16 21:11:48.577   Dest file exists.
2026-08-16 21:11:48.577   Time stamp of existing file: 2026-08-16 21:06:06.000
2026-08-16 21:11:48.577   Installing the file.
2026-08-16 21:11:48.585   Successfully installed the file.
2026-08-16 21:11:48.586   -- File entry --
2026-08-16 21:11:48.586   Dest filename: C:\Users\in15\AppData\Local\DriveBackup\_internal\nicegui\static\lang\sm.umd.prod.js
2026-08-16 21:11:48.587   Time stamp of our file: 2026-08-16 21:06:06.000
2026-08-16 21:11:48.587   Dest file exists.
2026-08-16 21:11:48.587   Time stamp of existing file: 2026-08-16 21:06:06.000
2026-08-16 21:11:48.587   Installing the file.
2026-08-16 21:11:48.595   Successfully installed the file.
2026-08-16 21:11:48.595   -- File entry --
2026-08-16 21:11:48.596   Dest filename: C:\Users\in15\AppData\Local\DriveBackup\_internal\nicegui\static\lang\sq.umd.prod.js
2026-08-16 21:11:48.596   Time stamp of our file: 2026-08-16 21:06:06.000
2026-08-16 21:11:48.596   Dest file exists.
2026-08-16 21:11:48.597   Time stamp of existing file: 2026-08-16 21:06:06.000
2026-08-16 21:11:48.597   Installing the file.
2026-08-16 21:11:48.604   Successfully installed the file.
2026-08-16 21:11:48.604   -- File entry --
2026-08-16 21:11:48.604   Dest filename: C:\Users\in15\AppData\Local\DriveBackup\_internal\nicegui\static\lang\sr-CYR.umd.prod.js
2026-08-16 21:11:48.605   Time stamp of our file: 2026-08-16 21:06:06.000
2026-08-16 21:11:48.605   Dest file exists.
2026-08-16 21:11:48.606   Time stamp of existing file: 2026-08-16 21:06:06.000
2026-08-16 21:11:48.606   Installing the file.
2026-08-16 21:11:48.611   Successfully installed the file.
2026-08-16 21:11:48.611   -- File entry --
2026-08-16 21:11:48.612   Dest filename: C:\Users\in15\AppData\Local\DriveBackup\_internal\nicegui\static\lang\sr.umd.prod.js
2026-08-16 21:11:48.612   Time stamp of our file: 2026-08-16 21:06:06.000
2026-08-16 21:11:48.612   Dest file exists.
2026-08-16 21:11:48.613   Time stamp of existing file: 2026-08-16 21:06:06.000
2026-08-16 21:11:48.613   Installing the file.
2026-08-16 21:11:48.620   Successfully installed the file.
2026-08-16 21:11:48.620   -- File entry --
2026-08-16 21:11:48.622   Dest filename: C:\Users\in15\AppData\Local\DriveBackup\_internal\nicegui\static\lang\sv.umd.prod.js
2026-08-16 21:11:48.623   Time stamp of our file: 2026-08-16 21:06:06.000
2026-08-16 21:11:48.623   Dest file exists.
2026-08-16 21:11:48.623   Time stamp of existing file: 2026-08-16 21:06:06.000
2026-08-16 21:11:48.623   Installing the file.
2026-08-16 21:11:48.628   Successfully installed the file.
2026-08-16 21:11:48.628   -- File entry --
2026-08-16 21:11:48.628   Dest filename: C:\Users\in15\AppData\Local\DriveBackup\_internal\nicegui\static\lang\ta.umd.prod.js
2026-08-16 21:11:48.629   Time stamp of our file: 2026-08-16 21:06:06.000
2026-08-16 21:11:48.629   Dest file exists.
2026-08-16 21:11:48.629   Time stamp of existing file: 2026-08-16 21:06:06.000
2026-08-16 21:11:48.629   Installing the file.
2026-08-16 21:11:48.640   Successfully installed the file.
2026-08-16 21:11:48.640   -- File entry --
2026-08-16 21:11:48.641   Dest filename: C:\Users\in15\AppData\Local\DriveBackup\_internal\nicegui\static\lang\th.umd.prod.js
2026-08-16 21:11:48.641   Time stamp of our file: 2026-08-16 21:06:06.000
2026-08-16 21:11:48.642   Dest file exists.
2026-08-16 21:11:48.642   Time stamp of existing file: 2026-08-16 21:06:06.000
2026-08-16 21:11:48.642   Installing the file.
2026-08-16 21:11:48.648   Successfully installed the file.
2026-08-16 21:11:48.649   -- File entry --
2026-08-16 21:11:48.651   Dest filename: C:\Users\in15\AppData\Local\DriveBackup\_internal\nicegui\static\lang\tl.umd.prod.js
2026-08-16 21:11:48.652   Time stamp of our file: 2026-08-16 21:06:06.000
2026-08-16 21:11:48.652   Dest file exists.
2026-08-16 21:11:48.652   Time stamp of existing file: 2026-08-16 21:06:06.000
2026-08-16 21:11:48.652   Installing the file.
2026-08-16 21:11:48.657   Successfully installed the file.
2026-08-16 21:11:48.658   -- File entry --
2026-08-16 21:11:48.658   Dest filename: C:\Users\in15\AppData\Local\DriveBackup\_internal\nicegui\static\lang\tr.umd.prod.js
2026-08-16 21:11:48.659   Time stamp of our file: 2026-08-16 21:06:06.000
2026-08-16 21:11:48.659   Dest file exists.
2026-08-16 21:11:48.659   Time stamp of existing file: 2026-08-16 21:06:06.000
2026-08-16 21:11:48.659   Installing the file.
2026-08-16 21:11:48.665   Successfully installed the file.
2026-08-16 21:11:48.665   -- File entry --
2026-08-16 21:11:48.666   Dest filename: C:\Users\in15\AppData\Local\DriveBackup\_internal\nicegui\static\lang\ug.umd.prod.js
2026-08-16 21:11:48.667   Time stamp of our file: 2026-08-16 21:06:06.000
2026-08-16 21:11:48.667   Dest file exists.
2026-08-16 21:11:48.668   Time stamp of existing file: 2026-08-16 21:06:06.000
2026-08-16 21:11:48.668   Installing the file.
2026-08-16 21:11:48.674   Successfully installed the file.
2026-08-16 21:11:48.674   -- File entry --
2026-08-16 21:11:48.674   Dest filename: C:\Users\in15\AppData\Local\DriveBackup\_internal\nicegui\static\lang\uk.umd.prod.js
2026-08-16 21:11:48.675   Time stamp of our file: 2026-08-16 21:06:06.000
2026-08-16 21:11:48.675   Dest file exists.
2026-08-16 21:11:48.675   Time stamp of existing file: 2026-08-16 21:06:06.000
2026-08-16 21:11:48.675   Installing the file.
2026-08-16 21:11:48.680   Successfully installed the file.
2026-08-16 21:11:48.680   -- File entry --
2026-08-16 21:11:48.681   Dest filename: C:\Users\in15\AppData\Local\DriveBackup\_internal\nicegui\static\lang\ur-PK.umd.prod.js
2026-08-16 21:11:48.681   Time stamp of our file: 2026-08-16 21:06:06.000
2026-08-16 21:11:48.681   Dest file exists.
2026-08-16 21:11:48.681   Time stamp of existing file: 2026-08-16 21:06:06.000
2026-08-16 21:11:48.682   Installing the file.
2026-08-16 21:11:48.690   Successfully installed the file.
2026-08-16 21:11:48.690   -- File entry --
2026-08-16 21:11:48.691   Dest filename: C:\Users\in15\AppData\Local\DriveBackup\_internal\nicegui\static\lang\uz-Cyrl.umd.prod.js
2026-08-16 21:11:48.692   Time stamp of our file: 2026-08-16 21:06:06.000
2026-08-16 21:11:48.692   Dest file exists.
2026-08-16 21:11:48.692   Time stamp of existing file: 2026-08-16 21:06:06.000
2026-08-16 21:11:48.692   Installing the file.
2026-08-16 21:11:48.697   Successfully installed the file.
2026-08-16 21:11:48.697   -- File entry --
2026-08-16 21:11:48.698   Dest filename: C:\Users\in15\AppData\Local\DriveBackup\_internal\nicegui\static\lang\uz-Latn.umd.prod.js
2026-08-16 21:11:48.698   Time stamp of our file: 2026-08-16 21:06:06.000
2026-08-16 21:11:48.698   Dest file exists.
2026-08-16 21:11:48.698   Time stamp of existing file: 2026-08-16 21:06:06.000
2026-08-16 21:11:48.699   Installing the file.
2026-08-16 21:11:48.707   Successfully installed the file.
2026-08-16 21:11:48.707   -- File entry --
2026-08-16 21:11:48.708   Dest filename: C:\Users\in15\AppData\Local\DriveBackup\_internal\nicegui\static\lang\vi.umd.prod.js
2026-08-16 21:11:48.708   Time stamp of our file: 2026-08-16 21:06:06.000
2026-08-16 21:11:48.709   Dest file exists.
2026-08-16 21:11:48.709   Time stamp of existing file: 2026-08-16 21:06:06.000
2026-08-16 21:11:48.709   Installing the file.
2026-08-16 21:11:48.714   Successfully installed the file.
2026-08-16 21:11:48.716   -- File entry --
2026-08-16 21:11:48.717   Dest filename: C:\Users\in15\AppData\Local\DriveBackup\_internal\nicegui\static\lang\zh-CN.umd.prod.js
2026-08-16 21:11:48.718   Time stamp of our file: 2026-08-16 21:06:06.000
2026-08-16 21:11:48.718   Dest file exists.
2026-08-16 21:11:48.718   Time stamp of existing file: 2026-08-16 21:06:06.000
2026-08-16 21:11:48.719   Installing the file.
2026-08-16 21:11:48.724   Successfully installed the file.
2026-08-16 21:11:48.725   -- File entry --
2026-08-16 21:11:48.726   Dest filename: C:\Users\in15\AppData\Local\DriveBackup\_internal\nicegui\static\lang\zh-TW.umd.prod.js
2026-08-16 21:11:48.726   Time stamp of our file: 2026-08-16 21:06:06.000
2026-08-16 21:11:48.726   Dest file exists.
2026-08-16 21:11:48.726   Time stamp of existing file: 2026-08-16 21:06:06.000
2026-08-16 21:11:48.727   Installing the file.
2026-08-16 21:11:48.732   Successfully installed the file.
2026-08-16 21:11:48.733   -- File entry --
2026-08-16 21:11:48.736   Dest filename: C:\Users\in15\AppData\Local\DriveBackup\_internal\nicegui\static\unocss\core.global.js
2026-08-16 21:11:48.737   Time stamp of our file: 2026-08-16 21:06:06.000
2026-08-16 21:11:48.737   Dest file exists.
2026-08-16 21:11:48.738   Time stamp of existing file: 2026-08-16 21:06:06.000
2026-08-16 21:11:48.738   Installing the file.
2026-08-16 21:11:48.745   Successfully installed the file.
2026-08-16 21:11:48.745   -- File entry --
2026-08-16 21:11:48.746   Dest filename: C:\Users\in15\AppData\Local\DriveBackup\_internal\nicegui\static\unocss\preset-mini.global.js
2026-08-16 21:11:48.746   Time stamp of our file: 2026-08-16 21:06:06.000
2026-08-16 21:11:48.746   Dest file exists.
2026-08-16 21:11:48.747   Time stamp of existing file: 2026-08-16 21:06:06.000
2026-08-16 21:11:48.747   Installing the file.
2026-08-16 21:11:48.760   Successfully installed the file.
2026-08-16 21:11:48.760   -- File entry --
2026-08-16 21:11:48.760   Dest filename: C:\Users\in15\AppData\Local\DriveBackup\_internal\nicegui\static\unocss\preset-wind3.global.js
2026-08-16 21:11:48.761   Time stamp of our file: 2026-08-16 21:06:06.000
2026-08-16 21:11:48.761   Dest file exists.
2026-08-16 21:11:48.761   Time stamp of existing file: 2026-08-16 21:06:06.000
2026-08-16 21:11:48.761   Installing the file.
2026-08-16 21:11:48.780   Successfully installed the file.
2026-08-16 21:11:48.780   -- File entry --
2026-08-16 21:11:48.781   Dest filename: C:\Users\in15\AppData\Local\DriveBackup\_internal\nicegui\static\unocss\preset-wind4.global.js
2026-08-16 21:11:48.782   Time stamp of our file: 2026-08-16 21:06:06.000
2026-08-16 21:11:48.782   Dest file exists.
2026-08-16 21:11:48.782   Time stamp of existing file: 2026-08-16 21:06:06.000
2026-08-16 21:11:48.783   Installing the file.
2026-08-16 21:11:48.803   Successfully installed the file.
2026-08-16 21:11:48.803   -- File entry --
2026-08-16 21:11:48.808   Dest filename: C:\Users\in15\AppData\Local\DriveBackup\_internal\nicegui\static\utils\dynamic_properties.js
2026-08-16 21:11:48.808   Time stamp of our file: 2026-08-16 21:06:06.000
2026-08-16 21:11:48.808   Dest file exists.
2026-08-16 21:11:48.808   Time stamp of existing file: 2026-08-16 21:06:06.000
2026-08-16 21:11:48.809   Installing the file.
2026-08-16 21:11:48.816   Successfully installed the file.
2026-08-16 21:11:48.819   -- File entry --
2026-08-16 21:11:48.819   Dest filename: C:\Users\in15\AppData\Local\DriveBackup\_internal\nicegui\static\utils\json.js
2026-08-16 21:11:48.820   Time stamp of our file: 2026-08-16 21:06:06.000
2026-08-16 21:11:48.820   Dest file exists.
2026-08-16 21:11:48.820   Time stamp of existing file: 2026-08-16 21:06:06.000
2026-08-16 21:11:48.820   Installing the file.
2026-08-16 21:11:48.827   Successfully installed the file.
2026-08-16 21:11:48.827   -- File entry --
2026-08-16 21:11:48.828   Dest filename: C:\Users\in15\AppData\Local\DriveBackup\_internal\nicegui\static\utils\resources.js
2026-08-16 21:11:48.828   Time stamp of our file: 2026-08-16 21:06:06.000
2026-08-16 21:11:48.828   Dest file exists.
2026-08-16 21:11:48.829   Time stamp of existing file: 2026-08-16 21:06:06.000
2026-08-16 21:11:48.829   Installing the file.
2026-08-16 21:11:48.841   Successfully installed the file.
2026-08-16 21:11:48.841   -- File entry --
2026-08-16 21:11:48.842   Dest filename: C:\Users\in15\AppData\Local\DriveBackup\_internal\nicegui\templates\index.html
2026-08-16 21:11:48.843   Time stamp of our file: 2026-08-16 21:06:06.000
2026-08-16 21:11:48.843   Dest file exists.
2026-08-16 21:11:48.843   Time stamp of existing file: 2026-08-16 21:06:06.000
2026-08-16 21:11:48.843   Installing the file.
2026-08-16 21:11:48.859   Successfully installed the file.
2026-08-16 21:11:48.859   -- File entry --
2026-08-16 21:11:48.860   Dest filename: C:\Users\in15\AppData\Local\DriveBackup\_internal\nicegui\testing\filelock.py
2026-08-16 21:11:48.860   Time stamp of our file: 2026-08-16 21:06:06.000
2026-08-16 21:11:48.861   Dest file exists.
2026-08-16 21:11:48.861   Time stamp of existing file: 2026-08-16 21:06:06.000
2026-08-16 21:11:48.861   Installing the file.
2026-08-16 21:11:48.873   Successfully installed the file.
2026-08-16 21:11:48.875   -- File entry --
2026-08-16 21:11:48.876   Dest filename: C:\Users\in15\AppData\Local\DriveBackup\_internal\nicegui\testing\general.py
2026-08-16 21:11:48.876   Time stamp of our file: 2026-08-16 21:06:06.000
2026-08-16 21:11:48.876   Dest file exists.
2026-08-16 21:11:48.877   Time stamp of existing file: 2026-08-16 21:06:06.000
2026-08-16 21:11:48.877   Installing the file.
2026-08-16 21:11:48.884   Successfully installed the file.
2026-08-16 21:11:48.885   -- File entry --
2026-08-16 21:11:48.885   Dest filename: C:\Users\in15\AppData\Local\DriveBackup\_internal\nicegui\testing\general_fixtures.py
2026-08-16 21:11:48.886   Time stamp of our file: 2026-08-16 21:06:06.000
2026-08-16 21:11:48.886   Dest file exists.
2026-08-16 21:11:48.886   Time stamp of existing file: 2026-08-16 21:06:06.000
2026-08-16 21:11:48.886   Installing the file.
2026-08-16 21:11:48.892   Successfully installed the file.
2026-08-16 21:11:48.892   -- File entry --
2026-08-16 21:11:48.894   Dest filename: C:\Users\in15\AppData\Local\DriveBackup\_internal\nicegui\testing\plugin.py
2026-08-16 21:11:48.895   Time stamp of our file: 2026-08-16 21:06:06.000
2026-08-16 21:11:48.895   Dest file exists.
2026-08-16 21:11:48.895   Time stamp of existing file: 2026-08-16 21:06:06.000
2026-08-16 21:11:48.896   Installing the file.
2026-08-16 21:11:48.908   Successfully installed the file.
2026-08-16 21:11:48.909   -- File entry --
2026-08-16 21:11:48.909   Dest filename: C:\Users\in15\AppData\Local\DriveBackup\_internal\nicegui\testing\screen.py
2026-08-16 21:11:48.910   Time stamp of our file: 2026-08-16 21:06:06.000
2026-08-16 21:11:48.910   Dest file exists.
2026-08-16 21:11:48.910   Time stamp of existing file: 2026-08-16 21:06:06.000
2026-08-16 21:11:48.910   Installing the file.
2026-08-16 21:11:48.921   Successfully installed the file.
2026-08-16 21:11:48.922   -- File entry --
2026-08-16 21:11:48.922   Dest filename: C:\Users\in15\AppData\Local\DriveBackup\_internal\nicegui\testing\screen_plugin.py
2026-08-16 21:11:48.923   Time stamp of our file: 2026-08-16 21:06:06.000
2026-08-16 21:11:48.923   Dest file exists.
2026-08-16 21:11:48.925   Time stamp of existing file: 2026-08-16 21:06:06.000
2026-08-16 21:11:48.925   Installing the file.
2026-08-16 21:11:48.933   Successfully installed the file.
2026-08-16 21:11:48.933   -- File entry --
2026-08-16 21:11:48.935   Dest filename: C:\Users\in15\AppData\Local\DriveBackup\_internal\nicegui\testing\user.py
2026-08-16 21:11:48.936   Time stamp of our file: 2026-08-16 21:06:06.000
2026-08-16 21:11:48.936   Dest file exists.
2026-08-16 21:11:48.936   Time stamp of existing file: 2026-08-16 21:06:06.000
2026-08-16 21:11:48.936   Installing the file.
2026-08-16 21:11:48.945   Successfully installed the file.
2026-08-16 21:11:48.945   -- File entry --
2026-08-16 21:11:48.947   Dest filename: C:\Users\in15\AppData\Local\DriveBackup\_internal\nicegui\testing\user_download.py
2026-08-16 21:11:48.948   Time stamp of our file: 2026-08-16 21:06:06.000
2026-08-16 21:11:48.948   Dest file exists.
2026-08-16 21:11:48.948   Time stamp of existing file: 2026-08-16 21:06:06.000
2026-08-16 21:11:48.949   Installing the file.
2026-08-16 21:11:48.954   Successfully installed the file.
2026-08-16 21:11:48.955   -- File entry --
2026-08-16 21:11:48.957   Dest filename: C:\Users\in15\AppData\Local\DriveBackup\_internal\nicegui\testing\user_interaction.py
2026-08-16 21:11:48.958   Time stamp of our file: 2026-08-16 21:06:06.000
2026-08-16 21:11:48.958   Dest file exists.
2026-08-16 21:11:48.958   Time stamp of existing file: 2026-08-16 21:06:06.000
2026-08-16 21:11:48.958   Installing the file.
2026-08-16 21:11:48.965   Successfully installed the file.
2026-08-16 21:11:48.965   -- File entry --
2026-08-16 21:11:48.965   Dest filename: C:\Users\in15\AppData\Local\DriveBackup\_internal\nicegui\testing\user_navigate.py
2026-08-16 21:11:48.966   Time stamp of our file: 2026-08-16 21:06:06.000
2026-08-16 21:11:48.966   Dest file exists.
2026-08-16 21:11:48.966   Time stamp of existing file: 2026-08-16 21:06:06.000
2026-08-16 21:11:48.966   Installing the file.
2026-08-16 21:11:48.976   Successfully installed the file.
2026-08-16 21:11:48.976   -- File entry --
2026-08-16 21:11:48.977   Dest filename: C:\Users\in15\AppData\Local\DriveBackup\_internal\nicegui\testing\user_notify.py
2026-08-16 21:11:48.978   Time stamp of our file: 2026-08-16 21:06:06.000
2026-08-16 21:11:48.978   Dest file exists.
2026-08-16 21:11:48.978   Time stamp of existing file: 2026-08-16 21:06:06.000
2026-08-16 21:11:48.978   Installing the file.
2026-08-16 21:11:48.987   Successfully installed the file.
2026-08-16 21:11:48.987   -- File entry --
2026-08-16 21:11:48.988   Dest filename: C:\Users\in15\AppData\Local\DriveBackup\_internal\nicegui\testing\user_plugin.py
2026-08-16 21:11:48.988   Time stamp of our file: 2026-08-16 21:06:06.000
2026-08-16 21:11:48.989   Dest file exists.
2026-08-16 21:11:48.989   Time stamp of existing file: 2026-08-16 21:06:06.000
2026-08-16 21:11:48.989   Installing the file.
2026-08-16 21:11:48.997   Successfully installed the file.
2026-08-16 21:11:48.997   -- File entry --
2026-08-16 21:11:48.997   Dest filename: C:\Users\in15\AppData\Local\DriveBackup\_internal\nicegui\testing\user_simulation.py
2026-08-16 21:11:48.998   Time stamp of our file: 2026-08-16 21:06:06.000
2026-08-16 21:11:48.998   Dest file exists.
2026-08-16 21:11:48.998   Time stamp of existing file: 2026-08-16 21:06:06.000
2026-08-16 21:11:48.998   Installing the file.
2026-08-16 21:11:49.008   Successfully installed the file.
2026-08-16 21:11:49.008   -- File entry --
2026-08-16 21:11:49.009   Dest filename: C:\Users\in15\AppData\Local\DriveBackup\_internal\nicegui\testing\__init__.py
2026-08-16 21:11:49.010   Time stamp of our file: 2026-08-16 21:06:06.000
2026-08-16 21:11:49.010   Dest file exists.
2026-08-16 21:11:49.010   Time stamp of existing file: 2026-08-16 21:06:06.000
2026-08-16 21:11:49.010   Installing the file.
2026-08-16 21:11:49.018   Successfully installed the file.
2026-08-16 21:11:49.018   -- File entry --
2026-08-16 21:11:49.019   Dest filename: C:\Users\in15\AppData\Local\DriveBackup\_internal\nicegui-3.16.0.dist-info\entry_points.txt
2026-08-16 21:11:49.020   Time stamp of our file: 2026-08-16 21:06:04.000
2026-08-16 21:11:49.020   Dest file exists.
2026-08-16 21:11:49.020   Time stamp of existing file: 2026-08-16 21:06:04.000
2026-08-16 21:11:49.020   Installing the file.
2026-08-16 21:11:49.025   Successfully installed the file.
2026-08-16 21:11:49.025   -- File entry --
2026-08-16 21:11:49.026   Dest filename: C:\Users\in15\AppData\Local\DriveBackup\_internal\nicegui-3.16.0.dist-info\INSTALLER
2026-08-16 21:11:49.026   Time stamp of our file: 2026-08-16 21:06:04.000
2026-08-16 21:11:49.026   Dest file exists.
2026-08-16 21:11:49.026   Time stamp of existing file: 2026-08-16 21:06:04.000
2026-08-16 21:11:49.027   Installing the file.
2026-08-16 21:11:49.032   Successfully installed the file.
2026-08-16 21:11:49.032   -- File entry --
2026-08-16 21:11:49.032   Dest filename: C:\Users\in15\AppData\Local\DriveBackup\_internal\nicegui-3.16.0.dist-info\METADATA
2026-08-16 21:11:49.034   Time stamp of our file: 2026-08-16 21:06:04.000
2026-08-16 21:11:49.034   Dest file exists.
2026-08-16 21:11:49.034   Time stamp of existing file: 2026-08-16 21:06:04.000
2026-08-16 21:11:49.034   Installing the file.
2026-08-16 21:11:49.045   Successfully installed the file.
2026-08-16 21:11:49.045   -- File entry --
2026-08-16 21:11:49.046   Dest filename: C:\Users\in15\AppData\Local\DriveBackup\_internal\nicegui-3.16.0.dist-info\RECORD
2026-08-16 21:11:49.047   Time stamp of our file: 2026-08-16 21:06:04.000
2026-08-16 21:11:49.047   Dest file exists.
2026-08-16 21:11:49.047   Time stamp of existing file: 2026-08-16 21:06:04.000
2026-08-16 21:11:49.047   Installing the file.
2026-08-16 21:11:49.061   Successfully installed the file.
2026-08-16 21:11:49.061   -- File entry --
2026-08-16 21:11:49.062   Dest filename: C:\Users\in15\AppData\Local\DriveBackup\_internal\nicegui-3.16.0.dist-info\REQUESTED
2026-08-16 21:11:49.063   Time stamp of our file: 2026-08-16 21:06:04.000
2026-08-16 21:11:49.063   Dest file exists.
2026-08-16 21:11:49.063   Time stamp of existing file: 2026-08-16 21:06:04.000
2026-08-16 21:11:49.063   Installing the file.
2026-08-16 21:11:49.070   Successfully installed the file.
2026-08-16 21:11:49.071   -- File entry --
2026-08-16 21:11:49.072   Dest filename: C:\Users\in15\AppData\Local\DriveBackup\_internal\nicegui-3.16.0.dist-info\WHEEL
2026-08-16 21:11:49.072   Time stamp of our file: 2026-08-16 21:06:04.000
2026-08-16 21:11:49.072   Dest file exists.
2026-08-16 21:11:49.072   Time stamp of existing file: 2026-08-16 21:06:04.000
2026-08-16 21:11:49.073   Installing the file.
2026-08-16 21:11:49.081   Successfully installed the file.
2026-08-16 21:11:49.081   -- File entry --
2026-08-16 21:11:49.081   Dest filename: C:\Users\in15\AppData\Local\DriveBackup\_internal\nicegui-3.16.0.dist-info\licenses\LICENSE
2026-08-16 21:11:49.082   Time stamp of our file: 2026-08-16 21:06:04.000
2026-08-16 21:11:49.082   Dest file exists.
2026-08-16 21:11:49.082   Time stamp of existing file: 2026-08-16 21:06:04.000
2026-08-16 21:11:49.082   Installing the file.
2026-08-16 21:11:49.089   Successfully installed the file.
2026-08-16 21:11:49.089   -- File entry --
2026-08-16 21:11:49.091   Dest filename: C:\Users\in15\AppData\Local\DriveBackup\_internal\orjson\orjson.cp314-win_amd64.pyd
2026-08-16 21:11:49.092   Time stamp of our file: 2026-08-16 21:06:06.000
2026-08-16 21:11:49.092   Dest file exists.
2026-08-16 21:11:49.092   Time stamp of existing file: 2026-08-16 21:06:06.000
2026-08-16 21:11:49.092   Installing the file.
2026-08-16 21:11:49.126   Successfully installed the file.
2026-08-16 21:11:49.126   -- File entry --
2026-08-16 21:11:49.126   Dest filename: C:\Users\in15\AppData\Local\DriveBackup\_internal\propcache\_helpers_c.cp314-win_amd64.pyd
2026-08-16 21:11:49.127   Time stamp of our file: 2026-08-16 21:06:06.000
2026-08-16 21:11:49.127   Dest file exists.
2026-08-16 21:11:49.127   Time stamp of existing file: 2026-08-16 21:06:06.000
2026-08-16 21:11:49.127   Installing the file.
2026-08-16 21:11:49.149   Successfully installed the file.
2026-08-16 21:11:49.149   -- File entry --
2026-08-16 21:11:49.151   Dest filename: C:\Users\in15\AppData\Local\DriveBackup\_internal\pydantic-2.13.4.dist-info\INSTALLER
2026-08-16 21:11:49.152   Time stamp of our file: 2026-08-16 21:06:06.000
2026-08-16 21:11:49.152   Dest file exists.
2026-08-16 21:11:49.152   Time stamp of existing file: 2026-08-16 21:06:06.000
2026-08-16 21:11:49.152   Installing the file.
2026-08-16 21:11:49.175   Successfully installed the file.
2026-08-16 21:11:49.175   -- File entry --
2026-08-16 21:11:49.175   Dest filename: C:\Users\in15\AppData\Local\DriveBackup\_internal\pydantic-2.13.4.dist-info\METADATA
2026-08-16 21:11:49.190   Time stamp of our file: 2026-08-16 21:06:06.000
2026-08-16 21:11:49.190   Dest file exists.
2026-08-16 21:11:49.191   Time stamp of existing file: 2026-08-16 21:06:06.000
2026-08-16 21:11:49.191   Installing the file.
2026-08-16 21:11:49.238   Successfully installed the file.
2026-08-16 21:11:49.239   -- File entry --
2026-08-16 21:11:49.239   Dest filename: C:\Users\in15\AppData\Local\DriveBackup\_internal\pydantic-2.13.4.dist-info\RECORD
2026-08-16 21:11:49.240   Time stamp of our file: 2026-08-16 21:06:06.000
2026-08-16 21:11:49.240   Dest file exists.
2026-08-16 21:11:49.240   Time stamp of existing file: 2026-08-16 21:06:06.000
2026-08-16 21:11:49.240   Installing the file.
2026-08-16 21:11:49.258   Successfully installed the file.
2026-08-16 21:11:49.258   -- File entry --
2026-08-16 21:11:49.262   Dest filename: C:\Users\in15\AppData\Local\DriveBackup\_internal\pydantic-2.13.4.dist-info\WHEEL
2026-08-16 21:11:49.262   Time stamp of our file: 2026-08-16 21:06:06.000
2026-08-16 21:11:49.262   Dest file exists.
2026-08-16 21:11:49.263   Time stamp of existing file: 2026-08-16 21:06:06.000
2026-08-16 21:11:49.263   Installing the file.
2026-08-16 21:11:49.271   Successfully installed the file.
2026-08-16 21:11:49.272   -- File entry --
2026-08-16 21:11:49.272   Dest filename: C:\Users\in15\AppData\Local\DriveBackup\_internal\pydantic-2.13.4.dist-info\licenses\LICENSE
2026-08-16 21:11:49.273   Time stamp of our file: 2026-08-16 21:06:06.000
2026-08-16 21:11:49.273   Dest file exists.
2026-08-16 21:11:49.278   Time stamp of existing file: 2026-08-16 21:06:06.000
2026-08-16 21:11:49.278   Installing the file.
2026-08-16 21:11:49.289   Successfully installed the file.
2026-08-16 21:11:49.289   -- File entry --
2026-08-16 21:11:49.289   Dest filename: C:\Users\in15\AppData\Local\DriveBackup\_internal\pydantic_core\_pydantic_core.cp314-win_amd64.pyd
2026-08-16 21:11:49.290   Time stamp of our file: 2026-08-16 21:06:06.000
2026-08-16 21:11:49.290   Dest file exists.
2026-08-16 21:11:49.290   Time stamp of existing file: 2026-08-16 21:06:06.000
2026-08-16 21:11:49.292   Installing the file.
2026-08-16 21:11:49.668   Successfully installed the file.
2026-08-16 21:11:49.668   -- File entry --
2026-08-16 21:11:49.668   Dest filename: C:\Users\in15\AppData\Local\DriveBackup\_internal\pythonnet\runtime\Microsoft.Win32.Primitives.dll
2026-08-16 21:11:49.669   Time stamp of our file: 2026-08-16 21:06:06.000
2026-08-16 21:11:49.669   Dest file exists.
2026-08-16 21:11:49.669   Time stamp of existing file: 2026-08-16 21:06:06.000
2026-08-16 21:11:49.669   Installing the file.
2026-08-16 21:11:49.676   Successfully installed the file.
2026-08-16 21:11:49.676   -- File entry --
2026-08-16 21:11:49.677   Dest filename: C:\Users\in15\AppData\Local\DriveBackup\_internal\pythonnet\runtime\netstandard.dll
2026-08-16 21:11:49.677   Time stamp of our file: 2026-08-16 21:06:06.000
2026-08-16 21:11:49.677   Dest file exists.
2026-08-16 21:11:49.677   Time stamp of existing file: 2026-08-16 21:06:06.000
2026-08-16 21:11:49.677   Installing the file.
2026-08-16 21:11:49.688   Successfully installed the file.
2026-08-16 21:11:49.688   -- File entry --
2026-08-16 21:11:49.688   Dest filename: C:\Users\in15\AppData\Local\DriveBackup\_internal\pythonnet\runtime\Python.Runtime.deps.json
2026-08-16 21:11:49.689   Time stamp of our file: 2026-08-16 21:06:06.000
2026-08-16 21:11:49.689   Dest file exists.
2026-08-16 21:11:49.689   Time stamp of existing file: 2026-08-16 21:06:06.000
2026-08-16 21:11:49.689   Installing the file.
2026-08-16 21:11:49.694   Successfully installed the file.
2026-08-16 21:11:49.694   -- File entry --
2026-08-16 21:11:49.694   Dest filename: C:\Users\in15\AppData\Local\DriveBackup\_internal\pythonnet\runtime\Python.Runtime.dll
2026-08-16 21:11:49.695   Time stamp of our file: 2026-08-16 21:06:06.000
2026-08-16 21:11:49.695   Dest file exists.
2026-08-16 21:11:49.695   Time stamp of existing file: 2026-08-16 21:06:06.000
2026-08-16 21:11:49.695   Installing the file.
2026-08-16 21:11:49.727   Successfully installed the file.
2026-08-16 21:11:49.728   -- File entry --
2026-08-16 21:11:49.728   Dest filename: C:\Users\in15\AppData\Local\DriveBackup\_internal\pythonnet\runtime\Python.Runtime.xml
2026-08-16 21:11:49.729   Time stamp of our file: 2026-08-16 21:06:06.000
2026-08-16 21:11:49.729   Dest file exists.
2026-08-16 21:11:49.729   Time stamp of existing file: 2026-08-16 21:06:06.000
2026-08-16 21:11:49.729   Installing the file.
2026-08-16 21:11:49.741   Successfully installed the file.
2026-08-16 21:11:49.742   -- File entry --
2026-08-16 21:11:49.742   Dest filename: C:\Users\in15\AppData\Local\DriveBackup\_internal\pythonnet\runtime\System.AppContext.dll
2026-08-16 21:11:49.743   Time stamp of our file: 2026-08-16 21:06:06.000
2026-08-16 21:11:49.743   Dest file exists.
2026-08-16 21:11:49.743   Time stamp of existing file: 2026-08-16 21:06:06.000
2026-08-16 21:11:49.743   Installing the file.
2026-08-16 21:11:49.750   Successfully installed the file.
2026-08-16 21:11:49.750   -- File entry --
2026-08-16 21:11:49.752   Dest filename: C:\Users\in15\AppData\Local\DriveBackup\_internal\pythonnet\runtime\System.Collections.Concurrent.dll
2026-08-16 21:11:49.753   Time stamp of our file: 2026-08-16 21:06:06.000
2026-08-16 21:11:49.753   Dest file exists.
2026-08-16 21:11:49.753   Time stamp of existing file: 2026-08-16 21:06:06.000
2026-08-16 21:11:49.753   Installing the file.
2026-08-16 21:11:49.759   Successfully installed the file.
2026-08-16 21:11:49.759   -- File entry --
2026-08-16 21:11:49.759   Dest filename: C:\Users\in15\AppData\Local\DriveBackup\_internal\pythonnet\runtime\System.Collections.dll
2026-08-16 21:11:49.760   Time stamp of our file: 2026-08-16 21:06:06.000
2026-08-16 21:11:49.760   Dest file exists.
2026-08-16 21:11:49.761   Time stamp of existing file: 2026-08-16 21:06:06.000
2026-08-16 21:11:49.761   Installing the file.
2026-08-16 21:11:49.766   Successfully installed the file.
2026-08-16 21:11:49.767   -- File entry --
2026-08-16 21:11:49.769   Dest filename: C:\Users\in15\AppData\Local\DriveBackup\_internal\pythonnet\runtime\System.Collections.NonGeneric.dll
2026-08-16 21:11:49.769   Time stamp of our file: 2026-08-16 21:06:06.000
2026-08-16 21:11:49.769   Dest file exists.
2026-08-16 21:11:49.770   Time stamp of existing file: 2026-08-16 21:06:06.000
2026-08-16 21:11:49.770   Installing the file.
2026-08-16 21:11:49.776   Successfully installed the file.
2026-08-16 21:11:49.776   -- File entry --
2026-08-16 21:11:49.776   Dest filename: C:\Users\in15\AppData\Local\DriveBackup\_internal\pythonnet\runtime\System.Collections.Specialized.dll
2026-08-16 21:11:49.777   Time stamp of our file: 2026-08-16 21:06:06.000
2026-08-16 21:11:49.777   Dest file exists.
2026-08-16 21:11:49.777   Time stamp of existing file: 2026-08-16 21:06:06.000
2026-08-16 21:11:49.777   Installing the file.
2026-08-16 21:11:49.784   Successfully installed the file.
2026-08-16 21:11:49.785   -- File entry --
2026-08-16 21:11:49.785   Dest filename: C:\Users\in15\AppData\Local\DriveBackup\_internal\pythonnet\runtime\System.ComponentModel.dll
2026-08-16 21:11:49.785   Time stamp of our file: 2026-08-16 21:06:06.000
2026-08-16 21:11:49.785   Dest file exists.
2026-08-16 21:11:49.786   Time stamp of existing file: 2026-08-16 21:06:06.000
2026-08-16 21:11:49.786   Installing the file.
2026-08-16 21:11:49.791   Successfully installed the file.
2026-08-16 21:11:49.791   -- File entry --
2026-08-16 21:11:49.791   Dest filename: C:\Users\in15\AppData\Local\DriveBackup\_internal\pythonnet\runtime\System.ComponentModel.EventBasedAsync.dll
2026-08-16 21:11:49.792   Time stamp of our file: 2026-08-16 21:06:06.000
2026-08-16 21:11:49.792   Dest file exists.
2026-08-16 21:11:49.792   Time stamp of existing file: 2026-08-16 21:06:06.000
2026-08-16 21:11:49.792   Installing the file.
2026-08-16 21:11:49.798   Successfully installed the file.
2026-08-16 21:11:49.799   -- File entry --
2026-08-16 21:11:49.799   Dest filename: C:\Users\in15\AppData\Local\DriveBackup\_internal\pythonnet\runtime\System.ComponentModel.Primitives.dll
2026-08-16 21:11:49.799   Time stamp of our file: 2026-08-16 21:06:06.000
2026-08-16 21:11:49.799   Dest file exists.
2026-08-16 21:11:49.799   Time stamp of existing file: 2026-08-16 21:06:06.000
2026-08-16 21:11:49.799   Installing the file.
2026-08-16 21:11:49.805   Successfully installed the file.
2026-08-16 21:11:49.805   -- File entry --
2026-08-16 21:11:49.806   Dest filename: C:\Users\in15\AppData\Local\DriveBackup\_internal\pythonnet\runtime\System.ComponentModel.TypeConverter.dll
2026-08-16 21:11:49.807   Time stamp of our file: 2026-08-16 21:06:06.000
2026-08-16 21:11:49.807   Dest file exists.
2026-08-16 21:11:49.807   Time stamp of existing file: 2026-08-16 21:06:06.000
2026-08-16 21:11:49.807   Installing the file.
2026-08-16 21:11:49.815   Successfully installed the file.
2026-08-16 21:11:49.816   -- File entry --
2026-08-16 21:11:49.816   Dest filename: C:\Users\in15\AppData\Local\DriveBackup\_internal\pythonnet\runtime\System.Console.dll
2026-08-16 21:11:49.817   Time stamp of our file: 2026-08-16 21:06:06.000
2026-08-16 21:11:49.817   Dest file exists.
2026-08-16 21:11:49.817   Time stamp of existing file: 2026-08-16 21:06:06.000
2026-08-16 21:11:49.818   Installing the file.
2026-08-16 21:11:49.823   Successfully installed the file.
2026-08-16 21:11:49.823   -- File entry --
2026-08-16 21:11:49.824   Dest filename: C:\Users\in15\AppData\Local\DriveBackup\_internal\pythonnet\runtime\System.Data.Common.dll
2026-08-16 21:11:49.824   Time stamp of our file: 2026-08-16 21:06:06.000
2026-08-16 21:11:49.824   Dest file exists.
2026-08-16 21:11:49.824   Time stamp of existing file: 2026-08-16 21:06:06.000
2026-08-16 21:11:49.825   Installing the file.
2026-08-16 21:11:49.845   Successfully installed the file.
2026-08-16 21:11:49.845   -- File entry --
2026-08-16 21:11:49.846   Dest filename: C:\Users\in15\AppData\Local\DriveBackup\_internal\pythonnet\runtime\System.Diagnostics.Contracts.dll
2026-08-16 21:11:49.847   Time stamp of our file: 2026-08-16 21:06:06.000
2026-08-16 21:11:49.847   Dest file exists.
2026-08-16 21:11:49.847   Time stamp of existing file: 2026-08-16 21:06:06.000
2026-08-16 21:11:49.847   Installing the file.
2026-08-16 21:11:49.856   Successfully installed the file.
2026-08-16 21:11:49.856   -- File entry --
2026-08-16 21:11:49.856   Dest filename: C:\Users\in15\AppData\Local\DriveBackup\_internal\pythonnet\runtime\System.Diagnostics.Debug.dll
2026-08-16 21:11:49.857   Time stamp of our file: 2026-08-16 21:06:06.000
2026-08-16 21:11:49.857   Dest file exists.
2026-08-16 21:11:49.858   Time stamp of existing file: 2026-08-16 21:06:06.000
2026-08-16 21:11:49.858   Installing the file.
2026-08-16 21:11:49.863   Successfully installed the file.
2026-08-16 21:11:49.863   -- File entry --
2026-08-16 21:11:49.864   Dest filename: C:\Users\in15\AppData\Local\DriveBackup\_internal\pythonnet\runtime\System.Diagnostics.FileVersionInfo.dll
2026-08-16 21:11:49.865   Time stamp of our file: 2026-08-16 21:06:06.000
2026-08-16 21:11:49.865   Dest file exists.
2026-08-16 21:11:49.865   Time stamp of existing file: 2026-08-16 21:06:06.000
2026-08-16 21:11:49.866   Installing the file.
2026-08-16 21:11:49.873   Successfully installed the file.
2026-08-16 21:11:49.873   -- File entry --
2026-08-16 21:11:49.873   Dest filename: C:\Users\in15\AppData\Local\DriveBackup\_internal\pythonnet\runtime\System.Diagnostics.Process.dll
2026-08-16 21:11:49.875   Time stamp of our file: 2026-08-16 21:06:06.000
2026-08-16 21:11:49.875   Dest file exists.
2026-08-16 21:11:49.875   Time stamp of existing file: 2026-08-16 21:06:06.000
2026-08-16 21:11:49.875   Installing the file.
2026-08-16 21:11:49.881   Successfully installed the file.
2026-08-16 21:11:49.881   -- File entry --
2026-08-16 21:11:49.881   Dest filename: C:\Users\in15\AppData\Local\DriveBackup\_internal\pythonnet\runtime\System.Diagnostics.StackTrace.dll
2026-08-16 21:11:49.881   Time stamp of our file: 2026-08-16 21:06:06.000
2026-08-16 21:11:49.881   Dest file exists.
2026-08-16 21:11:49.881   Time stamp of existing file: 2026-08-16 21:06:06.000
2026-08-16 21:11:49.881   Installing the file.
2026-08-16 21:11:49.889   Successfully installed the file.
2026-08-16 21:11:49.889   -- File entry --
2026-08-16 21:11:49.890   Dest filename: C:\Users\in15\AppData\Local\DriveBackup\_internal\pythonnet\runtime\System.Diagnostics.TextWriterTraceListener.dll
2026-08-16 21:11:49.890   Time stamp of our file: 2026-08-16 21:06:06.000
2026-08-16 21:11:49.890   Dest file exists.
2026-08-16 21:11:49.891   Time stamp of existing file: 2026-08-16 21:06:06.000
2026-08-16 21:11:49.891   Installing the file.
2026-08-16 21:11:49.897   Successfully installed the file.
2026-08-16 21:11:49.897   -- File entry --
2026-08-16 21:11:49.898   Dest filename: C:\Users\in15\AppData\Local\DriveBackup\_internal\pythonnet\runtime\System.Diagnostics.Tools.dll
2026-08-16 21:11:49.898   Time stamp of our file: 2026-08-16 21:06:06.000
2026-08-16 21:11:49.898   Dest file exists.
2026-08-16 21:11:49.899   Time stamp of existing file: 2026-08-16 21:06:06.000
2026-08-16 21:11:49.899   Installing the file.
2026-08-16 21:11:49.905   Successfully installed the file.
2026-08-16 21:11:49.905   -- File entry --
2026-08-16 21:11:49.905   Dest filename: C:\Users\in15\AppData\Local\DriveBackup\_internal\pythonnet\runtime\System.Diagnostics.TraceSource.dll
2026-08-16 21:11:49.906   Time stamp of our file: 2026-08-16 21:06:06.000
2026-08-16 21:11:49.906   Dest file exists.
2026-08-16 21:11:49.906   Time stamp of existing file: 2026-08-16 21:06:06.000
2026-08-16 21:11:49.906   Installing the file.
2026-08-16 21:11:49.913   Successfully installed the file.
2026-08-16 21:11:49.913   -- File entry --
2026-08-16 21:11:49.914   Dest filename: C:\Users\in15\AppData\Local\DriveBackup\_internal\pythonnet\runtime\System.Diagnostics.Tracing.dll
2026-08-16 21:11:49.914   Time stamp of our file: 2026-08-16 21:06:06.000
2026-08-16 21:11:49.914   Dest file exists.
2026-08-16 21:11:49.915   Time stamp of existing file: 2026-08-16 21:06:06.000
2026-08-16 21:11:49.915   Installing the file.
2026-08-16 21:11:49.923   Successfully installed the file.
2026-08-16 21:11:49.923   -- File entry --
2026-08-16 21:11:49.923   Dest filename: C:\Users\in15\AppData\Local\DriveBackup\_internal\pythonnet\runtime\System.Drawing.Primitives.dll
2026-08-16 21:11:49.926   Time stamp of our file: 2026-08-16 21:06:06.000
2026-08-16 21:11:49.926   Dest file exists.
2026-08-16 21:11:49.926   Time stamp of existing file: 2026-08-16 21:06:06.000
2026-08-16 21:11:49.927   Installing the file.
2026-08-16 21:11:49.930   Successfully installed the file.
2026-08-16 21:11:49.930   -- File entry --
2026-08-16 21:11:49.932   Dest filename: C:\Users\in15\AppData\Local\DriveBackup\_internal\pythonnet\runtime\System.Dynamic.Runtime.dll
2026-08-16 21:11:49.932   Time stamp of our file: 2026-08-16 21:06:06.000
2026-08-16 21:11:49.932   Dest file exists.
2026-08-16 21:11:49.932   Time stamp of existing file: 2026-08-16 21:06:06.000
2026-08-16 21:11:49.933   Installing the file.
2026-08-16 21:11:49.941   Successfully installed the file.
2026-08-16 21:11:49.944   -- File entry --
2026-08-16 21:11:49.944   Dest filename: C:\Users\in15\AppData\Local\DriveBackup\_internal\pythonnet\runtime\System.Globalization.Calendars.dll
2026-08-16 21:11:49.944   Time stamp of our file: 2026-08-16 21:06:06.000
2026-08-16 21:11:49.944   Dest file exists.
2026-08-16 21:11:49.944   Time stamp of existing file: 2026-08-16 21:06:06.000
2026-08-16 21:11:49.944   Installing the file.
2026-08-16 21:11:49.955   Successfully installed the file.
2026-08-16 21:11:49.955   -- File entry --
2026-08-16 21:11:49.955   Dest filename: C:\Users\in15\AppData\Local\DriveBackup\_internal\pythonnet\runtime\System.Globalization.dll
2026-08-16 21:11:49.956   Time stamp of our file: 2026-08-16 21:06:06.000
2026-08-16 21:11:49.956   Dest file exists.
2026-08-16 21:11:49.956   Time stamp of existing file: 2026-08-16 21:06:06.000
2026-08-16 21:11:49.957   Installing the file.
2026-08-16 21:11:49.962   Successfully installed the file.
2026-08-16 21:11:49.963   -- File entry --
2026-08-16 21:11:49.963   Dest filename: C:\Users\in15\AppData\Local\DriveBackup\_internal\pythonnet\runtime\System.Globalization.Extensions.dll
2026-08-16 21:11:49.964   Time stamp of our file: 2026-08-16 21:06:06.000
2026-08-16 21:11:49.964   Dest file exists.
2026-08-16 21:11:49.964   Time stamp of existing file: 2026-08-16 21:06:06.000
2026-08-16 21:11:49.964   Installing the file.
2026-08-16 21:11:49.973   Successfully installed the file.
2026-08-16 21:11:49.973   -- File entry --
2026-08-16 21:11:49.974   Dest filename: C:\Users\in15\AppData\Local\DriveBackup\_internal\pythonnet\runtime\System.IO.Compression.dll
2026-08-16 21:11:49.975   Time stamp of our file: 2026-08-16 21:06:06.000
2026-08-16 21:11:49.975   Dest file exists.
2026-08-16 21:11:49.975   Time stamp of existing file: 2026-08-16 21:06:06.000
2026-08-16 21:11:49.976   Installing the file.
2026-08-16 21:11:49.990   Successfully installed the file.
2026-08-16 21:11:49.990   -- File entry --
2026-08-16 21:11:49.991   Dest filename: C:\Users\in15\AppData\Local\DriveBackup\_internal\pythonnet\runtime\System.IO.Compression.ZipFile.dll
2026-08-16 21:11:49.991   Time stamp of our file: 2026-08-16 21:06:06.000
2026-08-16 21:11:49.991   Dest file exists.
2026-08-16 21:11:49.992   Time stamp of existing file: 2026-08-16 21:06:06.000
2026-08-16 21:11:49.992   Installing the file.
2026-08-16 21:11:49.997   Successfully installed the file.
2026-08-16 21:11:49.997   -- File entry --
2026-08-16 21:11:49.998   Dest filename: C:\Users\in15\AppData\Local\DriveBackup\_internal\pythonnet\runtime\System.IO.dll
2026-08-16 21:11:49.998   Time stamp of our file: 2026-08-16 21:06:06.000
2026-08-16 21:11:49.998   Dest file exists.
2026-08-16 21:11:49.999   Time stamp of existing file: 2026-08-16 21:06:06.000
2026-08-16 21:11:49.999   Installing the file.
2026-08-16 21:11:50.006   Successfully installed the file.
2026-08-16 21:11:50.007   -- File entry --
2026-08-16 21:11:50.007   Dest filename: C:\Users\in15\AppData\Local\DriveBackup\_internal\pythonnet\runtime\System.IO.FileSystem.dll
2026-08-16 21:11:50.008   Time stamp of our file: 2026-08-16 21:06:06.000
2026-08-16 21:11:50.008   Dest file exists.
2026-08-16 21:11:50.009   Time stamp of existing file: 2026-08-16 21:06:06.000
2026-08-16 21:11:50.009   Installing the file.
2026-08-16 21:11:50.014   Successfully installed the file.
2026-08-16 21:11:50.014   -- File entry --
2026-08-16 21:11:50.015   Dest filename: C:\Users\in15\AppData\Local\DriveBackup\_internal\pythonnet\runtime\System.IO.FileSystem.DriveInfo.dll
2026-08-16 21:11:50.016   Time stamp of our file: 2026-08-16 21:06:06.000
2026-08-16 21:11:50.016   Dest file exists.
2026-08-16 21:11:50.016   Time stamp of existing file: 2026-08-16 21:06:06.000
2026-08-16 21:11:50.016   Installing the file.
2026-08-16 21:11:50.022   Successfully installed the file.
2026-08-16 21:11:50.023   -- File entry --
2026-08-16 21:11:50.023   Dest filename: C:\Users\in15\AppData\Local\DriveBackup\_internal\pythonnet\runtime\System.IO.FileSystem.Primitives.dll
2026-08-16 21:11:50.024   Time stamp of our file: 2026-08-16 21:06:06.000
2026-08-16 21:11:50.024   Dest file exists.
2026-08-16 21:11:50.024   Time stamp of existing file: 2026-08-16 21:06:06.000
2026-08-16 21:11:50.024   Installing the file.
2026-08-16 21:11:50.029   Successfully installed the file.
2026-08-16 21:11:50.030   -- File entry --
2026-08-16 21:11:50.030   Dest filename: C:\Users\in15\AppData\Local\DriveBackup\_internal\pythonnet\runtime\System.IO.FileSystem.Watcher.dll
2026-08-16 21:11:50.031   Time stamp of our file: 2026-08-16 21:06:06.000
2026-08-16 21:11:50.031   Dest file exists.
2026-08-16 21:11:50.031   Time stamp of existing file: 2026-08-16 21:06:06.000
2026-08-16 21:11:50.031   Installing the file.
2026-08-16 21:11:50.038   Successfully installed the file.
2026-08-16 21:11:50.038   -- File entry --
2026-08-16 21:11:50.039   Dest filename: C:\Users\in15\AppData\Local\DriveBackup\_internal\pythonnet\runtime\System.IO.IsolatedStorage.dll
2026-08-16 21:11:50.039   Time stamp of our file: 2026-08-16 21:06:06.000
2026-08-16 21:11:50.040   Dest file exists.
2026-08-16 21:11:50.040   Time stamp of existing file: 2026-08-16 21:06:06.000
2026-08-16 21:11:50.040   Installing the file.
2026-08-16 21:11:50.046   Successfully installed the file.
2026-08-16 21:11:50.046   -- File entry --
2026-08-16 21:11:50.046   Dest filename: C:\Users\in15\AppData\Local\DriveBackup\_internal\pythonnet\runtime\System.IO.MemoryMappedFiles.dll
2026-08-16 21:11:50.048   Time stamp of our file: 2026-08-16 21:06:06.000
2026-08-16 21:11:50.048   Dest file exists.
2026-08-16 21:11:50.048   Time stamp of existing file: 2026-08-16 21:06:06.000
2026-08-16 21:11:50.048   Installing the file.
2026-08-16 21:11:50.053   Successfully installed the file.
2026-08-16 21:11:50.053   -- File entry --
2026-08-16 21:11:50.054   Dest filename: C:\Users\in15\AppData\Local\DriveBackup\_internal\pythonnet\runtime\System.IO.Pipes.dll
2026-08-16 21:11:50.054   Time stamp of our file: 2026-08-16 21:06:06.000
2026-08-16 21:11:50.054   Dest file exists.
2026-08-16 21:11:50.055   Time stamp of existing file: 2026-08-16 21:06:06.000
2026-08-16 21:11:50.055   Installing the file.
2026-08-16 21:11:50.060   Successfully installed the file.
2026-08-16 21:11:50.060   -- File entry --
2026-08-16 21:11:50.060   Dest filename: C:\Users\in15\AppData\Local\DriveBackup\_internal\pythonnet\runtime\System.IO.UnmanagedMemoryStream.dll
2026-08-16 21:11:50.061   Time stamp of our file: 2026-08-16 21:06:06.000
2026-08-16 21:11:50.061   Dest file exists.
2026-08-16 21:11:50.061   Time stamp of existing file: 2026-08-16 21:06:06.000
2026-08-16 21:11:50.061   Installing the file.
2026-08-16 21:11:50.069   Successfully installed the file.
2026-08-16 21:11:50.069   -- File entry --
2026-08-16 21:11:50.070   Dest filename: C:\Users\in15\AppData\Local\DriveBackup\_internal\pythonnet\runtime\System.Linq.dll
2026-08-16 21:11:50.070   Time stamp of our file: 2026-08-16 21:06:06.000
2026-08-16 21:11:50.070   Dest file exists.
2026-08-16 21:11:50.071   Time stamp of existing file: 2026-08-16 21:06:06.000
2026-08-16 21:11:50.071   Installing the file.
2026-08-16 21:11:50.076   Successfully installed the file.
2026-08-16 21:11:50.076   -- File entry --
2026-08-16 21:11:50.076   Dest filename: C:\Users\in15\AppData\Local\DriveBackup\_internal\pythonnet\runtime\System.Linq.Expressions.dll
2026-08-16 21:11:50.077   Time stamp of our file: 2026-08-16 21:06:06.000
2026-08-16 21:11:50.077   Dest file exists.
2026-08-16 21:11:50.077   Time stamp of existing file: 2026-08-16 21:06:06.000
2026-08-16 21:11:50.077   Installing the file.
2026-08-16 21:11:50.083   Successfully installed the file.
2026-08-16 21:11:50.083   -- File entry --
2026-08-16 21:11:50.083   Dest filename: C:\Users\in15\AppData\Local\DriveBackup\_internal\pythonnet\runtime\System.Linq.Parallel.dll
2026-08-16 21:11:50.084   Time stamp of our file: 2026-08-16 21:06:06.000
2026-08-16 21:11:50.084   Dest file exists.
2026-08-16 21:11:50.086   Time stamp of existing file: 2026-08-16 21:06:06.000
2026-08-16 21:11:50.086   Installing the file.
2026-08-16 21:11:50.094   Successfully installed the file.
2026-08-16 21:11:50.094   -- File entry --
2026-08-16 21:11:50.095   Dest filename: C:\Users\in15\AppData\Local\DriveBackup\_internal\pythonnet\runtime\System.Linq.Queryable.dll
2026-08-16 21:11:50.095   Time stamp of our file: 2026-08-16 21:06:06.000
2026-08-16 21:11:50.095   Dest file exists.
2026-08-16 21:11:50.096   Time stamp of existing file: 2026-08-16 21:06:06.000
2026-08-16 21:11:50.096   Installing the file.
2026-08-16 21:11:50.102   Successfully installed the file.
2026-08-16 21:11:50.103   -- File entry --
2026-08-16 21:11:50.103   Dest filename: C:\Users\in15\AppData\Local\DriveBackup\_internal\pythonnet\runtime\System.Net.Http.dll
2026-08-16 21:11:50.105   Time stamp of our file: 2026-08-16 21:06:06.000
2026-08-16 21:11:50.105   Dest file exists.
2026-08-16 21:11:50.106   Time stamp of existing file: 2026-08-16 21:06:06.000
2026-08-16 21:11:50.106   Installing the file.
2026-08-16 21:11:50.131   Successfully installed the file.
2026-08-16 21:11:50.131   -- File entry --
2026-08-16 21:11:50.132   Dest filename: C:\Users\in15\AppData\Local\DriveBackup\_internal\pythonnet\runtime\System.Net.NameResolution.dll
2026-08-16 21:11:50.133   Time stamp of our file: 2026-08-16 21:06:06.000
2026-08-16 21:11:50.133   Dest file exists.
2026-08-16 21:11:50.133   Time stamp of existing file: 2026-08-16 21:06:06.000
2026-08-16 21:11:50.134   Installing the file.
2026-08-16 21:11:50.142   Successfully installed the file.
2026-08-16 21:11:50.142   -- File entry --
2026-08-16 21:11:50.143   Dest filename: C:\Users\in15\AppData\Local\DriveBackup\_internal\pythonnet\runtime\System.Net.NetworkInformation.dll
2026-08-16 21:11:50.143   Time stamp of our file: 2026-08-16 21:06:06.000
2026-08-16 21:11:50.143   Dest file exists.
2026-08-16 21:11:50.143   Time stamp of existing file: 2026-08-16 21:06:06.000
2026-08-16 21:11:50.144   Installing the file.
2026-08-16 21:11:50.153   Successfully installed the file.
2026-08-16 21:11:50.153   -- File entry --
2026-08-16 21:11:50.153   Dest filename: C:\Users\in15\AppData\Local\DriveBackup\_internal\pythonnet\runtime\System.Net.Ping.dll
2026-08-16 21:11:50.153   Time stamp of our file: 2026-08-16 21:06:06.000
2026-08-16 21:11:50.153   Dest file exists.
2026-08-16 21:11:50.155   Time stamp of existing file: 2026-08-16 21:06:06.000
2026-08-16 21:11:50.155   Installing the file.
2026-08-16 21:11:50.161   Successfully installed the file.
2026-08-16 21:11:50.161   -- File entry --
2026-08-16 21:11:50.161   Dest filename: C:\Users\in15\AppData\Local\DriveBackup\_internal\pythonnet\runtime\System.Net.Primitives.dll
2026-08-16 21:11:50.161   Time stamp of our file: 2026-08-16 21:06:06.000
2026-08-16 21:11:50.161   Dest file exists.
2026-08-16 21:11:50.161   Time stamp of existing file: 2026-08-16 21:06:06.000
2026-08-16 21:11:50.163   Installing the file.
2026-08-16 21:11:50.175   Successfully installed the file.
2026-08-16 21:11:50.175   -- File entry --
2026-08-16 21:11:50.175   Dest filename: C:\Users\in15\AppData\Local\DriveBackup\_internal\pythonnet\runtime\System.Net.Requests.dll
2026-08-16 21:11:50.177   Time stamp of our file: 2026-08-16 21:06:06.000
2026-08-16 21:11:50.177   Dest file exists.
2026-08-16 21:11:50.177   Time stamp of existing file: 2026-08-16 21:06:06.000
2026-08-16 21:11:50.177   Installing the file.
2026-08-16 21:11:50.186   Successfully installed the file.
2026-08-16 21:11:50.186   -- File entry --
2026-08-16 21:11:50.187   Dest filename: C:\Users\in15\AppData\Local\DriveBackup\_internal\pythonnet\runtime\System.Net.Security.dll
2026-08-16 21:11:50.187   Time stamp of our file: 2026-08-16 21:06:06.000
2026-08-16 21:11:50.187   Dest file exists.
2026-08-16 21:11:50.188   Time stamp of existing file: 2026-08-16 21:06:06.000
2026-08-16 21:11:50.188   Installing the file.
2026-08-16 21:11:50.194   Successfully installed the file.
2026-08-16 21:11:50.196   -- File entry --
2026-08-16 21:11:50.197   Dest filename: C:\Users\in15\AppData\Local\DriveBackup\_internal\pythonnet\runtime\System.Net.Sockets.dll
2026-08-16 21:11:50.198   Time stamp of our file: 2026-08-16 21:06:06.000
2026-08-16 21:11:50.198   Dest file exists.
2026-08-16 21:11:50.198   Time stamp of existing file: 2026-08-16 21:06:06.000
2026-08-16 21:11:50.199   Installing the file.
2026-08-16 21:11:50.210   Successfully installed the file.
2026-08-16 21:11:50.210   -- File entry --
2026-08-16 21:11:50.210   Dest filename: C:\Users\in15\AppData\Local\DriveBackup\_internal\pythonnet\runtime\System.Net.WebHeaderCollection.dll
2026-08-16 21:11:50.210   Time stamp of our file: 2026-08-16 21:06:06.000
2026-08-16 21:11:50.210   Dest file exists.
2026-08-16 21:11:50.210   Time stamp of existing file: 2026-08-16 21:06:06.000
2026-08-16 21:11:50.212   Installing the file.
2026-08-16 21:11:50.224   Successfully installed the file.
2026-08-16 21:11:50.224   -- File entry --
2026-08-16 21:11:50.225   Dest filename: C:\Users\in15\AppData\Local\DriveBackup\_internal\pythonnet\runtime\System.Net.WebSockets.Client.dll
2026-08-16 21:11:50.225   Time stamp of our file: 2026-08-16 21:06:06.000
2026-08-16 21:11:50.225   Dest file exists.
2026-08-16 21:11:50.226   Time stamp of existing file: 2026-08-16 21:06:06.000
2026-08-16 21:11:50.227   Installing the file.
2026-08-16 21:11:50.235   Successfully installed the file.
2026-08-16 21:11:50.235   -- File entry --
2026-08-16 21:11:50.235   Dest filename: C:\Users\in15\AppData\Local\DriveBackup\_internal\pythonnet\runtime\System.Net.WebSockets.dll
2026-08-16 21:11:50.239   Time stamp of our file: 2026-08-16 21:06:06.000
2026-08-16 21:11:50.239   Dest file exists.
2026-08-16 21:11:50.239   Time stamp of existing file: 2026-08-16 21:06:06.000
2026-08-16 21:11:50.239   Installing the file.
2026-08-16 21:11:50.249   Successfully installed the file.
2026-08-16 21:11:50.249   -- File entry --
2026-08-16 21:11:50.250   Dest filename: C:\Users\in15\AppData\Local\DriveBackup\_internal\pythonnet\runtime\System.ObjectModel.dll
2026-08-16 21:11:50.250   Time stamp of our file: 2026-08-16 21:06:06.000
2026-08-16 21:11:50.250   Dest file exists.
2026-08-16 21:11:50.251   Time stamp of existing file: 2026-08-16 21:06:06.000
2026-08-16 21:11:50.251   Installing the file.
2026-08-16 21:11:50.258   Successfully installed the file.
2026-08-16 21:11:50.258   -- File entry --
2026-08-16 21:11:50.258   Dest filename: C:\Users\in15\AppData\Local\DriveBackup\_internal\pythonnet\runtime\System.Reflection.dll
2026-08-16 21:11:50.258   Time stamp of our file: 2026-08-16 21:06:06.000
2026-08-16 21:11:50.258   Dest file exists.
2026-08-16 21:11:50.258   Time stamp of existing file: 2026-08-16 21:06:06.000
2026-08-16 21:11:50.258   Installing the file.
2026-08-16 21:11:50.271   Successfully installed the file.
2026-08-16 21:11:50.271   -- File entry --
2026-08-16 21:11:50.271   Dest filename: C:\Users\in15\AppData\Local\DriveBackup\_internal\pythonnet\runtime\System.Reflection.Extensions.dll
2026-08-16 21:11:50.272   Time stamp of our file: 2026-08-16 21:06:06.000
2026-08-16 21:11:50.272   Dest file exists.
2026-08-16 21:11:50.272   Time stamp of existing file: 2026-08-16 21:06:06.000
2026-08-16 21:11:50.272   Installing the file.
2026-08-16 21:11:50.278   Successfully installed the file.
2026-08-16 21:11:50.278   -- File entry --
2026-08-16 21:11:50.278   Dest filename: C:\Users\in15\AppData\Local\DriveBackup\_internal\pythonnet\runtime\System.Reflection.Primitives.dll
2026-08-16 21:11:50.279   Time stamp of our file: 2026-08-16 21:06:06.000
2026-08-16 21:11:50.279   Dest file exists.
2026-08-16 21:11:50.279   Time stamp of existing file: 2026-08-16 21:06:06.000
2026-08-16 21:11:50.279   Installing the file.
2026-08-16 21:11:50.288   Successfully installed the file.
2026-08-16 21:11:50.289   -- File entry --
2026-08-16 21:11:50.289   Dest filename: C:\Users\in15\AppData\Local\DriveBackup\_internal\pythonnet\runtime\System.Resources.Reader.dll
2026-08-16 21:11:50.290   Time stamp of our file: 2026-08-16 21:06:06.000
2026-08-16 21:11:50.290   Dest file exists.
2026-08-16 21:11:50.290   Time stamp of existing file: 2026-08-16 21:06:06.000
2026-08-16 21:11:50.291   Installing the file.
2026-08-16 21:11:50.296   Successfully installed the file.
2026-08-16 21:11:50.296   -- File entry --
2026-08-16 21:11:50.296   Dest filename: C:\Users\in15\AppData\Local\DriveBackup\_internal\pythonnet\runtime\System.Resources.ResourceManager.dll
2026-08-16 21:11:50.298   Time stamp of our file: 2026-08-16 21:06:06.000
2026-08-16 21:11:50.298   Dest file exists.
2026-08-16 21:11:50.298   Time stamp of existing file: 2026-08-16 21:06:06.000
2026-08-16 21:11:50.298   Installing the file.
2026-08-16 21:11:50.306   Successfully installed the file.
2026-08-16 21:11:50.307   -- File entry --
2026-08-16 21:11:50.307   Dest filename: C:\Users\in15\AppData\Local\DriveBackup\_internal\pythonnet\runtime\System.Resources.Writer.dll
2026-08-16 21:11:50.308   Time stamp of our file: 2026-08-16 21:06:06.000
2026-08-16 21:11:50.308   Dest file exists.
2026-08-16 21:11:50.308   Time stamp of existing file: 2026-08-16 21:06:06.000
2026-08-16 21:11:50.308   Installing the file.
2026-08-16 21:11:50.316   Successfully installed the file.
2026-08-16 21:11:50.316   -- File entry --
2026-08-16 21:11:50.317   Dest filename: C:\Users\in15\AppData\Local\DriveBackup\_internal\pythonnet\runtime\System.Runtime.CompilerServices.VisualC.dll
2026-08-16 21:11:50.317   Time stamp of our file: 2026-08-16 21:06:06.000
2026-08-16 21:11:50.317   Dest file exists.
2026-08-16 21:11:50.320   Time stamp of existing file: 2026-08-16 21:06:06.000
2026-08-16 21:11:50.321   Installing the file.
2026-08-16 21:11:50.326   Successfully installed the file.
2026-08-16 21:11:50.327   -- File entry --
2026-08-16 21:11:50.328   Dest filename: C:\Users\in15\AppData\Local\DriveBackup\_internal\pythonnet\runtime\System.Runtime.dll
2026-08-16 21:11:50.329   Time stamp of our file: 2026-08-16 21:06:06.000
2026-08-16 21:11:50.329   Dest file exists.
2026-08-16 21:11:50.329   Time stamp of existing file: 2026-08-16 21:06:06.000
2026-08-16 21:11:50.329   Installing the file.
2026-08-16 21:11:50.338   Successfully installed the file.
2026-08-16 21:11:50.338   -- File entry --
2026-08-16 21:11:50.340   Dest filename: C:\Users\in15\AppData\Local\DriveBackup\_internal\pythonnet\runtime\System.Runtime.Extensions.dll
2026-08-16 21:11:50.341   Time stamp of our file: 2026-08-16 21:06:06.000
2026-08-16 21:11:50.341   Dest file exists.
2026-08-16 21:11:50.341   Time stamp of existing file: 2026-08-16 21:06:06.000
2026-08-16 21:11:50.342   Installing the file.
2026-08-16 21:11:50.347   Successfully installed the file.
2026-08-16 21:11:50.348   -- File entry --
2026-08-16 21:11:50.348   Dest filename: C:\Users\in15\AppData\Local\DriveBackup\_internal\pythonnet\runtime\System.Runtime.Handles.dll
2026-08-16 21:11:50.349   Time stamp of our file: 2026-08-16 21:06:06.000
2026-08-16 21:11:50.349   Dest file exists.
2026-08-16 21:11:50.349   Time stamp of existing file: 2026-08-16 21:06:06.000
2026-08-16 21:11:50.349   Installing the file.
2026-08-16 21:11:50.357   Successfully installed the file.
2026-08-16 21:11:50.359   -- File entry --
2026-08-16 21:11:50.359   Dest filename: C:\Users\in15\AppData\Local\DriveBackup\_internal\pythonnet\runtime\System.Runtime.InteropServices.dll
2026-08-16 21:11:50.360   Time stamp of our file: 2026-08-16 21:06:06.000
2026-08-16 21:11:50.360   Dest file exists.
2026-08-16 21:11:50.360   Time stamp of existing file: 2026-08-16 21:06:06.000
2026-08-16 21:11:50.361   Installing the file.
2026-08-16 21:11:50.369   Successfully installed the file.
2026-08-16 21:11:50.369   -- File entry --
2026-08-16 21:11:50.369   Dest filename: C:\Users\in15\AppData\Local\DriveBackup\_internal\pythonnet\runtime\System.Runtime.InteropServices.RuntimeInformation.dll
2026-08-16 21:11:50.371   Time stamp of our file: 2026-08-16 21:06:06.000
2026-08-16 21:11:50.371   Dest file exists.
2026-08-16 21:11:50.371   Time stamp of existing file: 2026-08-16 21:06:06.000
2026-08-16 21:11:50.371   Installing the file.
2026-08-16 21:11:50.378   Successfully installed the file.
2026-08-16 21:11:50.378   -- File entry --
2026-08-16 21:11:50.379   Dest filename: C:\Users\in15\AppData\Local\DriveBackup\_internal\pythonnet\runtime\System.Runtime.Numerics.dll
2026-08-16 21:11:50.380   Time stamp of our file: 2026-08-16 21:06:06.000
2026-08-16 21:11:50.380   Dest file exists.
2026-08-16 21:11:50.380   Time stamp of existing file: 2026-08-16 21:06:06.000
2026-08-16 21:11:50.380   Installing the file.
2026-08-16 21:11:50.387   Successfully installed the file.
2026-08-16 21:11:50.387   -- File entry --
2026-08-16 21:11:50.388   Dest filename: C:\Users\in15\AppData\Local\DriveBackup\_internal\pythonnet\runtime\System.Runtime.Serialization.Formatters.dll
2026-08-16 21:11:50.389   Time stamp of our file: 2026-08-16 21:06:06.000
2026-08-16 21:11:50.389   Dest file exists.
2026-08-16 21:11:50.389   Time stamp of existing file: 2026-08-16 21:06:06.000
2026-08-16 21:11:50.389   Installing the file.
2026-08-16 21:11:50.394   Successfully installed the file.
2026-08-16 21:11:50.394   -- File entry --
2026-08-16 21:11:50.395   Dest filename: C:\Users\in15\AppData\Local\DriveBackup\_internal\pythonnet\runtime\System.Runtime.Serialization.Json.dll
2026-08-16 21:11:50.396   Time stamp of our file: 2026-08-16 21:06:06.000
2026-08-16 21:11:50.396   Dest file exists.
2026-08-16 21:11:50.396   Time stamp of existing file: 2026-08-16 21:06:06.000
2026-08-16 21:11:50.396   Installing the file.
2026-08-16 21:11:50.403   Successfully installed the file.
2026-08-16 21:11:50.403   -- File entry --
2026-08-16 21:11:50.404   Dest filename: C:\Users\in15\AppData\Local\DriveBackup\_internal\pythonnet\runtime\System.Runtime.Serialization.Primitives.dll
2026-08-16 21:11:50.404   Time stamp of our file: 2026-08-16 21:06:06.000
2026-08-16 21:11:50.404   Dest file exists.
2026-08-16 21:11:50.405   Time stamp of existing file: 2026-08-16 21:06:06.000
2026-08-16 21:11:50.405   Installing the file.
2026-08-16 21:11:50.411   Successfully installed the file.
2026-08-16 21:11:50.411   -- File entry --
2026-08-16 21:11:50.411   Dest filename: C:\Users\in15\AppData\Local\DriveBackup\_internal\pythonnet\runtime\System.Runtime.Serialization.Xml.dll
2026-08-16 21:11:50.411   Time stamp of our file: 2026-08-16 21:06:06.000
2026-08-16 21:11:50.411   Dest file exists.
2026-08-16 21:11:50.411   Time stamp of existing file: 2026-08-16 21:06:06.000
2026-08-16 21:11:50.413   Installing the file.
2026-08-16 21:11:50.422   Successfully installed the file.
2026-08-16 21:11:50.422   -- File entry --
2026-08-16 21:11:50.422   Dest filename: C:\Users\in15\AppData\Local\DriveBackup\_internal\pythonnet\runtime\System.Security.Claims.dll
2026-08-16 21:11:50.423   Time stamp of our file: 2026-08-16 21:06:06.000
2026-08-16 21:11:50.423   Dest file exists.
2026-08-16 21:11:50.423   Time stamp of existing file: 2026-08-16 21:06:06.000
2026-08-16 21:11:50.423   Installing the file.
2026-08-16 21:11:50.428   Successfully installed the file.
2026-08-16 21:11:50.429   -- File entry --
2026-08-16 21:11:50.429   Dest filename: C:\Users\in15\AppData\Local\DriveBackup\_internal\pythonnet\runtime\System.Security.Cryptography.Algorithms.dll
2026-08-16 21:11:50.430   Time stamp of our file: 2026-08-16 21:06:06.000
2026-08-16 21:11:50.430   Dest file exists.
2026-08-16 21:11:50.430   Time stamp of existing file: 2026-08-16 21:06:06.000
2026-08-16 21:11:50.430   Installing the file.
2026-08-16 21:11:50.440   Successfully installed the file.
2026-08-16 21:11:50.440   -- File entry --
2026-08-16 21:11:50.440   Dest filename: C:\Users\in15\AppData\Local\DriveBackup\_internal\pythonnet\runtime\System.Security.Cryptography.Csp.dll
2026-08-16 21:11:50.442   Time stamp of our file: 2026-08-16 21:06:06.000
2026-08-16 21:11:50.442   Dest file exists.
2026-08-16 21:11:50.442   Time stamp of existing file: 2026-08-16 21:06:06.000
2026-08-16 21:11:50.442   Installing the file.
2026-08-16 21:11:50.446   Successfully installed the file.
2026-08-16 21:11:50.448   -- File entry --
2026-08-16 21:11:50.448   Dest filename: C:\Users\in15\AppData\Local\DriveBackup\_internal\pythonnet\runtime\System.Security.Cryptography.Encoding.dll
2026-08-16 21:11:50.448   Time stamp of our file: 2026-08-16 21:06:06.000
2026-08-16 21:11:50.448   Dest file exists.
2026-08-16 21:11:50.450   Time stamp of existing file: 2026-08-16 21:06:06.000
2026-08-16 21:11:50.450   Installing the file.
2026-08-16 21:11:50.457   Successfully installed the file.
2026-08-16 21:11:50.457   -- File entry --
2026-08-16 21:11:50.458   Dest filename: C:\Users\in15\AppData\Local\DriveBackup\_internal\pythonnet\runtime\System.Security.Cryptography.Primitives.dll
2026-08-16 21:11:50.458   Time stamp of our file: 2026-08-16 21:06:06.000
2026-08-16 21:11:50.458   Dest file exists.
2026-08-16 21:11:50.459   Time stamp of existing file: 2026-08-16 21:06:06.000
2026-08-16 21:11:50.459   Installing the file.
2026-08-16 21:11:50.464   Successfully installed the file.
2026-08-16 21:11:50.465   -- File entry --
2026-08-16 21:11:50.466   Dest filename: C:\Users\in15\AppData\Local\DriveBackup\_internal\pythonnet\runtime\System.Security.Cryptography.X509Certificates.dll
2026-08-16 21:11:50.466   Time stamp of our file: 2026-08-16 21:06:06.000
2026-08-16 21:11:50.466   Dest file exists.
2026-08-16 21:11:50.467   Time stamp of existing file: 2026-08-16 21:06:06.000
2026-08-16 21:11:50.470   Installing the file.
2026-08-16 21:11:50.478   Successfully installed the file.
2026-08-16 21:11:50.478   -- File entry --
2026-08-16 21:11:50.478   Dest filename: C:\Users\in15\AppData\Local\DriveBackup\_internal\pythonnet\runtime\System.Security.Principal.dll
2026-08-16 21:11:50.479   Time stamp of our file: 2026-08-16 21:06:06.000
2026-08-16 21:11:50.479   Dest file exists.
2026-08-16 21:11:50.479   Time stamp of existing file: 2026-08-16 21:06:06.000
2026-08-16 21:11:50.479   Installing the file.
2026-08-16 21:11:50.488   Successfully installed the file.
2026-08-16 21:11:50.488   -- File entry --
2026-08-16 21:11:50.489   Dest filename: C:\Users\in15\AppData\Local\DriveBackup\_internal\pythonnet\runtime\System.Security.SecureString.dll
2026-08-16 21:11:50.489   Time stamp of our file: 2026-08-16 21:06:06.000
2026-08-16 21:11:50.489   Dest file exists.
2026-08-16 21:11:50.490   Time stamp of existing file: 2026-08-16 21:06:06.000
2026-08-16 21:11:50.490   Installing the file.
2026-08-16 21:11:50.496   Successfully installed the file.
2026-08-16 21:11:50.496   -- File entry --
2026-08-16 21:11:50.497   Dest filename: C:\Users\in15\AppData\Local\DriveBackup\_internal\pythonnet\runtime\System.Text.Encoding.dll
2026-08-16 21:11:50.497   Time stamp of our file: 2026-08-16 21:06:06.000
2026-08-16 21:11:50.498   Dest file exists.
2026-08-16 21:11:50.498   Time stamp of existing file: 2026-08-16 21:06:06.000
2026-08-16 21:11:50.498   Installing the file.
2026-08-16 21:11:50.506   Successfully installed the file.
2026-08-16 21:11:50.506   -- File entry --
2026-08-16 21:11:50.507   Dest filename: C:\Users\in15\AppData\Local\DriveBackup\_internal\pythonnet\runtime\System.Text.Encoding.Extensions.dll
2026-08-16 21:11:50.507   Time stamp of our file: 2026-08-16 21:06:06.000
2026-08-16 21:11:50.508   Dest file exists.
2026-08-16 21:11:50.508   Time stamp of existing file: 2026-08-16 21:06:06.000
2026-08-16 21:11:50.508   Installing the file.
2026-08-16 21:11:50.516   Successfully installed the file.
2026-08-16 21:11:50.516   -- File entry --
2026-08-16 21:11:50.517   Dest filename: C:\Users\in15\AppData\Local\DriveBackup\_internal\pythonnet\runtime\System.Text.RegularExpressions.dll
2026-08-16 21:11:50.518   Time stamp of our file: 2026-08-16 21:06:06.000
2026-08-16 21:11:50.518   Dest file exists.
2026-08-16 21:11:50.519   Time stamp of existing file: 2026-08-16 21:06:06.000
2026-08-16 21:11:50.519   Installing the file.
2026-08-16 21:11:50.524   Successfully installed the file.
2026-08-16 21:11:50.525   -- File entry --
2026-08-16 21:11:50.525   Dest filename: C:\Users\in15\AppData\Local\DriveBackup\_internal\pythonnet\runtime\System.Threading.dll
2026-08-16 21:11:50.525   Time stamp of our file: 2026-08-16 21:06:06.000
2026-08-16 21:11:50.525   Dest file exists.
2026-08-16 21:11:50.526   Time stamp of existing file: 2026-08-16 21:06:06.000
2026-08-16 21:11:50.526   Installing the file.
2026-08-16 21:11:50.532   Successfully installed the file.
2026-08-16 21:11:50.532   -- File entry --
2026-08-16 21:11:50.532   Dest filename: C:\Users\in15\AppData\Local\DriveBackup\_internal\pythonnet\runtime\System.Threading.Overlapped.dll
2026-08-16 21:11:50.533   Time stamp of our file: 2026-08-16 21:06:06.000
2026-08-16 21:11:50.533   Dest file exists.
2026-08-16 21:11:50.535   Time stamp of existing file: 2026-08-16 21:06:06.000
2026-08-16 21:11:50.535   Installing the file.
2026-08-16 21:11:50.542   Successfully installed the file.
2026-08-16 21:11:50.543   -- File entry --
2026-08-16 21:11:50.543   Dest filename: C:\Users\in15\AppData\Local\DriveBackup\_internal\pythonnet\runtime\System.Threading.Tasks.dll
2026-08-16 21:11:50.544   Time stamp of our file: 2026-08-16 21:06:06.000
2026-08-16 21:11:50.544   Dest file exists.
2026-08-16 21:11:50.544   Time stamp of existing file: 2026-08-16 21:06:06.000
2026-08-16 21:11:50.544   Installing the file.
2026-08-16 21:11:50.549   Successfully installed the file.
2026-08-16 21:11:50.550   -- File entry --
2026-08-16 21:11:50.552   Dest filename: C:\Users\in15\AppData\Local\DriveBackup\_internal\pythonnet\runtime\System.Threading.Tasks.Parallel.dll
2026-08-16 21:11:50.552   Time stamp of our file: 2026-08-16 21:06:06.000
2026-08-16 21:11:50.553   Dest file exists.
2026-08-16 21:11:50.553   Time stamp of existing file: 2026-08-16 21:06:06.000
2026-08-16 21:11:50.553   Installing the file.
2026-08-16 21:11:50.560   Successfully installed the file.
2026-08-16 21:11:50.560   -- File entry --
2026-08-16 21:11:50.560   Dest filename: C:\Users\in15\AppData\Local\DriveBackup\_internal\pythonnet\runtime\System.Threading.Thread.dll
2026-08-16 21:11:50.561   Time stamp of our file: 2026-08-16 21:06:06.000
2026-08-16 21:11:50.561   Dest file exists.
2026-08-16 21:11:50.561   Time stamp of existing file: 2026-08-16 21:06:06.000
2026-08-16 21:11:50.561   Installing the file.
2026-08-16 21:11:50.570   Successfully installed the file.
2026-08-16 21:11:50.570   -- File entry --
2026-08-16 21:11:50.571   Dest filename: C:\Users\in15\AppData\Local\DriveBackup\_internal\pythonnet\runtime\System.Threading.ThreadPool.dll
2026-08-16 21:11:50.571   Time stamp of our file: 2026-08-16 21:06:06.000
2026-08-16 21:11:50.571   Dest file exists.
2026-08-16 21:11:50.572   Time stamp of existing file: 2026-08-16 21:06:06.000
2026-08-16 21:11:50.572   Installing the file.
2026-08-16 21:11:50.578   Successfully installed the file.
2026-08-16 21:11:50.578   -- File entry --
2026-08-16 21:11:50.579   Dest filename: C:\Users\in15\AppData\Local\DriveBackup\_internal\pythonnet\runtime\System.Threading.Timer.dll
2026-08-16 21:11:50.579   Time stamp of our file: 2026-08-16 21:06:06.000
2026-08-16 21:11:50.580   Dest file exists.
2026-08-16 21:11:50.580   Time stamp of existing file: 2026-08-16 21:06:06.000
2026-08-16 21:11:50.580   Installing the file.
2026-08-16 21:11:50.586   Successfully installed the file.
2026-08-16 21:11:50.586   -- File entry --
2026-08-16 21:11:50.587   Dest filename: C:\Users\in15\AppData\Local\DriveBackup\_internal\pythonnet\runtime\System.ValueTuple.dll
2026-08-16 21:11:50.587   Time stamp of our file: 2026-08-16 21:06:06.000
2026-08-16 21:11:50.587   Dest file exists.
2026-08-16 21:11:50.588   Time stamp of existing file: 2026-08-16 21:06:06.000
2026-08-16 21:11:50.588   Installing the file.
2026-08-16 21:11:50.597   Successfully installed the file.
2026-08-16 21:11:50.598   -- File entry --
2026-08-16 21:11:50.598   Dest filename: C:\Users\in15\AppData\Local\DriveBackup\_internal\pythonnet\runtime\System.Xml.ReaderWriter.dll
2026-08-16 21:11:50.599   Time stamp of our file: 2026-08-16 21:06:06.000
2026-08-16 21:11:50.599   Dest file exists.
2026-08-16 21:11:50.599   Time stamp of existing file: 2026-08-16 21:06:06.000
2026-08-16 21:11:50.599   Installing the file.
2026-08-16 21:11:50.607   Successfully installed the file.
2026-08-16 21:11:50.607   -- File entry --
2026-08-16 21:11:50.608   Dest filename: C:\Users\in15\AppData\Local\DriveBackup\_internal\pythonnet\runtime\System.Xml.XDocument.dll
2026-08-16 21:11:50.608   Time stamp of our file: 2026-08-16 21:06:06.000
2026-08-16 21:11:50.608   Dest file exists.
2026-08-16 21:11:50.608   Time stamp of existing file: 2026-08-16 21:06:06.000
2026-08-16 21:11:50.609   Installing the file.
2026-08-16 21:11:50.614   Successfully installed the file.
2026-08-16 21:11:50.614   -- File entry --
2026-08-16 21:11:50.614   Dest filename: C:\Users\in15\AppData\Local\DriveBackup\_internal\pythonnet\runtime\System.Xml.XmlDocument.dll
2026-08-16 21:11:50.615   Time stamp of our file: 2026-08-16 21:06:06.000
2026-08-16 21:11:50.615   Dest file exists.
2026-08-16 21:11:50.615   Time stamp of existing file: 2026-08-16 21:06:06.000
2026-08-16 21:11:50.615   Installing the file.
2026-08-16 21:11:50.622   Successfully installed the file.
2026-08-16 21:11:50.623   -- File entry --
2026-08-16 21:11:50.623   Dest filename: C:\Users\in15\AppData\Local\DriveBackup\_internal\pythonnet\runtime\System.Xml.XmlSerializer.dll
2026-08-16 21:11:50.624   Time stamp of our file: 2026-08-16 21:06:06.000
2026-08-16 21:11:50.624   Dest file exists.
2026-08-16 21:11:50.624   Time stamp of existing file: 2026-08-16 21:06:06.000
2026-08-16 21:11:50.624   Installing the file.
2026-08-16 21:11:50.630   Successfully installed the file.
2026-08-16 21:11:50.630   -- File entry --
2026-08-16 21:11:50.631   Dest filename: C:\Users\in15\AppData\Local\DriveBackup\_internal\pythonnet\runtime\System.Xml.XPath.dll
2026-08-16 21:11:50.631   Time stamp of our file: 2026-08-16 21:06:06.000
2026-08-16 21:11:50.631   Dest file exists.
2026-08-16 21:11:50.631   Time stamp of existing file: 2026-08-16 21:06:06.000
2026-08-16 21:11:50.632   Installing the file.
2026-08-16 21:11:50.637   Successfully installed the file.
2026-08-16 21:11:50.638   -- File entry --
2026-08-16 21:11:50.638   Dest filename: C:\Users\in15\AppData\Local\DriveBackup\_internal\pythonnet\runtime\System.Xml.XPath.XDocument.dll
2026-08-16 21:11:50.639   Time stamp of our file: 2026-08-16 21:06:06.000
2026-08-16 21:11:50.639   Dest file exists.
2026-08-16 21:11:50.639   Time stamp of existing file: 2026-08-16 21:06:06.000
2026-08-16 21:11:50.639   Installing the file.
2026-08-16 21:11:50.645   Successfully installed the file.
2026-08-16 21:11:50.645   -- File entry --
2026-08-16 21:11:50.645   Dest filename: C:\Users\in15\AppData\Local\DriveBackup\_internal\setuptools\_vendor\jaraco\text\Lorem ipsum.txt
2026-08-16 21:11:50.646   Time stamp of our file: 2026-08-16 21:06:06.000
2026-08-16 21:11:50.646   Dest file exists.
2026-08-16 21:11:50.646   Time stamp of existing file: 2026-08-16 21:06:06.000
2026-08-16 21:11:50.647   Installing the file.
2026-08-16 21:11:50.652   Successfully installed the file.
2026-08-16 21:11:50.652   -- File entry --
2026-08-16 21:11:50.653   Dest filename: C:\Users\in15\AppData\Local\DriveBackup\_internal\tcl8\8.4\platform-1.0.19.tm
2026-08-16 21:11:50.653   Time stamp of our file: 2026-08-16 21:06:06.000
2026-08-16 21:11:50.653   Dest file exists.
2026-08-16 21:11:50.654   Time stamp of existing file: 2026-08-16 21:06:06.000
2026-08-16 21:11:50.654   Installing the file.
2026-08-16 21:11:50.659   Successfully installed the file.
2026-08-16 21:11:50.659   -- File entry --
2026-08-16 21:11:50.660   Dest filename: C:\Users\in15\AppData\Local\DriveBackup\_internal\tcl8\8.4\platform\shell-1.1.4.tm
2026-08-16 21:11:50.660   Time stamp of our file: 2026-08-16 21:06:06.000
2026-08-16 21:11:50.660   Dest file exists.
2026-08-16 21:11:50.660   Time stamp of existing file: 2026-08-16 21:06:06.000
2026-08-16 21:11:50.661   Installing the file.
2026-08-16 21:11:50.666   Successfully installed the file.
2026-08-16 21:11:50.666   -- File entry --
2026-08-16 21:11:50.667   Dest filename: C:\Users\in15\AppData\Local\DriveBackup\_internal\tcl8\8.5\msgcat-1.6.1.tm
2026-08-16 21:11:50.668   Time stamp of our file: 2026-08-16 21:06:06.000
2026-08-16 21:11:50.668   Dest file exists.
2026-08-16 21:11:50.668   Time stamp of existing file: 2026-08-16 21:06:06.000
2026-08-16 21:11:50.668   Installing the file.
2026-08-16 21:11:50.677   Successfully installed the file.
2026-08-16 21:11:50.677   -- File entry --
2026-08-16 21:11:50.680   Dest filename: C:\Users\in15\AppData\Local\DriveBackup\_internal\tcl8\8.5\tcltest-2.5.8.tm
2026-08-16 21:11:50.681   Time stamp of our file: 2026-08-16 21:06:06.000
2026-08-16 21:11:50.681   Dest file exists.
2026-08-16 21:11:50.681   Time stamp of existing file: 2026-08-16 21:06:06.000
2026-08-16 21:11:50.681   Installing the file.
2026-08-16 21:11:50.692   Successfully installed the file.
2026-08-16 21:11:50.694   -- File entry --
2026-08-16 21:11:50.694   Dest filename: C:\Users\in15\AppData\Local\DriveBackup\_internal\tcl8\8.6\http-2.9.8.tm
2026-08-16 21:11:50.695   Time stamp of our file: 2026-08-16 21:06:06.000
2026-08-16 21:11:50.695   Dest file exists.
2026-08-16 21:11:50.695   Time stamp of existing file: 2026-08-16 21:06:06.000
2026-08-16 21:11:50.695   Installing the file.
2026-08-16 21:11:50.715   Successfully installed the file.
2026-08-16 21:11:50.715   -- File entry --
2026-08-16 21:11:50.716   Dest filename: C:\Users\in15\AppData\Local\DriveBackup\_internal\watchfiles\_rust_notify.cp314-win_amd64.pyd
2026-08-16 21:11:50.716   Time stamp of our file: 2026-08-16 21:06:06.000
2026-08-16 21:11:50.717   Dest file exists.
2026-08-16 21:11:50.717   Time stamp of existing file: 2026-08-16 21:06:06.000
2026-08-16 21:11:50.717   Installing the file.
2026-08-16 21:11:50.787   Successfully installed the file.
2026-08-16 21:11:50.787   -- File entry --
2026-08-16 21:11:50.788   Dest filename: C:\Users\in15\AppData\Local\DriveBackup\_internal\websockets\speedups.cp314-win_amd64.pyd
2026-08-16 21:11:50.789   Time stamp of our file: 2026-08-16 21:06:06.000
2026-08-16 21:11:50.789   Dest file exists.
2026-08-16 21:11:50.789   Time stamp of existing file: 2026-08-16 21:06:06.000
2026-08-16 21:11:50.789   Installing the file.
2026-08-16 21:11:50.794   Successfully installed the file.
2026-08-16 21:11:50.794   -- File entry --
2026-08-16 21:11:50.795   Dest filename: C:\Users\in15\AppData\Local\DriveBackup\_internal\websockets-17.0.1.dist-info\entry_points.txt
2026-08-16 21:11:50.795   Time stamp of our file: 2026-08-16 21:06:06.000
2026-08-16 21:11:50.795   Dest file exists.
2026-08-16 21:11:50.796   Time stamp of existing file: 2026-08-16 21:06:06.000
2026-08-16 21:11:50.796   Installing the file.
2026-08-16 21:11:50.811   Successfully installed the file.
2026-08-16 21:11:50.811   -- File entry --
2026-08-16 21:11:50.814   Dest filename: C:\Users\in15\AppData\Local\DriveBackup\_internal\websockets-17.0.1.dist-info\INSTALLER
2026-08-16 21:11:50.814   Time stamp of our file: 2026-08-16 21:06:06.000
2026-08-16 21:11:50.814   Dest file exists.
2026-08-16 21:11:50.815   Time stamp of existing file: 2026-08-16 21:06:06.000
2026-08-16 21:11:50.815   Installing the file.
2026-08-16 21:11:50.829   Successfully installed the file.
2026-08-16 21:11:50.829   -- File entry --
2026-08-16 21:11:50.830   Dest filename: C:\Users\in15\AppData\Local\DriveBackup\_internal\websockets-17.0.1.dist-info\METADATA
2026-08-16 21:11:50.830   Time stamp of our file: 2026-08-16 21:06:06.000
2026-08-16 21:11:50.830   Dest file exists.
2026-08-16 21:11:50.830   Time stamp of existing file: 2026-08-16 21:06:06.000
2026-08-16 21:11:50.831   Installing the file.
2026-08-16 21:11:50.841   Successfully installed the file.
2026-08-16 21:11:50.841   -- File entry --
2026-08-16 21:11:50.842   Dest filename: C:\Users\in15\AppData\Local\DriveBackup\_internal\websockets-17.0.1.dist-info\RECORD
2026-08-16 21:11:50.842   Time stamp of our file: 2026-08-16 21:06:06.000
2026-08-16 21:11:50.842   Dest file exists.
2026-08-16 21:11:50.846   Time stamp of existing file: 2026-08-16 21:06:06.000
2026-08-16 21:11:50.846   Installing the file.
2026-08-16 21:11:50.857   Successfully installed the file.
2026-08-16 21:11:50.857   -- File entry --
2026-08-16 21:11:50.860   Dest filename: C:\Users\in15\AppData\Local\DriveBackup\_internal\websockets-17.0.1.dist-info\top_level.txt
2026-08-16 21:11:50.861   Time stamp of our file: 2026-08-16 21:06:06.000
2026-08-16 21:11:50.861   Dest file exists.
2026-08-16 21:11:50.861   Time stamp of existing file: 2026-08-16 21:06:06.000
2026-08-16 21:11:50.861   Installing the file.
2026-08-16 21:11:50.873   Successfully installed the file.
2026-08-16 21:11:50.873   -- File entry --
2026-08-16 21:11:50.873   Dest filename: C:\Users\in15\AppData\Local\DriveBackup\_internal\websockets-17.0.1.dist-info\WHEEL
2026-08-16 21:11:50.874   Time stamp of our file: 2026-08-16 21:06:06.000
2026-08-16 21:11:50.874   Dest file exists.
2026-08-16 21:11:50.874   Time stamp of existing file: 2026-08-16 21:06:06.000
2026-08-16 21:11:50.874   Installing the file.
2026-08-16 21:11:50.888   Successfully installed the file.
2026-08-16 21:11:50.889   -- File entry --
2026-08-16 21:11:50.889   Dest filename: C:\Users\in15\AppData\Local\DriveBackup\_internal\websockets-17.0.1.dist-info\licenses\LICENSE
2026-08-16 21:11:50.891   Time stamp of our file: 2026-08-16 21:06:06.000
2026-08-16 21:11:50.891   Dest file exists.
2026-08-16 21:11:50.891   Time stamp of existing file: 2026-08-16 21:06:06.000
2026-08-16 21:11:50.891   Installing the file.
2026-08-16 21:11:50.896   Successfully installed the file.
2026-08-16 21:11:50.896   -- File entry --
2026-08-16 21:11:50.898   Dest filename: C:\Users\in15\AppData\Local\DriveBackup\_internal\webview\js\api.js
2026-08-16 21:11:50.899   Time stamp of our file: 2026-08-16 21:06:06.000
2026-08-16 21:11:50.899   Dest file exists.
2026-08-16 21:11:50.900   Time stamp of existing file: 2026-08-16 21:06:06.000
2026-08-16 21:11:50.905   Installing the file.
2026-08-16 21:11:50.931   Successfully installed the file.
2026-08-16 21:11:50.931   -- File entry --
2026-08-16 21:11:50.932   Dest filename: C:\Users\in15\AppData\Local\DriveBackup\_internal\webview\js\customize.js
2026-08-16 21:11:50.933   Time stamp of our file: 2026-08-16 21:06:06.000
2026-08-16 21:11:50.933   Dest file exists.
2026-08-16 21:11:50.936   Time stamp of existing file: 2026-08-16 21:06:06.000
2026-08-16 21:11:50.936   Installing the file.
2026-08-16 21:11:50.943   Successfully installed the file.
2026-08-16 21:11:50.943   -- File entry --
2026-08-16 21:11:50.944   Dest filename: C:\Users\in15\AppData\Local\DriveBackup\_internal\webview\js\finish.js
2026-08-16 21:11:50.944   Time stamp of our file: 2026-08-16 21:06:06.000
2026-08-16 21:11:50.944   Dest file exists.
2026-08-16 21:11:50.944   Time stamp of existing file: 2026-08-16 21:06:06.000
2026-08-16 21:11:50.945   Installing the file.
2026-08-16 21:11:50.951   Successfully installed the file.
2026-08-16 21:11:50.951   -- File entry --
2026-08-16 21:11:50.952   Dest filename: C:\Users\in15\AppData\Local\DriveBackup\_internal\webview\js\state.js
2026-08-16 21:11:50.952   Time stamp of our file: 2026-08-16 21:06:06.000
2026-08-16 21:11:50.952   Dest file exists.
2026-08-16 21:11:50.952   Time stamp of existing file: 2026-08-16 21:06:06.000
2026-08-16 21:11:50.952   Installing the file.
2026-08-16 21:11:50.956   Successfully installed the file.
2026-08-16 21:11:50.956   -- File entry --
2026-08-16 21:11:50.957   Dest filename: C:\Users\in15\AppData\Local\DriveBackup\_internal\webview\js\lib\dom_json.js
2026-08-16 21:11:50.957   Time stamp of our file: 2026-08-16 21:06:06.000
2026-08-16 21:11:50.957   Dest file exists.
2026-08-16 21:11:50.958   Time stamp of existing file: 2026-08-16 21:06:06.000
2026-08-16 21:11:50.958   Installing the file.
2026-08-16 21:11:50.965   Successfully installed the file.
2026-08-16 21:11:50.966   -- File entry --
2026-08-16 21:11:50.966   Dest filename: C:\Users\in15\AppData\Local\DriveBackup\_internal\webview\js\lib\polyfill.js
2026-08-16 21:11:50.967   Time stamp of our file: 2026-08-16 21:06:06.000
2026-08-16 21:11:50.967   Dest file exists.
2026-08-16 21:11:50.967   Time stamp of existing file: 2026-08-16 21:06:06.000
2026-08-16 21:11:50.967   Installing the file.
2026-08-16 21:11:50.976   Successfully installed the file.
2026-08-16 21:11:50.976   -- File entry --
2026-08-16 21:11:50.977   Dest filename: C:\Users\in15\AppData\Local\DriveBackup\_internal\webview\lib\Microsoft.Web.WebView2.Core.dll
2026-08-16 21:11:50.978   Time stamp of our file: 2026-08-16 21:06:06.000
2026-08-16 21:11:50.978   Dest file exists.
2026-08-16 21:11:50.978   Time stamp of existing file: 2026-08-16 21:06:06.000
2026-08-16 21:11:50.978   Installing the file.
2026-08-16 21:11:51.025   Successfully installed the file.
2026-08-16 21:11:51.025   -- File entry --
2026-08-16 21:11:51.025   Dest filename: C:\Users\in15\AppData\Local\DriveBackup\_internal\webview\lib\Microsoft.Web.WebView2.WinForms.dll
2026-08-16 21:11:51.026   Time stamp of our file: 2026-08-16 21:06:06.000
2026-08-16 21:11:51.026   Dest file exists.
2026-08-16 21:11:51.026   Time stamp of existing file: 2026-08-16 21:06:06.000
2026-08-16 21:11:51.026   Installing the file.
2026-08-16 21:11:51.035   Successfully installed the file.
2026-08-16 21:11:51.035   -- File entry --
2026-08-16 21:11:51.036   Dest filename: C:\Users\in15\AppData\Local\DriveBackup\_internal\webview\lib\pywebview-android.jar
2026-08-16 21:11:51.036   Time stamp of our file: 2026-08-16 21:06:06.000
2026-08-16 21:11:51.036   Dest file exists.
2026-08-16 21:11:51.037   Time stamp of existing file: 2026-08-16 21:06:06.000
2026-08-16 21:11:51.037   Installing the file.
2026-08-16 21:11:51.043   Successfully installed the file.
2026-08-16 21:11:51.043   -- File entry --
2026-08-16 21:11:51.044   Dest filename: C:\Users\in15\AppData\Local\DriveBackup\_internal\webview\lib\WebBrowserInterop.x64.dll
2026-08-16 21:11:51.045   Time stamp of our file: 2026-08-16 21:06:06.000
2026-08-16 21:11:51.045   Dest file exists.
2026-08-16 21:11:51.045   Time stamp of existing file: 2026-08-16 21:06:06.000
2026-08-16 21:11:51.045   Installing the file.
2026-08-16 21:11:51.051   Successfully installed the file.
2026-08-16 21:11:51.051   -- File entry --
2026-08-16 21:11:51.052   Dest filename: C:\Users\in15\AppData\Local\DriveBackup\_internal\webview\lib\WebBrowserInterop.x86.dll
2026-08-16 21:11:51.053   Time stamp of our file: 2026-08-16 21:06:06.000
2026-08-16 21:11:51.053   Dest file exists.
2026-08-16 21:11:51.053   Time stamp of existing file: 2026-08-16 21:06:06.000
2026-08-16 21:11:51.053   Installing the file.
2026-08-16 21:11:51.057   Successfully installed the file.
2026-08-16 21:11:51.058   -- File entry --
2026-08-16 21:11:51.058   Dest filename: C:\Users\in15\AppData\Local\DriveBackup\_internal\webview\lib\runtimes\win-arm64\native\WebView2Loader.dll
2026-08-16 21:11:51.059   Time stamp of our file: 2026-08-16 21:06:06.000
2026-08-16 21:11:51.059   Dest file exists.
2026-08-16 21:11:51.059   Time stamp of existing file: 2026-08-16 21:06:06.000
2026-08-16 21:11:51.059   Installing the file.
2026-08-16 21:11:51.077   Successfully installed the file.
2026-08-16 21:11:51.078   -- File entry --
2026-08-16 21:11:51.078   Dest filename: C:\Users\in15\AppData\Local\DriveBackup\_internal\webview\lib\runtimes\win-x64\native\WebView2Loader.dll
2026-08-16 21:11:51.079   Time stamp of our file: 2026-08-16 21:06:06.000
2026-08-16 21:11:51.079   Dest file exists.
2026-08-16 21:11:51.079   Time stamp of existing file: 2026-08-16 21:06:06.000
2026-08-16 21:11:51.079   Installing the file.
2026-08-16 21:11:51.096   Successfully installed the file.
2026-08-16 21:11:51.096   -- File entry --
2026-08-16 21:11:51.097   Dest filename: C:\Users\in15\AppData\Local\DriveBackup\_internal\webview\lib\runtimes\win-x86\native\WebView2Loader.dll
2026-08-16 21:11:51.098   Time stamp of our file: 2026-08-16 21:06:06.000
2026-08-16 21:11:51.098   Dest file exists.
2026-08-16 21:11:51.098   Time stamp of existing file: 2026-08-16 21:06:06.000
2026-08-16 21:11:51.098   Installing the file.
2026-08-16 21:11:51.114   Successfully installed the file.
2026-08-16 21:11:51.114   -- File entry --
2026-08-16 21:11:51.114   Dest filename: C:\Users\in15\AppData\Local\DriveBackup\_internal\yaml\_yaml.cp314-win_amd64.pyd
2026-08-16 21:11:51.116   Time stamp of our file: 2026-08-16 21:06:06.000
2026-08-16 21:11:51.116   Dest file exists.
2026-08-16 21:11:51.116   Time stamp of existing file: 2026-08-16 21:06:06.000
2026-08-16 21:11:51.116   Installing the file.
2026-08-16 21:11:51.142   Successfully installed the file.
2026-08-16 21:11:51.142   -- File entry --
2026-08-16 21:11:51.142   Dest filename: C:\Users\in15\AppData\Local\DriveBackup\_internal\yarl\_quoting_c.cp314-win_amd64.pyd
2026-08-16 21:11:51.143   Time stamp of our file: 2026-08-16 21:06:06.000
2026-08-16 21:11:51.143   Dest file exists.
2026-08-16 21:11:51.143   Time stamp of existing file: 2026-08-16 21:06:06.000
2026-08-16 21:11:51.143   Installing the file.
2026-08-16 21:11:51.155   Successfully installed the file.
2026-08-16 21:11:51.156   -- File entry --
2026-08-16 21:11:51.156   Dest filename: C:\Users\in15\AppData\Local\DriveBackup\_internal\_tcl_data\auto.tcl
2026-08-16 21:11:51.157   Time stamp of our file: 2026-08-16 21:06:02.000
2026-08-16 21:11:51.157   Dest file exists.
2026-08-16 21:11:51.157   Time stamp of existing file: 2026-08-16 21:06:02.000
2026-08-16 21:11:51.157   Installing the file.
2026-08-16 21:11:51.163   Successfully installed the file.
2026-08-16 21:11:51.164   -- File entry --
2026-08-16 21:11:51.165   Dest filename: C:\Users\in15\AppData\Local\DriveBackup\_internal\_tcl_data\clock.tcl
2026-08-16 21:11:51.165   Time stamp of our file: 2026-08-16 21:06:02.000
2026-08-16 21:11:51.166   Dest file exists.
2026-08-16 21:11:51.166   Time stamp of existing file: 2026-08-16 21:06:02.000
2026-08-16 21:11:51.166   Installing the file.
2026-08-16 21:11:51.184   Successfully installed the file.
2026-08-16 21:11:51.184   -- File entry --
2026-08-16 21:11:51.184   Dest filename: C:\Users\in15\AppData\Local\DriveBackup\_internal\_tcl_data\history.tcl
2026-08-16 21:11:51.184   Time stamp of our file: 2026-08-16 21:06:02.000
2026-08-16 21:11:51.185   Dest file exists.
2026-08-16 21:11:51.186   Time stamp of existing file: 2026-08-16 21:06:02.000
2026-08-16 21:11:51.186   Installing the file.
2026-08-16 21:11:51.191   Successfully installed the file.
2026-08-16 21:11:51.192   -- File entry --
2026-08-16 21:11:51.193   Dest filename: C:\Users\in15\AppData\Local\DriveBackup\_internal\_tcl_data\init.tcl
2026-08-16 21:11:51.194   Time stamp of our file: 2026-08-16 21:06:02.000
2026-08-16 21:11:51.194   Dest file exists.
2026-08-16 21:11:51.194   Time stamp of existing file: 2026-08-16 21:06:02.000
2026-08-16 21:11:51.197   Installing the file.
2026-08-16 21:11:51.206   Successfully installed the file.
2026-08-16 21:11:51.207   -- File entry --
2026-08-16 21:11:51.207   Dest filename: C:\Users\in15\AppData\Local\DriveBackup\_internal\_tcl_data\package.tcl
2026-08-16 21:11:51.208   Time stamp of our file: 2026-08-16 21:06:02.000
2026-08-16 21:11:51.208   Dest file exists.
2026-08-16 21:11:51.208   Time stamp of existing file: 2026-08-16 21:06:02.000
2026-08-16 21:11:51.208   Installing the file.
2026-08-16 21:11:51.219   Successfully installed the file.
2026-08-16 21:11:51.220   -- File entry --
2026-08-16 21:11:51.221   Dest filename: C:\Users\in15\AppData\Local\DriveBackup\_internal\_tcl_data\parray.tcl
2026-08-16 21:11:51.222   Time stamp of our file: 2026-08-16 21:06:02.000
2026-08-16 21:11:51.222   Dest file exists.
2026-08-16 21:11:51.222   Time stamp of existing file: 2026-08-16 21:06:02.000
2026-08-16 21:11:51.222   Installing the file.
2026-08-16 21:11:51.227   Successfully installed the file.
2026-08-16 21:11:51.227   -- File entry --
2026-08-16 21:11:51.228   Dest filename: C:\Users\in15\AppData\Local\DriveBackup\_internal\_tcl_data\safe.tcl
2026-08-16 21:11:51.228   Time stamp of our file: 2026-08-16 21:06:02.000
2026-08-16 21:11:51.228   Dest file exists.
2026-08-16 21:11:51.229   Time stamp of existing file: 2026-08-16 21:06:02.000
2026-08-16 21:11:51.229   Installing the file.
2026-08-16 21:11:51.244   Successfully installed the file.
2026-08-16 21:11:51.244   -- File entry --
2026-08-16 21:11:51.244   Dest filename: C:\Users\in15\AppData\Local\DriveBackup\_internal\_tcl_data\tclIndex
2026-08-16 21:11:51.245   Time stamp of our file: 2026-08-16 21:06:02.000
2026-08-16 21:11:51.245   Dest file exists.
2026-08-16 21:11:51.245   Time stamp of existing file: 2026-08-16 21:06:02.000
2026-08-16 21:11:51.245   Installing the file.
2026-08-16 21:11:51.256   Successfully installed the file.
2026-08-16 21:11:51.256   -- File entry --
2026-08-16 21:11:51.258   Dest filename: C:\Users\in15\AppData\Local\DriveBackup\_internal\_tcl_data\tm.tcl
2026-08-16 21:11:51.258   Time stamp of our file: 2026-08-16 21:06:02.000
2026-08-16 21:11:51.258   Dest file exists.
2026-08-16 21:11:51.259   Time stamp of existing file: 2026-08-16 21:06:02.000
2026-08-16 21:11:51.259   Installing the file.
2026-08-16 21:11:51.265   Successfully installed the file.
2026-08-16 21:11:51.265   -- File entry --
2026-08-16 21:11:51.265   Dest filename: C:\Users\in15\AppData\Local\DriveBackup\_internal\_tcl_data\word.tcl
2026-08-16 21:11:51.266   Time stamp of our file: 2026-08-16 21:06:04.000
2026-08-16 21:11:51.266   Dest file exists.
2026-08-16 21:11:51.266   Time stamp of existing file: 2026-08-16 21:06:04.000
2026-08-16 21:11:51.266   Installing the file.
2026-08-16 21:11:51.273   Successfully installed the file.
2026-08-16 21:11:51.273   -- File entry --
2026-08-16 21:11:51.273   Dest filename: C:\Users\in15\AppData\Local\DriveBackup\_internal\_tcl_data\encoding\ascii.enc
2026-08-16 21:11:51.274   Time stamp of our file: 2026-08-16 21:06:02.000
2026-08-16 21:11:51.274   Dest file exists.
2026-08-16 21:11:51.274   Time stamp of existing file: 2026-08-16 21:06:02.000
2026-08-16 21:11:51.275   Installing the file.
2026-08-16 21:11:51.283   Successfully installed the file.
2026-08-16 21:11:51.283   -- File entry --
2026-08-16 21:11:51.284   Dest filename: C:\Users\in15\AppData\Local\DriveBackup\_internal\_tcl_data\encoding\big5.enc
2026-08-16 21:11:51.285   Time stamp of our file: 2026-08-16 21:06:02.000
2026-08-16 21:11:51.285   Dest file exists.
2026-08-16 21:11:51.286   Time stamp of existing file: 2026-08-16 21:06:02.000
2026-08-16 21:11:51.286   Installing the file.
2026-08-16 21:11:51.301   Successfully installed the file.
2026-08-16 21:11:51.302   -- File entry --
2026-08-16 21:11:51.303   Dest filename: C:\Users\in15\AppData\Local\DriveBackup\_internal\_tcl_data\encoding\cns11643.enc
2026-08-16 21:11:51.304   Time stamp of our file: 2026-08-16 21:06:02.000
2026-08-16 21:11:51.304   Dest file exists.
2026-08-16 21:11:51.304   Time stamp of existing file: 2026-08-16 21:06:02.000
2026-08-16 21:11:51.304   Installing the file.
2026-08-16 21:11:51.313   Successfully installed the file.
2026-08-16 21:11:51.314   -- File entry --
2026-08-16 21:11:51.314   Dest filename: C:\Users\in15\AppData\Local\DriveBackup\_internal\_tcl_data\encoding\cp1250.enc
2026-08-16 21:11:51.314   Time stamp of our file: 2026-08-16 21:06:02.000
2026-08-16 21:11:51.314   Dest file exists.
2026-08-16 21:11:51.314   Time stamp of existing file: 2026-08-16 21:06:02.000
2026-08-16 21:11:51.314   Installing the file.
2026-08-16 21:11:51.319   Successfully installed the file.
2026-08-16 21:11:51.319   -- File entry --
2026-08-16 21:11:51.319   Dest filename: C:\Users\in15\AppData\Local\DriveBackup\_internal\_tcl_data\encoding\cp1251.enc
2026-08-16 21:11:51.321   Time stamp of our file: 2026-08-16 21:06:02.000
2026-08-16 21:11:51.321   Dest file exists.
2026-08-16 21:11:51.321   Time stamp of existing file: 2026-08-16 21:06:02.000
2026-08-16 21:11:51.321   Installing the file.
2026-08-16 21:11:51.334   Successfully installed the file.
2026-08-16 21:11:51.334   -- File entry --
2026-08-16 21:11:51.334   Dest filename: C:\Users\in15\AppData\Local\DriveBackup\_internal\_tcl_data\encoding\cp1252.enc
2026-08-16 21:11:51.335   Time stamp of our file: 2026-08-16 21:06:02.000
2026-08-16 21:11:51.335   Dest file exists.
2026-08-16 21:11:51.335   Time stamp of existing file: 2026-08-16 21:06:02.000
2026-08-16 21:11:51.335   Installing the file.
2026-08-16 21:11:51.341   Successfully installed the file.
2026-08-16 21:11:51.341   -- File entry --
2026-08-16 21:11:51.341   Dest filename: C:\Users\in15\AppData\Local\DriveBackup\_internal\_tcl_data\encoding\cp1253.enc
2026-08-16 21:11:51.342   Time stamp of our file: 2026-08-16 21:06:02.000
2026-08-16 21:11:51.342   Dest file exists.
2026-08-16 21:11:51.342   Time stamp of existing file: 2026-08-16 21:06:02.000
2026-08-16 21:11:51.342   Installing the file.
2026-08-16 21:11:51.346   Successfully installed the file.
2026-08-16 21:11:51.347   -- File entry --
2026-08-16 21:11:51.347   Dest filename: C:\Users\in15\AppData\Local\DriveBackup\_internal\_tcl_data\encoding\cp1254.enc
2026-08-16 21:11:51.348   Time stamp of our file: 2026-08-16 21:06:02.000
2026-08-16 21:11:51.348   Dest file exists.
2026-08-16 21:11:51.348   Time stamp of existing file: 2026-08-16 21:06:02.000
2026-08-16 21:11:51.348   Installing the file.
2026-08-16 21:11:51.353   Successfully installed the file.
2026-08-16 21:11:51.353   -- File entry --
2026-08-16 21:11:51.354   Dest filename: C:\Users\in15\AppData\Local\DriveBackup\_internal\_tcl_data\encoding\cp1255.enc
2026-08-16 21:11:51.354   Time stamp of our file: 2026-08-16 21:06:02.000
2026-08-16 21:11:51.355   Dest file exists.
2026-08-16 21:11:51.355   Time stamp of existing file: 2026-08-16 21:06:02.000
2026-08-16 21:11:51.355   Installing the file.
2026-08-16 21:11:51.360   Successfully installed the file.
2026-08-16 21:11:51.360   -- File entry --
2026-08-16 21:11:51.362   Dest filename: C:\Users\in15\AppData\Local\DriveBackup\_internal\_tcl_data\encoding\cp1256.enc
2026-08-16 21:11:51.362   Time stamp of our file: 2026-08-16 21:06:02.000
2026-08-16 21:11:51.362   Dest file exists.
2026-08-16 21:11:51.362   Time stamp of existing file: 2026-08-16 21:06:02.000
2026-08-16 21:11:51.362   Installing the file.
2026-08-16 21:11:51.365   Successfully installed the file.
2026-08-16 21:11:51.367   -- File entry --
2026-08-16 21:11:51.368   Dest filename: C:\Users\in15\AppData\Local\DriveBackup\_internal\_tcl_data\encoding\cp1257.enc
2026-08-16 21:11:51.368   Time stamp of our file: 2026-08-16 21:06:02.000
2026-08-16 21:11:51.368   Dest file exists.
2026-08-16 21:11:51.368   Time stamp of existing file: 2026-08-16 21:06:02.000
2026-08-16 21:11:51.368   Installing the file.
2026-08-16 21:11:51.373   Successfully installed the file.
2026-08-16 21:11:51.374   -- File entry --
2026-08-16 21:11:51.374   Dest filename: C:\Users\in15\AppData\Local\DriveBackup\_internal\_tcl_data\encoding\cp1258.enc
2026-08-16 21:11:51.375   Time stamp of our file: 2026-08-16 21:06:02.000
2026-08-16 21:11:51.375   Dest file exists.
2026-08-16 21:11:51.375   Time stamp of existing file: 2026-08-16 21:06:02.000
2026-08-16 21:11:51.375   Installing the file.
2026-08-16 21:11:51.379   Successfully installed the file.
2026-08-16 21:11:51.380   -- File entry --
2026-08-16 21:11:51.380   Dest filename: C:\Users\in15\AppData\Local\DriveBackup\_internal\_tcl_data\encoding\cp437.enc
2026-08-16 21:11:51.380   Time stamp of our file: 2026-08-16 21:06:02.000
2026-08-16 21:11:51.380   Dest file exists.
2026-08-16 21:11:51.381   Time stamp of existing file: 2026-08-16 21:06:02.000
2026-08-16 21:11:51.381   Installing the file.
2026-08-16 21:11:51.385   Successfully installed the file.
2026-08-16 21:11:51.385   -- File entry --
2026-08-16 21:11:51.385   Dest filename: C:\Users\in15\AppData\Local\DriveBackup\_internal\_tcl_data\encoding\cp737.enc
2026-08-16 21:11:51.386   Time stamp of our file: 2026-08-16 21:06:02.000
2026-08-16 21:11:51.386   Dest file exists.
2026-08-16 21:11:51.386   Time stamp of existing file: 2026-08-16 21:06:02.000
2026-08-16 21:11:51.386   Installing the file.
2026-08-16 21:11:51.390   Successfully installed the file.
2026-08-16 21:11:51.391   -- File entry --
2026-08-16 21:11:51.391   Dest filename: C:\Users\in15\AppData\Local\DriveBackup\_internal\_tcl_data\encoding\cp775.enc
2026-08-16 21:11:51.392   Time stamp of our file: 2026-08-16 21:06:02.000
2026-08-16 21:11:51.392   Dest file exists.
2026-08-16 21:11:51.392   Time stamp of existing file: 2026-08-16 21:06:02.000
2026-08-16 21:11:51.393   Installing the file.
2026-08-16 21:11:51.397   Successfully installed the file.
2026-08-16 21:11:51.397   -- File entry --
2026-08-16 21:11:51.397   Dest filename: C:\Users\in15\AppData\Local\DriveBackup\_internal\_tcl_data\encoding\cp850.enc
2026-08-16 21:11:51.398   Time stamp of our file: 2026-08-16 21:06:02.000
2026-08-16 21:11:51.398   Dest file exists.
2026-08-16 21:11:51.398   Time stamp of existing file: 2026-08-16 21:06:02.000
2026-08-16 21:11:51.398   Installing the file.
2026-08-16 21:11:51.403   Successfully installed the file.
2026-08-16 21:11:51.403   -- File entry --
2026-08-16 21:11:51.403   Dest filename: C:\Users\in15\AppData\Local\DriveBackup\_internal\_tcl_data\encoding\cp852.enc
2026-08-16 21:11:51.403   Time stamp of our file: 2026-08-16 21:06:02.000
2026-08-16 21:11:51.403   Dest file exists.
2026-08-16 21:11:51.403   Time stamp of existing file: 2026-08-16 21:06:02.000
2026-08-16 21:11:51.403   Installing the file.
2026-08-16 21:11:51.407   Successfully installed the file.
2026-08-16 21:11:51.407   -- File entry --
2026-08-16 21:11:51.409   Dest filename: C:\Users\in15\AppData\Local\DriveBackup\_internal\_tcl_data\encoding\cp855.enc
2026-08-16 21:11:51.409   Time stamp of our file: 2026-08-16 21:06:02.000
2026-08-16 21:11:51.409   Dest file exists.
2026-08-16 21:11:51.409   Time stamp of existing file: 2026-08-16 21:06:02.000
2026-08-16 21:11:51.409   Installing the file.
2026-08-16 21:11:51.413   Successfully installed the file.
2026-08-16 21:11:51.413   -- File entry --
2026-08-16 21:11:51.413   Dest filename: C:\Users\in15\AppData\Local\DriveBackup\_internal\_tcl_data\encoding\cp857.enc
2026-08-16 21:11:51.413   Time stamp of our file: 2026-08-16 21:06:02.000
2026-08-16 21:11:51.413   Dest file exists.
2026-08-16 21:11:51.413   Time stamp of existing file: 2026-08-16 21:06:02.000
2026-08-16 21:11:51.415   Installing the file.
2026-08-16 21:11:51.418   Successfully installed the file.
2026-08-16 21:11:51.418   -- File entry --
2026-08-16 21:11:51.418   Dest filename: C:\Users\in15\AppData\Local\DriveBackup\_internal\_tcl_data\encoding\cp860.enc
2026-08-16 21:11:51.418   Time stamp of our file: 2026-08-16 21:06:02.000
2026-08-16 21:11:51.418   Dest file exists.
2026-08-16 21:11:51.418   Time stamp of existing file: 2026-08-16 21:06:02.000
2026-08-16 21:11:51.418   Installing the file.
2026-08-16 21:11:51.421   Successfully installed the file.
2026-08-16 21:11:51.421   -- File entry --
2026-08-16 21:11:51.421   Dest filename: C:\Users\in15\AppData\Local\DriveBackup\_internal\_tcl_data\encoding\cp861.enc
2026-08-16 21:11:51.421   Time stamp of our file: 2026-08-16 21:06:02.000
2026-08-16 21:11:51.421   Dest file exists.
2026-08-16 21:11:51.421   Time stamp of existing file: 2026-08-16 21:06:02.000
2026-08-16 21:11:51.421   Installing the file.
2026-08-16 21:11:51.421   Successfully installed the file.
2026-08-16 21:11:51.421   -- File entry --
2026-08-16 21:11:51.421   Dest filename: C:\Users\in15\AppData\Local\DriveBackup\_internal\_tcl_data\encoding\cp862.enc
2026-08-16 21:11:51.421   Time stamp of our file: 2026-08-16 21:06:02.000
2026-08-16 21:11:51.421   Dest file exists.
2026-08-16 21:11:51.421   Time stamp of existing file: 2026-08-16 21:06:02.000
2026-08-16 21:11:51.421   Installing the file.
2026-08-16 21:11:51.438   Successfully installed the file.
2026-08-16 21:11:51.438   -- File entry --
2026-08-16 21:11:51.438   Dest filename: C:\Users\in15\AppData\Local\DriveBackup\_internal\_tcl_data\encoding\cp863.enc
2026-08-16 21:11:51.439   Time stamp of our file: 2026-08-16 21:06:02.000
2026-08-16 21:11:51.439   Dest file exists.
2026-08-16 21:11:51.439   Time stamp of existing file: 2026-08-16 21:06:02.000
2026-08-16 21:11:51.439   Installing the file.
2026-08-16 21:11:51.444   Successfully installed the file.
2026-08-16 21:11:51.445   -- File entry --
2026-08-16 21:11:51.445   Dest filename: C:\Users\in15\AppData\Local\DriveBackup\_internal\_tcl_data\encoding\cp864.enc
2026-08-16 21:11:51.446   Time stamp of our file: 2026-08-16 21:06:02.000
2026-08-16 21:11:51.446   Dest file exists.
2026-08-16 21:11:51.446   Time stamp of existing file: 2026-08-16 21:06:02.000
2026-08-16 21:11:51.446   Installing the file.
2026-08-16 21:11:51.450   Successfully installed the file.
2026-08-16 21:11:51.451   -- File entry --
2026-08-16 21:11:51.452   Dest filename: C:\Users\in15\AppData\Local\DriveBackup\_internal\_tcl_data\encoding\cp865.enc
2026-08-16 21:11:51.452   Time stamp of our file: 2026-08-16 21:06:02.000
2026-08-16 21:11:51.452   Dest file exists.
2026-08-16 21:11:51.452   Time stamp of existing file: 2026-08-16 21:06:02.000
2026-08-16 21:11:51.453   Installing the file.
2026-08-16 21:11:51.457   Successfully installed the file.
2026-08-16 21:11:51.457   -- File entry --
2026-08-16 21:11:51.457   Dest filename: C:\Users\in15\AppData\Local\DriveBackup\_internal\_tcl_data\encoding\cp866.enc
2026-08-16 21:11:51.458   Time stamp of our file: 2026-08-16 21:06:02.000
2026-08-16 21:11:51.458   Dest file exists.
2026-08-16 21:11:51.458   Time stamp of existing file: 2026-08-16 21:06:02.000
2026-08-16 21:11:51.458   Installing the file.
2026-08-16 21:11:51.462   Successfully installed the file.
2026-08-16 21:11:51.462   -- File entry --
2026-08-16 21:11:51.462   Dest filename: C:\Users\in15\AppData\Local\DriveBackup\_internal\_tcl_data\encoding\cp869.enc
2026-08-16 21:11:51.463   Time stamp of our file: 2026-08-16 21:06:02.000
2026-08-16 21:11:51.463   Dest file exists.
2026-08-16 21:11:51.463   Time stamp of existing file: 2026-08-16 21:06:02.000
2026-08-16 21:11:51.463   Installing the file.
2026-08-16 21:11:51.467   Successfully installed the file.
2026-08-16 21:11:51.467   -- File entry --
2026-08-16 21:11:51.468   Dest filename: C:\Users\in15\AppData\Local\DriveBackup\_internal\_tcl_data\encoding\cp874.enc
2026-08-16 21:11:51.468   Time stamp of our file: 2026-08-16 21:06:02.000
2026-08-16 21:11:51.468   Dest file exists.
2026-08-16 21:11:51.468   Time stamp of existing file: 2026-08-16 21:06:02.000
2026-08-16 21:11:51.468   Installing the file.
2026-08-16 21:11:51.470   Successfully installed the file.
2026-08-16 21:11:51.470   -- File entry --
2026-08-16 21:11:51.470   Dest filename: C:\Users\in15\AppData\Local\DriveBackup\_internal\_tcl_data\encoding\cp932.enc
2026-08-16 21:11:51.470   Time stamp of our file: 2026-08-16 21:06:02.000
2026-08-16 21:11:51.470   Dest file exists.
2026-08-16 21:11:51.470   Time stamp of existing file: 2026-08-16 21:06:02.000
2026-08-16 21:11:51.470   Installing the file.
2026-08-16 21:11:51.470   Successfully installed the file.
2026-08-16 21:11:51.470   -- File entry --
2026-08-16 21:11:51.470   Dest filename: C:\Users\in15\AppData\Local\DriveBackup\_internal\_tcl_data\encoding\cp936.enc
2026-08-16 21:11:51.470   Time stamp of our file: 2026-08-16 21:06:02.000
2026-08-16 21:11:51.470   Dest file exists.
2026-08-16 21:11:51.470   Time stamp of existing file: 2026-08-16 21:06:02.000
2026-08-16 21:11:51.470   Installing the file.
2026-08-16 21:11:51.496   Successfully installed the file.
2026-08-16 21:11:51.496   -- File entry --
2026-08-16 21:11:51.496   Dest filename: C:\Users\in15\AppData\Local\DriveBackup\_internal\_tcl_data\encoding\cp949.enc
2026-08-16 21:11:51.498   Time stamp of our file: 2026-08-16 21:06:02.000
2026-08-16 21:11:51.498   Dest file exists.
2026-08-16 21:11:51.498   Time stamp of existing file: 2026-08-16 21:06:02.000
2026-08-16 21:11:51.498   Installing the file.
2026-08-16 21:11:51.508   Successfully installed the file.
2026-08-16 21:11:51.508   -- File entry --
2026-08-16 21:11:51.509   Dest filename: C:\Users\in15\AppData\Local\DriveBackup\_internal\_tcl_data\encoding\cp950.enc
2026-08-16 21:11:51.509   Time stamp of our file: 2026-08-16 21:06:02.000
2026-08-16 21:11:51.509   Dest file exists.
2026-08-16 21:11:51.509   Time stamp of existing file: 2026-08-16 21:06:02.000
2026-08-16 21:11:51.510   Installing the file.
2026-08-16 21:11:51.514   Successfully installed the file.
2026-08-16 21:11:51.514   -- File entry --
2026-08-16 21:11:51.514   Dest filename: C:\Users\in15\AppData\Local\DriveBackup\_internal\_tcl_data\encoding\dingbats.enc
2026-08-16 21:11:51.516   Time stamp of our file: 2026-08-16 21:06:02.000
2026-08-16 21:11:51.516   Dest file exists.
2026-08-16 21:11:51.516   Time stamp of existing file: 2026-08-16 21:06:02.000
2026-08-16 21:11:51.516   Installing the file.
2026-08-16 21:11:51.522   Successfully installed the file.
2026-08-16 21:11:51.522   -- File entry --
2026-08-16 21:11:51.522   Dest filename: C:\Users\in15\AppData\Local\DriveBackup\_internal\_tcl_data\encoding\ebcdic.enc
2026-08-16 21:11:51.523   Time stamp of our file: 2026-08-16 21:06:02.000
2026-08-16 21:11:51.523   Dest file exists.
2026-08-16 21:11:51.524   Time stamp of existing file: 2026-08-16 21:06:02.000
2026-08-16 21:11:51.524   Installing the file.
2026-08-16 21:11:51.528   Successfully installed the file.
2026-08-16 21:11:51.528   -- File entry --
2026-08-16 21:11:51.528   Dest filename: C:\Users\in15\AppData\Local\DriveBackup\_internal\_tcl_data\encoding\euc-cn.enc
2026-08-16 21:11:51.530   Time stamp of our file: 2026-08-16 21:06:02.000
2026-08-16 21:11:51.530   Dest file exists.
2026-08-16 21:11:51.530   Time stamp of existing file: 2026-08-16 21:06:02.000
2026-08-16 21:11:51.530   Installing the file.
2026-08-16 21:11:51.537   Successfully installed the file.
2026-08-16 21:11:51.538   -- File entry --
2026-08-16 21:11:51.538   Dest filename: C:\Users\in15\AppData\Local\DriveBackup\_internal\_tcl_data\encoding\euc-jp.enc
2026-08-16 21:11:51.539   Time stamp of our file: 2026-08-16 21:06:02.000
2026-08-16 21:11:51.539   Dest file exists.
2026-08-16 21:11:51.539   Time stamp of existing file: 2026-08-16 21:06:02.000
2026-08-16 21:11:51.539   Installing the file.
2026-08-16 21:11:51.546   Successfully installed the file.
2026-08-16 21:11:51.546   -- File entry --
2026-08-16 21:11:51.547   Dest filename: C:\Users\in15\AppData\Local\DriveBackup\_internal\_tcl_data\encoding\euc-kr.enc
2026-08-16 21:11:51.547   Time stamp of our file: 2026-08-16 21:06:02.000
2026-08-16 21:11:51.547   Dest file exists.
2026-08-16 21:11:51.548   Time stamp of existing file: 2026-08-16 21:06:02.000
2026-08-16 21:11:51.548   Installing the file.
2026-08-16 21:11:51.556   Successfully installed the file.
2026-08-16 21:11:51.557   -- File entry --
2026-08-16 21:11:51.557   Dest filename: C:\Users\in15\AppData\Local\DriveBackup\_internal\_tcl_data\encoding\gb12345.enc
2026-08-16 21:11:51.558   Time stamp of our file: 2026-08-16 21:06:02.000
2026-08-16 21:11:51.558   Dest file exists.
2026-08-16 21:11:51.558   Time stamp of existing file: 2026-08-16 21:06:02.000
2026-08-16 21:11:51.558   Installing the file.
2026-08-16 21:11:51.566   Successfully installed the file.
2026-08-16 21:11:51.566   -- File entry --
2026-08-16 21:11:51.566   Dest filename: C:\Users\in15\AppData\Local\DriveBackup\_internal\_tcl_data\encoding\gb1988.enc
2026-08-16 21:11:51.567   Time stamp of our file: 2026-08-16 21:06:02.000
2026-08-16 21:11:51.567   Dest file exists.
2026-08-16 21:11:51.567   Time stamp of existing file: 2026-08-16 21:06:02.000
2026-08-16 21:11:51.567   Installing the file.
2026-08-16 21:11:51.572   Successfully installed the file.
2026-08-16 21:11:51.572   -- File entry --
2026-08-16 21:11:51.572   Dest filename: C:\Users\in15\AppData\Local\DriveBackup\_internal\_tcl_data\encoding\gb2312-raw.enc
2026-08-16 21:11:51.572   Time stamp of our file: 2026-08-16 21:06:02.000
2026-08-16 21:11:51.572   Dest file exists.
2026-08-16 21:11:51.574   Time stamp of existing file: 2026-08-16 21:06:02.000
2026-08-16 21:11:51.574   Installing the file.
2026-08-16 21:11:51.580   Successfully installed the file.
2026-08-16 21:11:51.580   -- File entry --
2026-08-16 21:11:51.580   Dest filename: C:\Users\in15\AppData\Local\DriveBackup\_internal\_tcl_data\encoding\gb2312.enc
2026-08-16 21:11:51.580   Time stamp of our file: 2026-08-16 21:06:02.000
2026-08-16 21:11:51.580   Dest file exists.
2026-08-16 21:11:51.582   Time stamp of existing file: 2026-08-16 21:06:02.000
2026-08-16 21:11:51.582   Installing the file.
2026-08-16 21:11:51.591   Successfully installed the file.
2026-08-16 21:11:51.591   -- File entry --
2026-08-16 21:11:51.591   Dest filename: C:\Users\in15\AppData\Local\DriveBackup\_internal\_tcl_data\encoding\iso2022-jp.enc
2026-08-16 21:11:51.593   Time stamp of our file: 2026-08-16 21:06:02.000
2026-08-16 21:11:51.593   Dest file exists.
2026-08-16 21:11:51.593   Time stamp of existing file: 2026-08-16 21:06:02.000
2026-08-16 21:11:51.593   Installing the file.
2026-08-16 21:11:51.598   Successfully installed the file.
2026-08-16 21:11:51.598   -- File entry --
2026-08-16 21:11:51.598   Dest filename: C:\Users\in15\AppData\Local\DriveBackup\_internal\_tcl_data\encoding\iso2022-kr.enc
2026-08-16 21:11:51.599   Time stamp of our file: 2026-08-16 21:06:02.000
2026-08-16 21:11:51.599   Dest file exists.
2026-08-16 21:11:51.599   Time stamp of existing file: 2026-08-16 21:06:02.000
2026-08-16 21:11:51.599   Installing the file.
2026-08-16 21:11:51.605   Successfully installed the file.
2026-08-16 21:11:51.605   -- File entry --
2026-08-16 21:11:51.605   Dest filename: C:\Users\in15\AppData\Local\DriveBackup\_internal\_tcl_data\encoding\iso2022.enc
2026-08-16 21:11:51.607   Time stamp of our file: 2026-08-16 21:06:02.000
2026-08-16 21:11:51.607   Dest file exists.
2026-08-16 21:11:51.607   Time stamp of existing file: 2026-08-16 21:06:02.000
2026-08-16 21:11:51.607   Installing the file.
2026-08-16 21:11:51.612   Successfully installed the file.
2026-08-16 21:11:51.612   -- File entry --
2026-08-16 21:11:51.612   Dest filename: C:\Users\in15\AppData\Local\DriveBackup\_internal\_tcl_data\encoding\iso8859-1.enc
2026-08-16 21:11:51.614   Time stamp of our file: 2026-08-16 21:06:02.000
2026-08-16 21:11:51.614   Dest file exists.
2026-08-16 21:11:51.614   Time stamp of existing file: 2026-08-16 21:06:02.000
2026-08-16 21:11:51.614   Installing the file.
2026-08-16 21:11:51.619   Successfully installed the file.
2026-08-16 21:11:51.619   -- File entry --
2026-08-16 21:11:51.620   Dest filename: C:\Users\in15\AppData\Local\DriveBackup\_internal\_tcl_data\encoding\iso8859-10.enc
2026-08-16 21:11:51.620   Time stamp of our file: 2026-08-16 21:06:02.000
2026-08-16 21:11:51.620   Dest file exists.
2026-08-16 21:11:51.620   Time stamp of existing file: 2026-08-16 21:06:02.000
2026-08-16 21:11:51.620   Installing the file.
2026-08-16 21:11:51.624   Successfully installed the file.
2026-08-16 21:11:51.624   -- File entry --
2026-08-16 21:11:51.624   Dest filename: C:\Users\in15\AppData\Local\DriveBackup\_internal\_tcl_data\encoding\iso8859-11.enc
2026-08-16 21:11:51.625   Time stamp of our file: 2026-08-16 21:06:02.000
2026-08-16 21:11:51.625   Dest file exists.
2026-08-16 21:11:51.625   Time stamp of existing file: 2026-08-16 21:06:02.000
2026-08-16 21:11:51.625   Installing the file.
2026-08-16 21:11:51.629   Successfully installed the file.
2026-08-16 21:11:51.629   -- File entry --
2026-08-16 21:11:51.629   Dest filename: C:\Users\in15\AppData\Local\DriveBackup\_internal\_tcl_data\encoding\iso8859-13.enc
2026-08-16 21:11:51.630   Time stamp of our file: 2026-08-16 21:06:02.000
2026-08-16 21:11:51.630   Dest file exists.
2026-08-16 21:11:51.630   Time stamp of existing file: 2026-08-16 21:06:02.000
2026-08-16 21:11:51.630   Installing the file.
2026-08-16 21:11:51.636   Successfully installed the file.
2026-08-16 21:11:51.636   -- File entry --
2026-08-16 21:11:51.637   Dest filename: C:\Users\in15\AppData\Local\DriveBackup\_internal\_tcl_data\encoding\iso8859-14.enc
2026-08-16 21:11:51.638   Time stamp of our file: 2026-08-16 21:06:02.000
2026-08-16 21:11:51.638   Dest file exists.
2026-08-16 21:11:51.638   Time stamp of existing file: 2026-08-16 21:06:02.000
2026-08-16 21:11:51.638   Installing the file.
2026-08-16 21:11:51.642   Successfully installed the file.
2026-08-16 21:11:51.642   -- File entry --
2026-08-16 21:11:51.642   Dest filename: C:\Users\in15\AppData\Local\DriveBackup\_internal\_tcl_data\encoding\iso8859-15.enc
2026-08-16 21:11:51.644   Time stamp of our file: 2026-08-16 21:06:02.000
2026-08-16 21:11:51.644   Dest file exists.
2026-08-16 21:11:51.644   Time stamp of existing file: 2026-08-16 21:06:02.000
2026-08-16 21:11:51.644   Installing the file.
2026-08-16 21:11:51.647   Successfully installed the file.
2026-08-16 21:11:51.647   -- File entry --
2026-08-16 21:11:51.647   Dest filename: C:\Users\in15\AppData\Local\DriveBackup\_internal\_tcl_data\encoding\iso8859-16.enc
2026-08-16 21:11:51.647   Time stamp of our file: 2026-08-16 21:06:02.000
2026-08-16 21:11:51.647   Dest file exists.
2026-08-16 21:11:51.647   Time stamp of existing file: 2026-08-16 21:06:02.000
2026-08-16 21:11:51.647   Installing the file.
2026-08-16 21:11:51.656   Successfully installed the file.
2026-08-16 21:11:51.657   -- File entry --
2026-08-16 21:11:51.657   Dest filename: C:\Users\in15\AppData\Local\DriveBackup\_internal\_tcl_data\encoding\iso8859-2.enc
2026-08-16 21:11:51.658   Time stamp of our file: 2026-08-16 21:06:02.000
2026-08-16 21:11:51.658   Dest file exists.
2026-08-16 21:11:51.658   Time stamp of existing file: 2026-08-16 21:06:02.000
2026-08-16 21:11:51.658   Installing the file.
2026-08-16 21:11:51.663   Successfully installed the file.
2026-08-16 21:11:51.663   -- File entry --
2026-08-16 21:11:51.663   Dest filename: C:\Users\in15\AppData\Local\DriveBackup\_internal\_tcl_data\encoding\iso8859-3.enc
2026-08-16 21:11:51.664   Time stamp of our file: 2026-08-16 21:06:02.000
2026-08-16 21:11:51.664   Dest file exists.
2026-08-16 21:11:51.664   Time stamp of existing file: 2026-08-16 21:06:02.000
2026-08-16 21:11:51.665   Installing the file.
2026-08-16 21:11:51.669   Successfully installed the file.
2026-08-16 21:11:51.669   -- File entry --
2026-08-16 21:11:51.669   Dest filename: C:\Users\in15\AppData\Local\DriveBackup\_internal\_tcl_data\encoding\iso8859-4.enc
2026-08-16 21:11:51.670   Time stamp of our file: 2026-08-16 21:06:02.000
2026-08-16 21:11:51.670   Dest file exists.
2026-08-16 21:11:51.670   Time stamp of existing file: 2026-08-16 21:06:02.000
2026-08-16 21:11:51.670   Installing the file.
2026-08-16 21:11:51.675   Successfully installed the file.
2026-08-16 21:11:51.675   -- File entry --
2026-08-16 21:11:51.675   Dest filename: C:\Users\in15\AppData\Local\DriveBackup\_internal\_tcl_data\encoding\iso8859-5.enc
2026-08-16 21:11:51.676   Time stamp of our file: 2026-08-16 21:06:02.000
2026-08-16 21:11:51.676   Dest file exists.
2026-08-16 21:11:51.676   Time stamp of existing file: 2026-08-16 21:06:02.000
2026-08-16 21:11:51.676   Installing the file.
2026-08-16 21:11:51.680   Successfully installed the file.
2026-08-16 21:11:51.680   -- File entry --
2026-08-16 21:11:51.681   Dest filename: C:\Users\in15\AppData\Local\DriveBackup\_internal\_tcl_data\encoding\iso8859-6.enc
2026-08-16 21:11:51.681   Time stamp of our file: 2026-08-16 21:06:02.000
2026-08-16 21:11:51.681   Dest file exists.
2026-08-16 21:11:51.682   Time stamp of existing file: 2026-08-16 21:06:02.000
2026-08-16 21:11:51.682   Installing the file.
2026-08-16 21:11:51.689   Successfully installed the file.
2026-08-16 21:11:51.689   -- File entry --
2026-08-16 21:11:51.691   Dest filename: C:\Users\in15\AppData\Local\DriveBackup\_internal\_tcl_data\encoding\iso8859-7.enc
2026-08-16 21:11:51.692   Time stamp of our file: 2026-08-16 21:06:02.000
2026-08-16 21:11:51.692   Dest file exists.
2026-08-16 21:11:51.692   Time stamp of existing file: 2026-08-16 21:06:02.000
2026-08-16 21:11:51.692   Installing the file.
2026-08-16 21:11:51.697   Successfully installed the file.
2026-08-16 21:11:51.697   -- File entry --
2026-08-16 21:11:51.698   Dest filename: C:\Users\in15\AppData\Local\DriveBackup\_internal\_tcl_data\encoding\iso8859-8.enc
2026-08-16 21:11:51.698   Time stamp of our file: 2026-08-16 21:06:02.000
2026-08-16 21:11:51.698   Dest file exists.
2026-08-16 21:11:51.699   Time stamp of existing file: 2026-08-16 21:06:02.000
2026-08-16 21:11:51.699   Installing the file.
2026-08-16 21:11:51.704   Successfully installed the file.
2026-08-16 21:11:51.704   -- File entry --
2026-08-16 21:11:51.704   Dest filename: C:\Users\in15\AppData\Local\DriveBackup\_internal\_tcl_data\encoding\iso8859-9.enc
2026-08-16 21:11:51.705   Time stamp of our file: 2026-08-16 21:06:02.000
2026-08-16 21:11:51.705   Dest file exists.
2026-08-16 21:11:51.705   Time stamp of existing file: 2026-08-16 21:06:02.000
2026-08-16 21:11:51.706   Installing the file.
2026-08-16 21:11:51.710   Successfully installed the file.
2026-08-16 21:11:51.711   -- File entry --
2026-08-16 21:11:51.711   Dest filename: C:\Users\in15\AppData\Local\DriveBackup\_internal\_tcl_data\encoding\jis0201.enc
2026-08-16 21:11:51.712   Time stamp of our file: 2026-08-16 21:06:02.000
2026-08-16 21:11:51.712   Dest file exists.
2026-08-16 21:11:51.712   Time stamp of existing file: 2026-08-16 21:06:02.000
2026-08-16 21:11:51.712   Installing the file.
2026-08-16 21:11:51.717   Successfully installed the file.
2026-08-16 21:11:51.717   -- File entry --
2026-08-16 21:11:51.717   Dest filename: C:\Users\in15\AppData\Local\DriveBackup\_internal\_tcl_data\encoding\jis0208.enc
2026-08-16 21:11:51.718   Time stamp of our file: 2026-08-16 21:06:02.000
2026-08-16 21:11:51.718   Dest file exists.
2026-08-16 21:11:51.718   Time stamp of existing file: 2026-08-16 21:06:02.000
2026-08-16 21:11:51.718   Installing the file.
2026-08-16 21:11:51.724   Successfully installed the file.
2026-08-16 21:11:51.724   -- File entry --
2026-08-16 21:11:51.724   Dest filename: C:\Users\in15\AppData\Local\DriveBackup\_internal\_tcl_data\encoding\jis0212.enc
2026-08-16 21:11:51.725   Time stamp of our file: 2026-08-16 21:06:02.000
2026-08-16 21:11:51.725   Dest file exists.
2026-08-16 21:11:51.725   Time stamp of existing file: 2026-08-16 21:06:02.000
2026-08-16 21:11:51.725   Installing the file.
2026-08-16 21:11:51.732   Successfully installed the file.
2026-08-16 21:11:51.732   -- File entry --
2026-08-16 21:11:51.733   Dest filename: C:\Users\in15\AppData\Local\DriveBackup\_internal\_tcl_data\encoding\koi8-r.enc
2026-08-16 21:11:51.734   Time stamp of our file: 2026-08-16 21:06:02.000
2026-08-16 21:11:51.734   Dest file exists.
2026-08-16 21:11:51.735   Time stamp of existing file: 2026-08-16 21:06:02.000
2026-08-16 21:11:51.735   Installing the file.
2026-08-16 21:11:51.739   Successfully installed the file.
2026-08-16 21:11:51.739   -- File entry --
2026-08-16 21:11:51.741   Dest filename: C:\Users\in15\AppData\Local\DriveBackup\_internal\_tcl_data\encoding\koi8-ru.enc
2026-08-16 21:11:51.741   Time stamp of our file: 2026-08-16 21:06:02.000
2026-08-16 21:11:51.741   Dest file exists.
2026-08-16 21:11:51.742   Time stamp of existing file: 2026-08-16 21:06:02.000
2026-08-16 21:11:51.742   Installing the file.
2026-08-16 21:11:51.746   Successfully installed the file.
2026-08-16 21:11:51.746   -- File entry --
2026-08-16 21:11:51.747   Dest filename: C:\Users\in15\AppData\Local\DriveBackup\_internal\_tcl_data\encoding\koi8-t.enc
2026-08-16 21:11:51.747   Time stamp of our file: 2026-08-16 21:06:02.000
2026-08-16 21:11:51.747   Dest file exists.
2026-08-16 21:11:51.747   Time stamp of existing file: 2026-08-16 21:06:02.000
2026-08-16 21:11:51.748   Installing the file.
2026-08-16 21:11:51.752   Successfully installed the file.
2026-08-16 21:11:51.752   -- File entry --
2026-08-16 21:11:51.754   Dest filename: C:\Users\in15\AppData\Local\DriveBackup\_internal\_tcl_data\encoding\koi8-u.enc
2026-08-16 21:11:51.754   Time stamp of our file: 2026-08-16 21:06:02.000
2026-08-16 21:11:51.754   Dest file exists.
2026-08-16 21:11:51.754   Time stamp of existing file: 2026-08-16 21:06:02.000
2026-08-16 21:11:51.754   Installing the file.
2026-08-16 21:11:51.759   Successfully installed the file.
2026-08-16 21:11:51.760   -- File entry --
2026-08-16 21:11:51.760   Dest filename: C:\Users\in15\AppData\Local\DriveBackup\_internal\_tcl_data\encoding\ksc5601.enc
2026-08-16 21:11:51.761   Time stamp of our file: 2026-08-16 21:06:02.000
2026-08-16 21:11:51.761   Dest file exists.
2026-08-16 21:11:51.761   Time stamp of existing file: 2026-08-16 21:06:02.000
2026-08-16 21:11:51.761   Installing the file.
2026-08-16 21:11:51.771   Successfully installed the file.
2026-08-16 21:11:51.771   -- File entry --
2026-08-16 21:11:51.771   Dest filename: C:\Users\in15\AppData\Local\DriveBackup\_internal\_tcl_data\encoding\macCentEuro.enc
2026-08-16 21:11:51.772   Time stamp of our file: 2026-08-16 21:06:02.000
2026-08-16 21:11:51.772   Dest file exists.
2026-08-16 21:11:51.772   Time stamp of existing file: 2026-08-16 21:06:02.000
2026-08-16 21:11:51.773   Installing the file.
2026-08-16 21:11:51.777   Successfully installed the file.
2026-08-16 21:11:51.778   -- File entry --
2026-08-16 21:11:51.778   Dest filename: C:\Users\in15\AppData\Local\DriveBackup\_internal\_tcl_data\encoding\macCroatian.enc
2026-08-16 21:11:51.779   Time stamp of our file: 2026-08-16 21:06:02.000
2026-08-16 21:11:51.779   Dest file exists.
2026-08-16 21:11:51.779   Time stamp of existing file: 2026-08-16 21:06:02.000
2026-08-16 21:11:51.779   Installing the file.
2026-08-16 21:11:51.783   Successfully installed the file.
2026-08-16 21:11:51.783   -- File entry --
2026-08-16 21:11:51.784   Dest filename: C:\Users\in15\AppData\Local\DriveBackup\_internal\_tcl_data\encoding\macCyrillic.enc
2026-08-16 21:11:51.784   Time stamp of our file: 2026-08-16 21:06:02.000
2026-08-16 21:11:51.785   Dest file exists.
2026-08-16 21:11:51.785   Time stamp of existing file: 2026-08-16 21:06:02.000
2026-08-16 21:11:51.815   Installing the file.
2026-08-16 21:11:51.824   Successfully installed the file.
2026-08-16 21:11:51.824   -- File entry --
2026-08-16 21:11:51.826   Dest filename: C:\Users\in15\AppData\Local\DriveBackup\_internal\_tcl_data\encoding\macDingbats.enc
2026-08-16 21:11:51.827   Time stamp of our file: 2026-08-16 21:06:02.000
2026-08-16 21:11:51.828   Dest file exists.
2026-08-16 21:11:51.828   Time stamp of existing file: 2026-08-16 21:06:02.000
2026-08-16 21:11:51.828   Installing the file.
2026-08-16 21:11:51.832   Successfully installed the file.
2026-08-16 21:11:51.833   -- File entry --
2026-08-16 21:11:51.833   Dest filename: C:\Users\in15\AppData\Local\DriveBackup\_internal\_tcl_data\encoding\macGreek.enc
2026-08-16 21:11:51.834   Time stamp of our file: 2026-08-16 21:06:02.000
2026-08-16 21:11:51.834   Dest file exists.
2026-08-16 21:11:51.835   Time stamp of existing file: 2026-08-16 21:06:02.000
2026-08-16 21:11:51.835   Installing the file.
2026-08-16 21:11:51.840   Successfully installed the file.
2026-08-16 21:11:51.840   -- File entry --
2026-08-16 21:11:51.841   Dest filename: C:\Users\in15\AppData\Local\DriveBackup\_internal\_tcl_data\encoding\macIceland.enc
2026-08-16 21:11:51.842   Time stamp of our file: 2026-08-16 21:06:02.000
2026-08-16 21:11:51.842   Dest file exists.
2026-08-16 21:11:51.842   Time stamp of existing file: 2026-08-16 21:06:02.000
2026-08-16 21:11:51.843   Installing the file.
2026-08-16 21:11:51.847   Successfully installed the file.
2026-08-16 21:11:51.847   -- File entry --
2026-08-16 21:11:51.848   Dest filename: C:\Users\in15\AppData\Local\DriveBackup\_internal\_tcl_data\encoding\macJapan.enc
2026-08-16 21:11:51.848   Time stamp of our file: 2026-08-16 21:06:02.000
2026-08-16 21:11:51.848   Dest file exists.
2026-08-16 21:11:51.848   Time stamp of existing file: 2026-08-16 21:06:02.000
2026-08-16 21:11:51.849   Installing the file.
2026-08-16 21:11:51.855   Successfully installed the file.
2026-08-16 21:11:51.856   -- File entry --
2026-08-16 21:11:51.856   Dest filename: C:\Users\in15\AppData\Local\DriveBackup\_internal\_tcl_data\encoding\macRoman.enc
2026-08-16 21:11:51.857   Time stamp of our file: 2026-08-16 21:06:02.000
2026-08-16 21:11:51.857   Dest file exists.
2026-08-16 21:11:51.857   Time stamp of existing file: 2026-08-16 21:06:02.000
2026-08-16 21:11:51.857   Installing the file.
2026-08-16 21:11:51.861   Successfully installed the file.
2026-08-16 21:11:51.862   -- File entry --
2026-08-16 21:11:51.862   Dest filename: C:\Users\in15\AppData\Local\DriveBackup\_internal\_tcl_data\encoding\macRomania.enc
2026-08-16 21:11:51.863   Time stamp of our file: 2026-08-16 21:06:02.000
2026-08-16 21:11:51.863   Dest file exists.
2026-08-16 21:11:51.863   Time stamp of existing file: 2026-08-16 21:06:02.000
2026-08-16 21:11:51.863   Installing the file.
2026-08-16 21:11:51.876   Successfully installed the file.
2026-08-16 21:11:51.876   -- File entry --
2026-08-16 21:11:51.877   Dest filename: C:\Users\in15\AppData\Local\DriveBackup\_internal\_tcl_data\encoding\macThai.enc
2026-08-16 21:11:51.877   Time stamp of our file: 2026-08-16 21:06:02.000
2026-08-16 21:11:51.877   Dest file exists.
2026-08-16 21:11:51.877   Time stamp of existing file: 2026-08-16 21:06:02.000
2026-08-16 21:11:51.878   Installing the file.
2026-08-16 21:11:51.882   Successfully installed the file.
2026-08-16 21:11:51.883   -- File entry --
2026-08-16 21:11:51.883   Dest filename: C:\Users\in15\AppData\Local\DriveBackup\_internal\_tcl_data\encoding\macTurkish.enc
2026-08-16 21:11:51.884   Time stamp of our file: 2026-08-16 21:06:02.000
2026-08-16 21:11:51.884   Dest file exists.
2026-08-16 21:11:51.884   Time stamp of existing file: 2026-08-16 21:06:02.000
2026-08-16 21:11:51.884   Installing the file.
2026-08-16 21:11:51.889   Successfully installed the file.
2026-08-16 21:11:51.889   -- File entry --
2026-08-16 21:11:51.889   Dest filename: C:\Users\in15\AppData\Local\DriveBackup\_internal\_tcl_data\encoding\macUkraine.enc
2026-08-16 21:11:51.890   Time stamp of our file: 2026-08-16 21:06:02.000
2026-08-16 21:11:51.890   Dest file exists.
2026-08-16 21:11:51.890   Time stamp of existing file: 2026-08-16 21:06:02.000
2026-08-16 21:11:51.890   Installing the file.
2026-08-16 21:11:51.894   Successfully installed the file.
2026-08-16 21:11:51.895   -- File entry --
2026-08-16 21:11:51.895   Dest filename: C:\Users\in15\AppData\Local\DriveBackup\_internal\_tcl_data\encoding\shiftjis.enc
2026-08-16 21:11:51.896   Time stamp of our file: 2026-08-16 21:06:02.000
2026-08-16 21:11:51.896   Dest file exists.
2026-08-16 21:11:51.896   Time stamp of existing file: 2026-08-16 21:06:02.000
2026-08-16 21:11:51.896   Installing the file.
2026-08-16 21:11:51.906   Successfully installed the file.
2026-08-16 21:11:51.906   -- File entry --
2026-08-16 21:11:51.906   Dest filename: C:\Users\in15\AppData\Local\DriveBackup\_internal\_tcl_data\encoding\symbol.enc
2026-08-16 21:11:51.906   Time stamp of our file: 2026-08-16 21:06:02.000
2026-08-16 21:11:51.906   Dest file exists.
2026-08-16 21:11:51.906   Time stamp of existing file: 2026-08-16 21:06:02.000
2026-08-16 21:11:51.906   Installing the file.
2026-08-16 21:11:51.912   Successfully installed the file.
2026-08-16 21:11:51.912   -- File entry --
2026-08-16 21:11:51.912   Dest filename: C:\Users\in15\AppData\Local\DriveBackup\_internal\_tcl_data\encoding\tis-620.enc
2026-08-16 21:11:51.912   Time stamp of our file: 2026-08-16 21:06:02.000
2026-08-16 21:11:51.912   Dest file exists.
2026-08-16 21:11:51.912   Time stamp of existing file: 2026-08-16 21:06:02.000
2026-08-16 21:11:51.912   Installing the file.
2026-08-16 21:11:51.918   Successfully installed the file.
2026-08-16 21:11:51.918   -- File entry --
2026-08-16 21:11:51.918   Dest filename: C:\Users\in15\AppData\Local\DriveBackup\_internal\_tcl_data\http1.0\http.tcl
2026-08-16 21:11:51.918   Time stamp of our file: 2026-08-16 21:06:02.000
2026-08-16 21:11:51.918   Dest file exists.
2026-08-16 21:11:51.918   Time stamp of existing file: 2026-08-16 21:06:02.000
2026-08-16 21:11:51.918   Installing the file.
2026-08-16 21:11:51.926   Successfully installed the file.
2026-08-16 21:11:51.926   -- File entry --
2026-08-16 21:11:51.926   Dest filename: C:\Users\in15\AppData\Local\DriveBackup\_internal\_tcl_data\http1.0\pkgIndex.tcl
2026-08-16 21:11:51.926   Time stamp of our file: 2026-08-16 21:06:02.000
2026-08-16 21:11:51.926   Dest file exists.
2026-08-16 21:11:51.926   Time stamp of existing file: 2026-08-16 21:06:02.000
2026-08-16 21:11:51.926   Installing the file.
2026-08-16 21:11:51.930   Successfully installed the file.
2026-08-16 21:11:51.930   -- File entry --
2026-08-16 21:11:51.932   Dest filename: C:\Users\in15\AppData\Local\DriveBackup\_internal\_tcl_data\msgs\af.msg
2026-08-16 21:11:51.932   Time stamp of our file: 2026-08-16 21:06:02.000
2026-08-16 21:11:51.932   Dest file exists.
2026-08-16 21:11:51.932   Time stamp of existing file: 2026-08-16 21:06:02.000
2026-08-16 21:11:51.933   Installing the file.
2026-08-16 21:11:51.940   Successfully installed the file.
2026-08-16 21:11:51.940   -- File entry --
2026-08-16 21:11:51.940   Dest filename: C:\Users\in15\AppData\Local\DriveBackup\_internal\_tcl_data\msgs\af_za.msg
2026-08-16 21:11:51.941   Time stamp of our file: 2026-08-16 21:06:02.000
2026-08-16 21:11:51.941   Dest file exists.
2026-08-16 21:11:51.941   Time stamp of existing file: 2026-08-16 21:06:02.000
2026-08-16 21:11:51.941   Installing the file.
2026-08-16 21:11:51.947   Successfully installed the file.
2026-08-16 21:11:51.947   -- File entry --
2026-08-16 21:11:51.948   Dest filename: C:\Users\in15\AppData\Local\DriveBackup\_internal\_tcl_data\msgs\ar.msg
2026-08-16 21:11:51.948   Time stamp of our file: 2026-08-16 21:06:02.000
2026-08-16 21:11:51.949   Dest file exists.
2026-08-16 21:11:51.949   Time stamp of existing file: 2026-08-16 21:06:02.000
2026-08-16 21:11:51.949   Installing the file.
2026-08-16 21:11:51.955   Successfully installed the file.
2026-08-16 21:11:51.955   -- File entry --
2026-08-16 21:11:51.955   Dest filename: C:\Users\in15\AppData\Local\DriveBackup\_internal\_tcl_data\msgs\ar_in.msg
2026-08-16 21:11:51.956   Time stamp of our file: 2026-08-16 21:06:02.000
2026-08-16 21:11:51.956   Dest file exists.
2026-08-16 21:11:51.956   Time stamp of existing file: 2026-08-16 21:06:02.000
2026-08-16 21:11:51.956   Installing the file.
2026-08-16 21:11:51.960   Successfully installed the file.
2026-08-16 21:11:51.960   -- File entry --
2026-08-16 21:11:51.961   Dest filename: C:\Users\in15\AppData\Local\DriveBackup\_internal\_tcl_data\msgs\ar_jo.msg
2026-08-16 21:11:51.961   Time stamp of our file: 2026-08-16 21:06:02.000
2026-08-16 21:11:51.962   Dest file exists.
2026-08-16 21:11:51.962   Time stamp of existing file: 2026-08-16 21:06:02.000
2026-08-16 21:11:51.962   Installing the file.
2026-08-16 21:11:51.966   Successfully installed the file.
2026-08-16 21:11:51.966   -- File entry --
2026-08-16 21:11:51.966   Dest filename: C:\Users\in15\AppData\Local\DriveBackup\_internal\_tcl_data\msgs\ar_lb.msg
2026-08-16 21:11:51.967   Time stamp of our file: 2026-08-16 21:06:02.000
2026-08-16 21:11:51.967   Dest file exists.
2026-08-16 21:11:51.969   Time stamp of existing file: 2026-08-16 21:06:02.000
2026-08-16 21:11:51.969   Installing the file.
2026-08-16 21:11:51.974   Successfully installed the file.
2026-08-16 21:11:51.974   -- File entry --
2026-08-16 21:11:51.974   Dest filename: C:\Users\in15\AppData\Local\DriveBackup\_internal\_tcl_data\msgs\ar_sy.msg
2026-08-16 21:11:51.976   Time stamp of our file: 2026-08-16 21:06:02.000
2026-08-16 21:11:51.976   Dest file exists.
2026-08-16 21:11:51.976   Time stamp of existing file: 2026-08-16 21:06:02.000
2026-08-16 21:11:51.976   Installing the file.
2026-08-16 21:11:51.980   Successfully installed the file.
2026-08-16 21:11:51.980   -- File entry --
2026-08-16 21:11:51.980   Dest filename: C:\Users\in15\AppData\Local\DriveBackup\_internal\_tcl_data\msgs\be.msg
2026-08-16 21:11:51.980   Time stamp of our file: 2026-08-16 21:06:02.000
2026-08-16 21:11:51.980   Dest file exists.
2026-08-16 21:11:51.980   Time stamp of existing file: 2026-08-16 21:06:02.000
2026-08-16 21:11:51.980   Installing the file.
2026-08-16 21:11:51.985   Successfully installed the file.
2026-08-16 21:11:51.985   -- File entry --
2026-08-16 21:11:51.987   Dest filename: C:\Users\in15\AppData\Local\DriveBackup\_internal\_tcl_data\msgs\bg.msg
2026-08-16 21:11:51.987   Time stamp of our file: 2026-08-16 21:06:02.000
2026-08-16 21:11:51.987   Dest file exists.
2026-08-16 21:11:51.987   Time stamp of existing file: 2026-08-16 21:06:02.000
2026-08-16 21:11:51.987   Installing the file.
2026-08-16 21:11:51.993   Successfully installed the file.
2026-08-16 21:11:51.993   -- File entry --
2026-08-16 21:11:51.993   Dest filename: C:\Users\in15\AppData\Local\DriveBackup\_internal\_tcl_data\msgs\bn.msg
2026-08-16 21:11:51.993   Time stamp of our file: 2026-08-16 21:06:02.000
2026-08-16 21:11:51.993   Dest file exists.
2026-08-16 21:11:51.995   Time stamp of existing file: 2026-08-16 21:06:02.000
2026-08-16 21:11:51.995   Installing the file.
2026-08-16 21:11:51.999   Successfully installed the file.
2026-08-16 21:11:51.999   -- File entry --
2026-08-16 21:11:52.000   Dest filename: C:\Users\in15\AppData\Local\DriveBackup\_internal\_tcl_data\msgs\bn_in.msg
2026-08-16 21:11:52.002   Time stamp of our file: 2026-08-16 21:06:02.000
2026-08-16 21:11:52.002   Dest file exists.
2026-08-16 21:11:52.002   Time stamp of existing file: 2026-08-16 21:06:02.000
2026-08-16 21:11:52.002   Installing the file.
2026-08-16 21:11:52.007   Successfully installed the file.
2026-08-16 21:11:52.007   -- File entry --
2026-08-16 21:11:52.008   Dest filename: C:\Users\in15\AppData\Local\DriveBackup\_internal\_tcl_data\msgs\ca.msg
2026-08-16 21:11:52.008   Time stamp of our file: 2026-08-16 21:06:02.000
2026-08-16 21:11:52.008   Dest file exists.
2026-08-16 21:11:52.009   Time stamp of existing file: 2026-08-16 21:06:02.000
2026-08-16 21:11:52.009   Installing the file.
2026-08-16 21:11:52.013   Successfully installed the file.
2026-08-16 21:11:52.014   -- File entry --
2026-08-16 21:11:52.014   Dest filename: C:\Users\in15\AppData\Local\DriveBackup\_internal\_tcl_data\msgs\cs.msg
2026-08-16 21:11:52.015   Time stamp of our file: 2026-08-16 21:06:02.000
2026-08-16 21:11:52.015   Dest file exists.
2026-08-16 21:11:52.015   Time stamp of existing file: 2026-08-16 21:06:02.000
2026-08-16 21:11:52.015   Installing the file.
2026-08-16 21:11:52.020   Successfully installed the file.
2026-08-16 21:11:52.020   -- File entry --
2026-08-16 21:11:52.021   Dest filename: C:\Users\in15\AppData\Local\DriveBackup\_internal\_tcl_data\msgs\da.msg
2026-08-16 21:11:52.022   Time stamp of our file: 2026-08-16 21:06:02.000
2026-08-16 21:11:52.022   Dest file exists.
2026-08-16 21:11:52.022   Time stamp of existing file: 2026-08-16 21:06:02.000
2026-08-16 21:11:52.023   Installing the file.
2026-08-16 21:11:52.027   Successfully installed the file.
2026-08-16 21:11:52.027   -- File entry --
2026-08-16 21:11:52.027   Dest filename: C:\Users\in15\AppData\Local\DriveBackup\_internal\_tcl_data\msgs\de.msg
2026-08-16 21:11:52.029   Time stamp of our file: 2026-08-16 21:06:02.000
2026-08-16 21:11:52.029   Dest file exists.
2026-08-16 21:11:52.029   Time stamp of existing file: 2026-08-16 21:06:02.000
2026-08-16 21:11:52.029   Installing the file.
2026-08-16 21:11:52.033   Successfully installed the file.
2026-08-16 21:11:52.033   -- File entry --
2026-08-16 21:11:52.033   Dest filename: C:\Users\in15\AppData\Local\DriveBackup\_internal\_tcl_data\msgs\de_at.msg
2026-08-16 21:11:52.035   Time stamp of our file: 2026-08-16 21:06:02.000
2026-08-16 21:11:52.035   Dest file exists.
2026-08-16 21:11:52.037   Time stamp of existing file: 2026-08-16 21:06:02.000
2026-08-16 21:11:52.037   Installing the file.
2026-08-16 21:11:52.043   Successfully installed the file.
2026-08-16 21:11:52.043   -- File entry --
2026-08-16 21:11:52.043   Dest filename: C:\Users\in15\AppData\Local\DriveBackup\_internal\_tcl_data\msgs\de_be.msg
2026-08-16 21:11:52.044   Time stamp of our file: 2026-08-16 21:06:02.000
2026-08-16 21:11:52.044   Dest file exists.
2026-08-16 21:11:52.044   Time stamp of existing file: 2026-08-16 21:06:02.000
2026-08-16 21:11:52.044   Installing the file.
2026-08-16 21:11:52.049   Successfully installed the file.
2026-08-16 21:11:52.049   -- File entry --
2026-08-16 21:11:52.050   Dest filename: C:\Users\in15\AppData\Local\DriveBackup\_internal\_tcl_data\msgs\el.msg
2026-08-16 21:11:52.050   Time stamp of our file: 2026-08-16 21:06:02.000
2026-08-16 21:11:52.050   Dest file exists.
2026-08-16 21:11:52.050   Time stamp of existing file: 2026-08-16 21:06:02.000
2026-08-16 21:11:52.051   Installing the file.
2026-08-16 21:11:52.056   Successfully installed the file.
2026-08-16 21:11:52.056   -- File entry --
2026-08-16 21:11:52.056   Dest filename: C:\Users\in15\AppData\Local\DriveBackup\_internal\_tcl_data\msgs\en_au.msg
2026-08-16 21:11:52.057   Time stamp of our file: 2026-08-16 21:06:02.000
2026-08-16 21:11:52.057   Dest file exists.
2026-08-16 21:11:52.057   Time stamp of existing file: 2026-08-16 21:06:02.000
2026-08-16 21:11:52.057   Installing the file.
2026-08-16 21:11:52.061   Successfully installed the file.
2026-08-16 21:11:52.061   -- File entry --
2026-08-16 21:11:52.062   Dest filename: C:\Users\in15\AppData\Local\DriveBackup\_internal\_tcl_data\msgs\en_be.msg
2026-08-16 21:11:52.062   Time stamp of our file: 2026-08-16 21:06:02.000
2026-08-16 21:11:52.062   Dest file exists.
2026-08-16 21:11:52.063   Time stamp of existing file: 2026-08-16 21:06:02.000
2026-08-16 21:11:52.063   Installing the file.
2026-08-16 21:11:52.066   Successfully installed the file.
2026-08-16 21:11:52.066   -- File entry --
2026-08-16 21:11:52.067   Dest filename: C:\Users\in15\AppData\Local\DriveBackup\_internal\_tcl_data\msgs\en_bw.msg
2026-08-16 21:11:52.067   Time stamp of our file: 2026-08-16 21:06:02.000
2026-08-16 21:11:52.067   Dest file exists.
2026-08-16 21:11:52.067   Time stamp of existing file: 2026-08-16 21:06:02.000
2026-08-16 21:11:52.067   Installing the file.
2026-08-16 21:11:52.073   Successfully installed the file.
2026-08-16 21:11:52.074   -- File entry --
2026-08-16 21:11:52.074   Dest filename: C:\Users\in15\AppData\Local\DriveBackup\_internal\_tcl_data\msgs\en_ca.msg
2026-08-16 21:11:52.075   Time stamp of our file: 2026-08-16 21:06:02.000
2026-08-16 21:11:52.075   Dest file exists.
2026-08-16 21:11:52.075   Time stamp of existing file: 2026-08-16 21:06:02.000
2026-08-16 21:11:52.075   Installing the file.
2026-08-16 21:11:52.079   Successfully installed the file.
2026-08-16 21:11:52.079   -- File entry --
2026-08-16 21:11:52.080   Dest filename: C:\Users\in15\AppData\Local\DriveBackup\_internal\_tcl_data\msgs\en_gb.msg
2026-08-16 21:11:52.080   Time stamp of our file: 2026-08-16 21:06:02.000
2026-08-16 21:11:52.080   Dest file exists.
2026-08-16 21:11:52.081   Time stamp of existing file: 2026-08-16 21:06:02.000
2026-08-16 21:11:52.081   Installing the file.
2026-08-16 21:11:52.086   Successfully installed the file.
2026-08-16 21:11:52.086   -- File entry --
2026-08-16 21:11:52.086   Dest filename: C:\Users\in15\AppData\Local\DriveBackup\_internal\_tcl_data\msgs\en_hk.msg
2026-08-16 21:11:52.087   Time stamp of our file: 2026-08-16 21:06:02.000
2026-08-16 21:11:52.087   Dest file exists.
2026-08-16 21:11:52.087   Time stamp of existing file: 2026-08-16 21:06:02.000
2026-08-16 21:11:52.087   Installing the file.
2026-08-16 21:11:52.094   Successfully installed the file.
2026-08-16 21:11:52.094   -- File entry --
2026-08-16 21:11:52.094   Dest filename: C:\Users\in15\AppData\Local\DriveBackup\_internal\_tcl_data\msgs\en_ie.msg
2026-08-16 21:11:52.095   Time stamp of our file: 2026-08-16 21:06:02.000
2026-08-16 21:11:52.095   Dest file exists.
2026-08-16 21:11:52.095   Time stamp of existing file: 2026-08-16 21:06:02.000
2026-08-16 21:11:52.095   Installing the file.
2026-08-16 21:11:52.102   Successfully installed the file.
2026-08-16 21:11:52.102   -- File entry --
2026-08-16 21:11:52.103   Dest filename: C:\Users\in15\AppData\Local\DriveBackup\_internal\_tcl_data\msgs\en_in.msg
2026-08-16 21:11:52.103   Time stamp of our file: 2026-08-16 21:06:02.000
2026-08-16 21:11:52.103   Dest file exists.
2026-08-16 21:11:52.104   Time stamp of existing file: 2026-08-16 21:06:02.000
2026-08-16 21:11:52.104   Installing the file.
2026-08-16 21:11:52.108   Successfully installed the file.
2026-08-16 21:11:52.108   -- File entry --
2026-08-16 21:11:52.108   Dest filename: C:\Users\in15\AppData\Local\DriveBackup\_internal\_tcl_data\msgs\en_nz.msg
2026-08-16 21:11:52.109   Time stamp of our file: 2026-08-16 21:06:02.000
2026-08-16 21:11:52.109   Dest file exists.
2026-08-16 21:11:52.109   Time stamp of existing file: 2026-08-16 21:06:02.000
2026-08-16 21:11:52.109   Installing the file.
2026-08-16 21:11:52.113   Successfully installed the file.
2026-08-16 21:11:52.113   -- File entry --
2026-08-16 21:11:52.114   Dest filename: C:\Users\in15\AppData\Local\DriveBackup\_internal\_tcl_data\msgs\en_ph.msg
2026-08-16 21:11:52.114   Time stamp of our file: 2026-08-16 21:06:02.000
2026-08-16 21:11:52.114   Dest file exists.
2026-08-16 21:11:52.114   Time stamp of existing file: 2026-08-16 21:06:02.000
2026-08-16 21:11:52.114   Installing the file.
2026-08-16 21:11:52.119   Successfully installed the file.
2026-08-16 21:11:52.119   -- File entry --
2026-08-16 21:11:52.119   Dest filename: C:\Users\in15\AppData\Local\DriveBackup\_internal\_tcl_data\msgs\en_sg.msg
2026-08-16 21:11:52.120   Time stamp of our file: 2026-08-16 21:06:02.000
2026-08-16 21:11:52.120   Dest file exists.
2026-08-16 21:11:52.120   Time stamp of existing file: 2026-08-16 21:06:02.000
2026-08-16 21:11:52.120   Installing the file.
2026-08-16 21:11:52.126   Successfully installed the file.
2026-08-16 21:11:52.126   -- File entry --
2026-08-16 21:11:52.126   Dest filename: C:\Users\in15\AppData\Local\DriveBackup\_internal\_tcl_data\msgs\en_za.msg
2026-08-16 21:11:52.126   Time stamp of our file: 2026-08-16 21:06:02.000
2026-08-16 21:11:52.127   Dest file exists.
2026-08-16 21:11:52.127   Time stamp of existing file: 2026-08-16 21:06:02.000
2026-08-16 21:11:52.127   Installing the file.
2026-08-16 21:11:52.130   Successfully installed the file.
2026-08-16 21:11:52.130   -- File entry --
2026-08-16 21:11:52.130   Dest filename: C:\Users\in15\AppData\Local\DriveBackup\_internal\_tcl_data\msgs\en_zw.msg
2026-08-16 21:11:52.131   Time stamp of our file: 2026-08-16 21:06:02.000
2026-08-16 21:11:52.131   Dest file exists.
2026-08-16 21:11:52.131   Time stamp of existing file: 2026-08-16 21:06:02.000
2026-08-16 21:11:52.131   Installing the file.
2026-08-16 21:11:52.135   Successfully installed the file.
2026-08-16 21:11:52.135   -- File entry --
2026-08-16 21:11:52.135   Dest filename: C:\Users\in15\AppData\Local\DriveBackup\_internal\_tcl_data\msgs\eo.msg
2026-08-16 21:11:52.136   Time stamp of our file: 2026-08-16 21:06:02.000
2026-08-16 21:11:52.136   Dest file exists.
2026-08-16 21:11:52.136   Time stamp of existing file: 2026-08-16 21:06:02.000
2026-08-16 21:11:52.136   Installing the file.
2026-08-16 21:11:52.141   Successfully installed the file.
2026-08-16 21:11:52.141   -- File entry --
2026-08-16 21:11:52.142   Dest filename: C:\Users\in15\AppData\Local\DriveBackup\_internal\_tcl_data\msgs\es.msg
2026-08-16 21:11:52.142   Time stamp of our file: 2026-08-16 21:06:02.000
2026-08-16 21:11:52.142   Dest file exists.
2026-08-16 21:11:52.142   Time stamp of existing file: 2026-08-16 21:06:02.000
2026-08-16 21:11:52.142   Installing the file.
2026-08-16 21:11:52.146   Successfully installed the file.
2026-08-16 21:11:52.146   -- File entry --
2026-08-16 21:11:52.147   Dest filename: C:\Users\in15\AppData\Local\DriveBackup\_internal\_tcl_data\msgs\es_ar.msg
2026-08-16 21:11:52.147   Time stamp of our file: 2026-08-16 21:06:02.000
2026-08-16 21:11:52.147   Dest file exists.
2026-08-16 21:11:52.148   Time stamp of existing file: 2026-08-16 21:06:02.000
2026-08-16 21:11:52.148   Installing the file.
2026-08-16 21:11:52.151   Successfully installed the file.
2026-08-16 21:11:52.151   -- File entry --
2026-08-16 21:11:52.152   Dest filename: C:\Users\in15\AppData\Local\DriveBackup\_internal\_tcl_data\msgs\es_bo.msg
2026-08-16 21:11:52.152   Time stamp of our file: 2026-08-16 21:06:02.000
2026-08-16 21:11:52.152   Dest file exists.
2026-08-16 21:11:52.153   Time stamp of existing file: 2026-08-16 21:06:02.000
2026-08-16 21:11:52.153   Installing the file.
2026-08-16 21:11:52.156   Successfully installed the file.
2026-08-16 21:11:52.156   -- File entry --
2026-08-16 21:11:52.157   Dest filename: C:\Users\in15\AppData\Local\DriveBackup\_internal\_tcl_data\msgs\es_cl.msg
2026-08-16 21:11:52.157   Time stamp of our file: 2026-08-16 21:06:02.000
2026-08-16 21:11:52.157   Dest file exists.
2026-08-16 21:11:52.157   Time stamp of existing file: 2026-08-16 21:06:02.000
2026-08-16 21:11:52.157   Installing the file.
2026-08-16 21:11:52.161   Successfully installed the file.
2026-08-16 21:11:52.161   -- File entry --
2026-08-16 21:11:52.162   Dest filename: C:\Users\in15\AppData\Local\DriveBackup\_internal\_tcl_data\msgs\es_co.msg
2026-08-16 21:11:52.162   Time stamp of our file: 2026-08-16 21:06:02.000
2026-08-16 21:11:52.162   Dest file exists.
2026-08-16 21:11:52.162   Time stamp of existing file: 2026-08-16 21:06:02.000
2026-08-16 21:11:52.162   Installing the file.
2026-08-16 21:11:52.165   Successfully installed the file.
2026-08-16 21:11:52.165   -- File entry --
2026-08-16 21:11:52.166   Dest filename: C:\Users\in15\AppData\Local\DriveBackup\_internal\_tcl_data\msgs\es_cr.msg
2026-08-16 21:11:52.167   Time stamp of our file: 2026-08-16 21:06:02.000
2026-08-16 21:11:52.167   Dest file exists.
2026-08-16 21:11:52.167   Time stamp of existing file: 2026-08-16 21:06:02.000
2026-08-16 21:11:52.167   Installing the file.
2026-08-16 21:11:52.170   Successfully installed the file.
2026-08-16 21:11:52.170   -- File entry --
2026-08-16 21:11:52.172   Dest filename: C:\Users\in15\AppData\Local\DriveBackup\_internal\_tcl_data\msgs\es_do.msg
2026-08-16 21:11:52.172   Time stamp of our file: 2026-08-16 21:06:02.000
2026-08-16 21:11:52.172   Dest file exists.
2026-08-16 21:11:52.172   Time stamp of existing file: 2026-08-16 21:06:02.000
2026-08-16 21:11:52.172   Installing the file.
2026-08-16 21:11:52.174   Successfully installed the file.
2026-08-16 21:11:52.174   -- File entry --
2026-08-16 21:11:52.178   Dest filename: C:\Users\in15\AppData\Local\DriveBackup\_internal\_tcl_data\msgs\es_ec.msg
2026-08-16 21:11:52.178   Time stamp of our file: 2026-08-16 21:06:02.000
2026-08-16 21:11:52.178   Dest file exists.
2026-08-16 21:11:52.178   Time stamp of existing file: 2026-08-16 21:06:02.000
2026-08-16 21:11:52.178   Installing the file.
2026-08-16 21:11:52.182   Successfully installed the file.
2026-08-16 21:11:52.182   -- File entry --
2026-08-16 21:11:52.184   Dest filename: C:\Users\in15\AppData\Local\DriveBackup\_internal\_tcl_data\msgs\es_gt.msg
2026-08-16 21:11:52.184   Time stamp of our file: 2026-08-16 21:06:02.000
2026-08-16 21:11:52.184   Dest file exists.
2026-08-16 21:11:52.184   Time stamp of existing file: 2026-08-16 21:06:02.000
2026-08-16 21:11:52.184   Installing the file.
2026-08-16 21:11:52.186   Successfully installed the file.
2026-08-16 21:11:52.186   -- File entry --
2026-08-16 21:11:52.186   Dest filename: C:\Users\in15\AppData\Local\DriveBackup\_internal\_tcl_data\msgs\es_hn.msg
2026-08-16 21:11:52.186   Time stamp of our file: 2026-08-16 21:06:02.000
2026-08-16 21:11:52.186   Dest file exists.
2026-08-16 21:11:52.186   Time stamp of existing file: 2026-08-16 21:06:02.000
2026-08-16 21:11:52.186   Installing the file.
2026-08-16 21:11:52.186   Successfully installed the file.
2026-08-16 21:11:52.186   -- File entry --
2026-08-16 21:11:52.186   Dest filename: C:\Users\in15\AppData\Local\DriveBackup\_internal\_tcl_data\msgs\es_mx.msg
2026-08-16 21:11:52.186   Time stamp of our file: 2026-08-16 21:06:02.000
2026-08-16 21:11:52.186   Dest file exists.
2026-08-16 21:11:52.186   Time stamp of existing file: 2026-08-16 21:06:02.000
2026-08-16 21:11:52.186   Installing the file.
2026-08-16 21:11:52.200   Successfully installed the file.
2026-08-16 21:11:52.200   -- File entry --
2026-08-16 21:11:52.201   Dest filename: C:\Users\in15\AppData\Local\DriveBackup\_internal\_tcl_data\msgs\es_ni.msg
2026-08-16 21:11:52.202   Time stamp of our file: 2026-08-16 21:06:02.000
2026-08-16 21:11:52.202   Dest file exists.
2026-08-16 21:11:52.202   Time stamp of existing file: 2026-08-16 21:06:02.000
2026-08-16 21:11:52.202   Installing the file.
2026-08-16 21:11:52.206   Successfully installed the file.
2026-08-16 21:11:52.206   -- File entry --
2026-08-16 21:11:52.207   Dest filename: C:\Users\in15\AppData\Local\DriveBackup\_internal\_tcl_data\msgs\es_pa.msg
2026-08-16 21:11:52.207   Time stamp of our file: 2026-08-16 21:06:02.000
2026-08-16 21:11:52.207   Dest file exists.
2026-08-16 21:11:52.207   Time stamp of existing file: 2026-08-16 21:06:02.000
2026-08-16 21:11:52.207   Installing the file.
2026-08-16 21:11:52.211   Successfully installed the file.
2026-08-16 21:11:52.211   -- File entry --
2026-08-16 21:11:52.212   Dest filename: C:\Users\in15\AppData\Local\DriveBackup\_internal\_tcl_data\msgs\es_pe.msg
2026-08-16 21:11:52.212   Time stamp of our file: 2026-08-16 21:06:02.000
2026-08-16 21:11:52.212   Dest file exists.
2026-08-16 21:11:52.212   Time stamp of existing file: 2026-08-16 21:06:02.000
2026-08-16 21:11:52.212   Installing the file.
2026-08-16 21:11:52.216   Successfully installed the file.
2026-08-16 21:11:52.216   -- File entry --
2026-08-16 21:11:52.216   Dest filename: C:\Users\in15\AppData\Local\DriveBackup\_internal\_tcl_data\msgs\es_pr.msg
2026-08-16 21:11:52.217   Time stamp of our file: 2026-08-16 21:06:02.000
2026-08-16 21:11:52.217   Dest file exists.
2026-08-16 21:11:52.217   Time stamp of existing file: 2026-08-16 21:06:02.000
2026-08-16 21:11:52.217   Installing the file.
2026-08-16 21:11:52.221   Successfully installed the file.
2026-08-16 21:11:52.221   -- File entry --
2026-08-16 21:11:52.222   Dest filename: C:\Users\in15\AppData\Local\DriveBackup\_internal\_tcl_data\msgs\es_py.msg
2026-08-16 21:11:52.223   Time stamp of our file: 2026-08-16 21:06:02.000
2026-08-16 21:11:52.223   Dest file exists.
2026-08-16 21:11:52.223   Time stamp of existing file: 2026-08-16 21:06:02.000
2026-08-16 21:11:52.223   Installing the file.
2026-08-16 21:11:52.227   Successfully installed the file.
2026-08-16 21:11:52.227   -- File entry --
2026-08-16 21:11:52.227   Dest filename: C:\Users\in15\AppData\Local\DriveBackup\_internal\_tcl_data\msgs\es_sv.msg
2026-08-16 21:11:52.229   Time stamp of our file: 2026-08-16 21:06:02.000
2026-08-16 21:11:52.229   Dest file exists.
2026-08-16 21:11:52.229   Time stamp of existing file: 2026-08-16 21:06:02.000
2026-08-16 21:11:52.229   Installing the file.
2026-08-16 21:11:52.233   Successfully installed the file.
2026-08-16 21:11:52.233   -- File entry --
2026-08-16 21:11:52.233   Dest filename: C:\Users\in15\AppData\Local\DriveBackup\_internal\_tcl_data\msgs\es_uy.msg
2026-08-16 21:11:52.233   Time stamp of our file: 2026-08-16 21:06:02.000
2026-08-16 21:11:52.233   Dest file exists.
2026-08-16 21:11:52.233   Time stamp of existing file: 2026-08-16 21:06:02.000
2026-08-16 21:11:52.233   Installing the file.
2026-08-16 21:11:52.239   Successfully installed the file.
2026-08-16 21:11:52.239   -- File entry --
2026-08-16 21:11:52.239   Dest filename: C:\Users\in15\AppData\Local\DriveBackup\_internal\_tcl_data\msgs\es_ve.msg
2026-08-16 21:11:52.240   Time stamp of our file: 2026-08-16 21:06:02.000
2026-08-16 21:11:52.240   Dest file exists.
2026-08-16 21:11:52.240   Time stamp of existing file: 2026-08-16 21:06:02.000
2026-08-16 21:11:52.240   Installing the file.
2026-08-16 21:11:52.244   Successfully installed the file.
2026-08-16 21:11:52.245   -- File entry --
2026-08-16 21:11:52.245   Dest filename: C:\Users\in15\AppData\Local\DriveBackup\_internal\_tcl_data\msgs\et.msg
2026-08-16 21:11:52.245   Time stamp of our file: 2026-08-16 21:06:02.000
2026-08-16 21:11:52.245   Dest file exists.
2026-08-16 21:11:52.246   Time stamp of existing file: 2026-08-16 21:06:02.000
2026-08-16 21:11:52.246   Installing the file.
2026-08-16 21:11:52.249   Successfully installed the file.
2026-08-16 21:11:52.250   -- File entry --
2026-08-16 21:11:52.250   Dest filename: C:\Users\in15\AppData\Local\DriveBackup\_internal\_tcl_data\msgs\eu.msg
2026-08-16 21:11:52.250   Time stamp of our file: 2026-08-16 21:06:02.000
2026-08-16 21:11:52.250   Dest file exists.
2026-08-16 21:11:52.251   Time stamp of existing file: 2026-08-16 21:06:02.000
2026-08-16 21:11:52.251   Installing the file.
2026-08-16 21:11:52.254   Successfully installed the file.
2026-08-16 21:11:52.254   -- File entry --
2026-08-16 21:11:52.254   Dest filename: C:\Users\in15\AppData\Local\DriveBackup\_internal\_tcl_data\msgs\eu_es.msg
2026-08-16 21:11:52.255   Time stamp of our file: 2026-08-16 21:06:02.000
2026-08-16 21:11:52.255   Dest file exists.
2026-08-16 21:11:52.255   Time stamp of existing file: 2026-08-16 21:06:02.000
2026-08-16 21:11:52.255   Installing the file.
2026-08-16 21:11:52.259   Successfully installed the file.
2026-08-16 21:11:52.259   -- File entry --
2026-08-16 21:11:52.259   Dest filename: C:\Users\in15\AppData\Local\DriveBackup\_internal\_tcl_data\msgs\fa.msg
2026-08-16 21:11:52.260   Time stamp of our file: 2026-08-16 21:06:02.000
2026-08-16 21:11:52.260   Dest file exists.
2026-08-16 21:11:52.260   Time stamp of existing file: 2026-08-16 21:06:02.000
2026-08-16 21:11:52.260   Installing the file.
2026-08-16 21:11:52.264   Successfully installed the file.
2026-08-16 21:11:52.264   -- File entry --
2026-08-16 21:11:52.264   Dest filename: C:\Users\in15\AppData\Local\DriveBackup\_internal\_tcl_data\msgs\fa_in.msg
2026-08-16 21:11:52.265   Time stamp of our file: 2026-08-16 21:06:02.000
2026-08-16 21:11:52.265   Dest file exists.
2026-08-16 21:11:52.265   Time stamp of existing file: 2026-08-16 21:06:02.000
2026-08-16 21:11:52.265   Installing the file.
2026-08-16 21:11:52.270   Successfully installed the file.
2026-08-16 21:11:52.270   -- File entry --
2026-08-16 21:11:52.270   Dest filename: C:\Users\in15\AppData\Local\DriveBackup\_internal\_tcl_data\msgs\fa_ir.msg
2026-08-16 21:11:52.272   Time stamp of our file: 2026-08-16 21:06:02.000
2026-08-16 21:11:52.272   Dest file exists.
2026-08-16 21:11:52.272   Time stamp of existing file: 2026-08-16 21:06:02.000
2026-08-16 21:11:52.272   Installing the file.
2026-08-16 21:11:52.276   Successfully installed the file.
2026-08-16 21:11:52.276   -- File entry --
2026-08-16 21:11:52.276   Dest filename: C:\Users\in15\AppData\Local\DriveBackup\_internal\_tcl_data\msgs\fi.msg
2026-08-16 21:11:52.276   Time stamp of our file: 2026-08-16 21:06:02.000
2026-08-16 21:11:52.276   Dest file exists.
2026-08-16 21:11:52.276   Time stamp of existing file: 2026-08-16 21:06:02.000
2026-08-16 21:11:52.276   Installing the file.
2026-08-16 21:11:52.281   Successfully installed the file.
2026-08-16 21:11:52.281   -- File entry --
2026-08-16 21:11:52.281   Dest filename: C:\Users\in15\AppData\Local\DriveBackup\_internal\_tcl_data\msgs\fo.msg
2026-08-16 21:11:52.281   Time stamp of our file: 2026-08-16 21:06:02.000
2026-08-16 21:11:52.281   Dest file exists.
2026-08-16 21:11:52.283   Time stamp of existing file: 2026-08-16 21:06:02.000
2026-08-16 21:11:52.283   Installing the file.
2026-08-16 21:11:52.289   Successfully installed the file.
2026-08-16 21:11:52.289   -- File entry --
2026-08-16 21:11:52.289   Dest filename: C:\Users\in15\AppData\Local\DriveBackup\_internal\_tcl_data\msgs\fo_fo.msg
2026-08-16 21:11:52.291   Time stamp of our file: 2026-08-16 21:06:02.000
2026-08-16 21:11:52.291   Dest file exists.
2026-08-16 21:11:52.291   Time stamp of existing file: 2026-08-16 21:06:02.000
2026-08-16 21:11:52.291   Installing the file.
2026-08-16 21:11:52.293   Successfully installed the file.
2026-08-16 21:11:52.293   -- File entry --
2026-08-16 21:11:52.293   Dest filename: C:\Users\in15\AppData\Local\DriveBackup\_internal\_tcl_data\msgs\fr.msg
2026-08-16 21:11:52.293   Time stamp of our file: 2026-08-16 21:06:02.000
2026-08-16 21:11:52.293   Dest file exists.
2026-08-16 21:11:52.293   Time stamp of existing file: 2026-08-16 21:06:02.000
2026-08-16 21:11:52.293   Installing the file.
2026-08-16 21:11:52.304   Successfully installed the file.
2026-08-16 21:11:52.304   -- File entry --
2026-08-16 21:11:52.304   Dest filename: C:\Users\in15\AppData\Local\DriveBackup\_internal\_tcl_data\msgs\fr_be.msg
2026-08-16 21:11:52.305   Time stamp of our file: 2026-08-16 21:06:02.000
2026-08-16 21:11:52.305   Dest file exists.
2026-08-16 21:11:52.305   Time stamp of existing file: 2026-08-16 21:06:02.000
2026-08-16 21:11:52.305   Installing the file.
2026-08-16 21:11:52.310   Successfully installed the file.
2026-08-16 21:11:52.310   -- File entry --
2026-08-16 21:11:52.310   Dest filename: C:\Users\in15\AppData\Local\DriveBackup\_internal\_tcl_data\msgs\fr_ca.msg
2026-08-16 21:11:52.311   Time stamp of our file: 2026-08-16 21:06:02.000
2026-08-16 21:11:52.311   Dest file exists.
2026-08-16 21:11:52.311   Time stamp of existing file: 2026-08-16 21:06:02.000
2026-08-16 21:11:52.311   Installing the file.
2026-08-16 21:11:52.315   Successfully installed the file.
2026-08-16 21:11:52.315   -- File entry --
2026-08-16 21:11:52.316   Dest filename: C:\Users\in15\AppData\Local\DriveBackup\_internal\_tcl_data\msgs\fr_ch.msg
2026-08-16 21:11:52.316   Time stamp of our file: 2026-08-16 21:06:02.000
2026-08-16 21:11:52.316   Dest file exists.
2026-08-16 21:11:52.316   Time stamp of existing file: 2026-08-16 21:06:02.000
2026-08-16 21:11:52.316   Installing the file.
2026-08-16 21:11:52.322   Successfully installed the file.
2026-08-16 21:11:52.323   -- File entry --
2026-08-16 21:11:52.323   Dest filename: C:\Users\in15\AppData\Local\DriveBackup\_internal\_tcl_data\msgs\ga.msg
2026-08-16 21:11:52.323   Time stamp of our file: 2026-08-16 21:06:02.000
2026-08-16 21:11:52.323   Dest file exists.
2026-08-16 21:11:52.323   Time stamp of existing file: 2026-08-16 21:06:02.000
2026-08-16 21:11:52.323   Installing the file.
2026-08-16 21:11:52.325   Successfully installed the file.
2026-08-16 21:11:52.325   -- File entry --
2026-08-16 21:11:52.325   Dest filename: C:\Users\in15\AppData\Local\DriveBackup\_internal\_tcl_data\msgs\ga_ie.msg
2026-08-16 21:11:52.325   Time stamp of our file: 2026-08-16 21:06:02.000
2026-08-16 21:11:52.325   Dest file exists.
2026-08-16 21:11:52.325   Time stamp of existing file: 2026-08-16 21:06:02.000
2026-08-16 21:11:52.325   Installing the file.
2026-08-16 21:11:52.333   Successfully installed the file.
2026-08-16 21:11:52.333   -- File entry --
2026-08-16 21:11:52.334   Dest filename: C:\Users\in15\AppData\Local\DriveBackup\_internal\_tcl_data\msgs\gl.msg
2026-08-16 21:11:52.335   Time stamp of our file: 2026-08-16 21:06:02.000
2026-08-16 21:11:52.335   Dest file exists.
2026-08-16 21:11:52.335   Time stamp of existing file: 2026-08-16 21:06:02.000
2026-08-16 21:11:52.335   Installing the file.
2026-08-16 21:11:52.341   Successfully installed the file.
2026-08-16 21:11:52.341   -- File entry --
2026-08-16 21:11:52.341   Dest filename: C:\Users\in15\AppData\Local\DriveBackup\_internal\_tcl_data\msgs\gl_es.msg
2026-08-16 21:11:52.342   Time stamp of our file: 2026-08-16 21:06:02.000
2026-08-16 21:11:52.342   Dest file exists.
2026-08-16 21:11:52.342   Time stamp of existing file: 2026-08-16 21:06:02.000
2026-08-16 21:11:52.342   Installing the file.
2026-08-16 21:11:52.346   Successfully installed the file.
2026-08-16 21:11:52.346   -- File entry --
2026-08-16 21:11:52.346   Dest filename: C:\Users\in15\AppData\Local\DriveBackup\_internal\_tcl_data\msgs\gv.msg
2026-08-16 21:11:52.347   Time stamp of our file: 2026-08-16 21:06:02.000
2026-08-16 21:11:52.347   Dest file exists.
2026-08-16 21:11:52.347   Time stamp of existing file: 2026-08-16 21:06:02.000
2026-08-16 21:11:52.347   Installing the file.
2026-08-16 21:11:52.351   Successfully installed the file.
2026-08-16 21:11:52.351   -- File entry --
2026-08-16 21:11:52.353   Dest filename: C:\Users\in15\AppData\Local\DriveBackup\_internal\_tcl_data\msgs\gv_gb.msg
2026-08-16 21:11:52.354   Time stamp of our file: 2026-08-16 21:06:02.000
2026-08-16 21:11:52.354   Dest file exists.
2026-08-16 21:11:52.354   Time stamp of existing file: 2026-08-16 21:06:02.000
2026-08-16 21:11:52.354   Installing the file.
2026-08-16 21:11:52.360   Successfully installed the file.
2026-08-16 21:11:52.361   -- File entry --
2026-08-16 21:11:52.361   Dest filename: C:\Users\in15\AppData\Local\DriveBackup\_internal\_tcl_data\msgs\he.msg
2026-08-16 21:11:52.362   Time stamp of our file: 2026-08-16 21:06:02.000
2026-08-16 21:11:52.362   Dest file exists.
2026-08-16 21:11:52.362   Time stamp of existing file: 2026-08-16 21:06:02.000
2026-08-16 21:11:52.362   Installing the file.
2026-08-16 21:11:52.372   Successfully installed the file.
2026-08-16 21:11:52.372   -- File entry --
2026-08-16 21:11:52.372   Dest filename: C:\Users\in15\AppData\Local\DriveBackup\_internal\_tcl_data\msgs\hi.msg
2026-08-16 21:11:52.374   Time stamp of our file: 2026-08-16 21:06:02.000
2026-08-16 21:11:52.374   Dest file exists.
2026-08-16 21:11:52.375   Time stamp of existing file: 2026-08-16 21:06:02.000
2026-08-16 21:11:52.375   Installing the file.
2026-08-16 21:11:52.378   Successfully installed the file.
2026-08-16 21:11:52.378   -- File entry --
2026-08-16 21:11:52.378   Dest filename: C:\Users\in15\AppData\Local\DriveBackup\_internal\_tcl_data\msgs\hi_in.msg
2026-08-16 21:11:52.378   Time stamp of our file: 2026-08-16 21:06:02.000
2026-08-16 21:11:52.378   Dest file exists.
2026-08-16 21:11:52.382   Time stamp of existing file: 2026-08-16 21:06:02.000
2026-08-16 21:11:52.382   Installing the file.
2026-08-16 21:11:52.387   Successfully installed the file.
2026-08-16 21:11:52.387   -- File entry --
2026-08-16 21:11:52.388   Dest filename: C:\Users\in15\AppData\Local\DriveBackup\_internal\_tcl_data\msgs\hr.msg
2026-08-16 21:11:52.388   Time stamp of our file: 2026-08-16 21:06:02.000
2026-08-16 21:11:52.388   Dest file exists.
2026-08-16 21:11:52.389   Time stamp of existing file: 2026-08-16 21:06:02.000
2026-08-16 21:11:52.389   Installing the file.
2026-08-16 21:11:52.395   Successfully installed the file.
2026-08-16 21:11:52.395   -- File entry --
2026-08-16 21:11:52.395   Dest filename: C:\Users\in15\AppData\Local\DriveBackup\_internal\_tcl_data\msgs\hu.msg
2026-08-16 21:11:52.396   Time stamp of our file: 2026-08-16 21:06:02.000
2026-08-16 21:11:52.396   Dest file exists.
2026-08-16 21:11:52.396   Time stamp of existing file: 2026-08-16 21:06:02.000
2026-08-16 21:11:52.396   Installing the file.
2026-08-16 21:11:52.400   Successfully installed the file.
2026-08-16 21:11:52.400   -- File entry --
2026-08-16 21:11:52.401   Dest filename: C:\Users\in15\AppData\Local\DriveBackup\_internal\_tcl_data\msgs\id.msg
2026-08-16 21:11:52.402   Time stamp of our file: 2026-08-16 21:06:02.000
2026-08-16 21:11:52.402   Dest file exists.
2026-08-16 21:11:52.402   Time stamp of existing file: 2026-08-16 21:06:02.000
2026-08-16 21:11:52.402   Installing the file.
2026-08-16 21:11:52.406   Successfully installed the file.
2026-08-16 21:11:52.406   -- File entry --
2026-08-16 21:11:52.407   Dest filename: C:\Users\in15\AppData\Local\DriveBackup\_internal\_tcl_data\msgs\id_id.msg
2026-08-16 21:11:52.407   Time stamp of our file: 2026-08-16 21:06:02.000
2026-08-16 21:11:52.407   Dest file exists.
2026-08-16 21:11:52.408   Time stamp of existing file: 2026-08-16 21:06:02.000
2026-08-16 21:11:52.408   Installing the file.
2026-08-16 21:11:52.412   Successfully installed the file.
2026-08-16 21:11:52.412   -- File entry --
2026-08-16 21:11:52.413   Dest filename: C:\Users\in15\AppData\Local\DriveBackup\_internal\_tcl_data\msgs\is.msg
2026-08-16 21:11:52.413   Time stamp of our file: 2026-08-16 21:06:02.000
2026-08-16 21:11:52.413   Dest file exists.
2026-08-16 21:11:52.413   Time stamp of existing file: 2026-08-16 21:06:02.000
2026-08-16 21:11:52.414   Installing the file.
2026-08-16 21:11:52.417   Successfully installed the file.
2026-08-16 21:11:52.418   -- File entry --
2026-08-16 21:11:52.420   Dest filename: C:\Users\in15\AppData\Local\DriveBackup\_internal\_tcl_data\msgs\it.msg
2026-08-16 21:11:52.420   Time stamp of our file: 2026-08-16 21:06:02.000
2026-08-16 21:11:52.420   Dest file exists.
2026-08-16 21:11:52.420   Time stamp of existing file: 2026-08-16 21:06:02.000
2026-08-16 21:11:52.420   Installing the file.
2026-08-16 21:11:52.426   Successfully installed the file.
2026-08-16 21:11:52.426   -- File entry --
2026-08-16 21:11:52.426   Dest filename: C:\Users\in15\AppData\Local\DriveBackup\_internal\_tcl_data\msgs\it_ch.msg
2026-08-16 21:11:52.426   Time stamp of our file: 2026-08-16 21:06:02.000
2026-08-16 21:11:52.426   Dest file exists.
2026-08-16 21:11:52.426   Time stamp of existing file: 2026-08-16 21:06:02.000
2026-08-16 21:11:52.426   Installing the file.
2026-08-16 21:11:52.431   Successfully installed the file.
2026-08-16 21:11:52.431   -- File entry --
2026-08-16 21:11:52.433   Dest filename: C:\Users\in15\AppData\Local\DriveBackup\_internal\_tcl_data\msgs\ja.msg
2026-08-16 21:11:52.433   Time stamp of our file: 2026-08-16 21:06:02.000
2026-08-16 21:11:52.433   Dest file exists.
2026-08-16 21:11:52.433   Time stamp of existing file: 2026-08-16 21:06:02.000
2026-08-16 21:11:52.434   Installing the file.
2026-08-16 21:11:52.441   Successfully installed the file.
2026-08-16 21:11:52.441   -- File entry --
2026-08-16 21:11:52.442   Dest filename: C:\Users\in15\AppData\Local\DriveBackup\_internal\_tcl_data\msgs\kl.msg
2026-08-16 21:11:52.442   Time stamp of our file: 2026-08-16 21:06:02.000
2026-08-16 21:11:52.442   Dest file exists.
2026-08-16 21:11:52.442   Time stamp of existing file: 2026-08-16 21:06:02.000
2026-08-16 21:11:52.443   Installing the file.
2026-08-16 21:11:52.448   Successfully installed the file.
2026-08-16 21:11:52.448   -- File entry --
2026-08-16 21:11:52.449   Dest filename: C:\Users\in15\AppData\Local\DriveBackup\_internal\_tcl_data\msgs\kl_gl.msg
2026-08-16 21:11:52.449   Time stamp of our file: 2026-08-16 21:06:02.000
2026-08-16 21:11:52.449   Dest file exists.
2026-08-16 21:11:52.450   Time stamp of existing file: 2026-08-16 21:06:02.000
2026-08-16 21:11:52.450   Installing the file.
2026-08-16 21:11:52.456   Successfully installed the file.
2026-08-16 21:11:52.458   -- File entry --
2026-08-16 21:11:52.458   Dest filename: C:\Users\in15\AppData\Local\DriveBackup\_internal\_tcl_data\msgs\ko.msg
2026-08-16 21:11:52.458   Time stamp of our file: 2026-08-16 21:06:02.000
2026-08-16 21:11:52.460   Dest file exists.
2026-08-16 21:11:52.460   Time stamp of existing file: 2026-08-16 21:06:02.000
2026-08-16 21:11:52.460   Installing the file.
2026-08-16 21:11:52.464   Successfully installed the file.
2026-08-16 21:11:52.464   -- File entry --
2026-08-16 21:11:52.466   Dest filename: C:\Users\in15\AppData\Local\DriveBackup\_internal\_tcl_data\msgs\kok.msg
2026-08-16 21:11:52.467   Time stamp of our file: 2026-08-16 21:06:02.000
2026-08-16 21:11:52.467   Dest file exists.
2026-08-16 21:11:52.467   Time stamp of existing file: 2026-08-16 21:06:02.000
2026-08-16 21:11:52.467   Installing the file.
2026-08-16 21:11:52.473   Successfully installed the file.
2026-08-16 21:11:52.473   -- File entry --
2026-08-16 21:11:52.473   Dest filename: C:\Users\in15\AppData\Local\DriveBackup\_internal\_tcl_data\msgs\kok_in.msg
2026-08-16 21:11:52.474   Time stamp of our file: 2026-08-16 21:06:02.000
2026-08-16 21:11:52.474   Dest file exists.
2026-08-16 21:11:52.474   Time stamp of existing file: 2026-08-16 21:06:02.000
2026-08-16 21:11:52.474   Installing the file.
2026-08-16 21:11:52.478   Successfully installed the file.
2026-08-16 21:11:52.478   -- File entry --
2026-08-16 21:11:52.480   Dest filename: C:\Users\in15\AppData\Local\DriveBackup\_internal\_tcl_data\msgs\ko_kr.msg
2026-08-16 21:11:52.480   Time stamp of our file: 2026-08-16 21:06:02.000
2026-08-16 21:11:52.480   Dest file exists.
2026-08-16 21:11:52.480   Time stamp of existing file: 2026-08-16 21:06:02.000
2026-08-16 21:11:52.480   Installing the file.
2026-08-16 21:11:52.492   Successfully installed the file.
2026-08-16 21:11:52.493   -- File entry --
2026-08-16 21:11:52.493   Dest filename: C:\Users\in15\AppData\Local\DriveBackup\_internal\_tcl_data\msgs\kw.msg
2026-08-16 21:11:52.494   Time stamp of our file: 2026-08-16 21:06:02.000
2026-08-16 21:11:52.494   Dest file exists.
2026-08-16 21:11:52.494   Time stamp of existing file: 2026-08-16 21:06:02.000
2026-08-16 21:11:52.495   Installing the file.
2026-08-16 21:11:52.499   Successfully installed the file.
2026-08-16 21:11:52.499   -- File entry --
2026-08-16 21:11:52.504   Dest filename: C:\Users\in15\AppData\Local\DriveBackup\_internal\_tcl_data\msgs\kw_gb.msg
2026-08-16 21:11:52.504   Time stamp of our file: 2026-08-16 21:06:02.000
2026-08-16 21:11:52.504   Dest file exists.
2026-08-16 21:11:52.505   Time stamp of existing file: 2026-08-16 21:06:02.000
2026-08-16 21:11:52.505   Installing the file.
2026-08-16 21:11:52.509   Successfully installed the file.
2026-08-16 21:11:52.509   -- File entry --
2026-08-16 21:11:52.511   Dest filename: C:\Users\in15\AppData\Local\DriveBackup\_internal\_tcl_data\msgs\lt.msg
2026-08-16 21:11:52.512   Time stamp of our file: 2026-08-16 21:06:02.000
2026-08-16 21:11:52.512   Dest file exists.
2026-08-16 21:11:52.512   Time stamp of existing file: 2026-08-16 21:06:02.000
2026-08-16 21:11:52.512   Installing the file.
2026-08-16 21:11:52.521   Successfully installed the file.
2026-08-16 21:11:52.523   -- File entry --
2026-08-16 21:11:52.525   Dest filename: C:\Users\in15\AppData\Local\DriveBackup\_internal\_tcl_data\msgs\lv.msg
2026-08-16 21:11:52.525   Time stamp of our file: 2026-08-16 21:06:02.000
2026-08-16 21:11:52.525   Dest file exists.
2026-08-16 21:11:52.525   Time stamp of existing file: 2026-08-16 21:06:02.000
2026-08-16 21:11:52.526   Installing the file.
2026-08-16 21:11:52.530   Successfully installed the file.
2026-08-16 21:11:52.530   -- File entry --
2026-08-16 21:11:52.532   Dest filename: C:\Users\in15\AppData\Local\DriveBackup\_internal\_tcl_data\msgs\mk.msg
2026-08-16 21:11:52.533   Time stamp of our file: 2026-08-16 21:06:02.000
2026-08-16 21:11:52.533   Dest file exists.
2026-08-16 21:11:52.533   Time stamp of existing file: 2026-08-16 21:06:02.000
2026-08-16 21:11:52.533   Installing the file.
2026-08-16 21:11:52.542   Successfully installed the file.
2026-08-16 21:11:52.545   -- File entry --
2026-08-16 21:11:52.545   Dest filename: C:\Users\in15\AppData\Local\DriveBackup\_internal\_tcl_data\msgs\mr.msg
2026-08-16 21:11:52.546   Time stamp of our file: 2026-08-16 21:06:02.000
2026-08-16 21:11:52.546   Dest file exists.
2026-08-16 21:11:52.547   Time stamp of existing file: 2026-08-16 21:06:02.000
2026-08-16 21:11:52.547   Installing the file.
2026-08-16 21:11:52.559   Successfully installed the file.
2026-08-16 21:11:52.560   -- File entry --
2026-08-16 21:11:52.560   Dest filename: C:\Users\in15\AppData\Local\DriveBackup\_internal\_tcl_data\msgs\mr_in.msg
2026-08-16 21:11:52.561   Time stamp of our file: 2026-08-16 21:06:02.000
2026-08-16 21:11:52.561   Dest file exists.
2026-08-16 21:11:52.561   Time stamp of existing file: 2026-08-16 21:06:02.000
2026-08-16 21:11:52.561   Installing the file.
2026-08-16 21:11:52.567   Successfully installed the file.
2026-08-16 21:11:52.567   -- File entry --
2026-08-16 21:11:52.571   Dest filename: C:\Users\in15\AppData\Local\DriveBackup\_internal\_tcl_data\msgs\ms.msg
2026-08-16 21:11:52.571   Time stamp of our file: 2026-08-16 21:06:02.000
2026-08-16 21:11:52.571   Dest file exists.
2026-08-16 21:11:52.572   Time stamp of existing file: 2026-08-16 21:06:02.000
2026-08-16 21:11:52.572   Installing the file.
2026-08-16 21:11:52.583   Successfully installed the file.
2026-08-16 21:11:52.583   -- File entry --
2026-08-16 21:11:52.584   Dest filename: C:\Users\in15\AppData\Local\DriveBackup\_internal\_tcl_data\msgs\ms_my.msg
2026-08-16 21:11:52.586   Time stamp of our file: 2026-08-16 21:06:02.000
2026-08-16 21:11:52.586   Dest file exists.
2026-08-16 21:11:52.586   Time stamp of existing file: 2026-08-16 21:06:02.000
2026-08-16 21:11:52.586   Installing the file.
2026-08-16 21:11:52.595   Successfully installed the file.
2026-08-16 21:11:52.597   -- File entry --
2026-08-16 21:11:52.597   Dest filename: C:\Users\in15\AppData\Local\DriveBackup\_internal\_tcl_data\msgs\mt.msg
2026-08-16 21:11:52.597   Time stamp of our file: 2026-08-16 21:06:02.000
2026-08-16 21:11:52.597   Dest file exists.
2026-08-16 21:11:52.599   Time stamp of existing file: 2026-08-16 21:06:02.000
2026-08-16 21:11:52.599   Installing the file.
2026-08-16 21:11:52.605   Successfully installed the file.
2026-08-16 21:11:52.605   -- File entry --
2026-08-16 21:11:52.606   Dest filename: C:\Users\in15\AppData\Local\DriveBackup\_internal\_tcl_data\msgs\nb.msg
2026-08-16 21:11:52.606   Time stamp of our file: 2026-08-16 21:06:02.000
2026-08-16 21:11:52.606   Dest file exists.
2026-08-16 21:11:52.606   Time stamp of existing file: 2026-08-16 21:06:02.000
2026-08-16 21:11:52.606   Installing the file.
2026-08-16 21:11:52.615   Successfully installed the file.
2026-08-16 21:11:52.620   -- File entry --
2026-08-16 21:11:52.620   Dest filename: C:\Users\in15\AppData\Local\DriveBackup\_internal\_tcl_data\msgs\nl.msg
2026-08-16 21:11:52.622   Time stamp of our file: 2026-08-16 21:06:02.000
2026-08-16 21:11:52.622   Dest file exists.
2026-08-16 21:11:52.622   Time stamp of existing file: 2026-08-16 21:06:02.000
2026-08-16 21:11:52.623   Installing the file.
2026-08-16 21:11:52.626   Successfully installed the file.
2026-08-16 21:11:52.628   -- File entry --
2026-08-16 21:11:52.628   Dest filename: C:\Users\in15\AppData\Local\DriveBackup\_internal\_tcl_data\msgs\nl_be.msg
2026-08-16 21:11:52.630   Time stamp of our file: 2026-08-16 21:06:02.000
2026-08-16 21:11:52.630   Dest file exists.
2026-08-16 21:11:52.630   Time stamp of existing file: 2026-08-16 21:06:02.000
2026-08-16 21:11:52.630   Installing the file.
2026-08-16 21:11:52.636   Successfully installed the file.
2026-08-16 21:11:52.637   -- File entry --
2026-08-16 21:11:52.637   Dest filename: C:\Users\in15\AppData\Local\DriveBackup\_internal\_tcl_data\msgs\nn.msg
2026-08-16 21:11:52.638   Time stamp of our file: 2026-08-16 21:06:02.000
2026-08-16 21:11:52.638   Dest file exists.
2026-08-16 21:11:52.638   Time stamp of existing file: 2026-08-16 21:06:02.000
2026-08-16 21:11:52.638   Installing the file.
2026-08-16 21:11:52.642   Successfully installed the file.
2026-08-16 21:11:52.642   -- File entry --
2026-08-16 21:11:52.642   Dest filename: C:\Users\in15\AppData\Local\DriveBackup\_internal\_tcl_data\msgs\pl.msg
2026-08-16 21:11:52.643   Time stamp of our file: 2026-08-16 21:06:02.000
2026-08-16 21:11:52.643   Dest file exists.
2026-08-16 21:11:52.643   Time stamp of existing file: 2026-08-16 21:06:02.000
2026-08-16 21:11:52.643   Installing the file.
2026-08-16 21:11:52.647   Successfully installed the file.
2026-08-16 21:11:52.647   -- File entry --
2026-08-16 21:11:52.649   Dest filename: C:\Users\in15\AppData\Local\DriveBackup\_internal\_tcl_data\msgs\pt.msg
2026-08-16 21:11:52.649   Time stamp of our file: 2026-08-16 21:06:02.000
2026-08-16 21:11:52.649   Dest file exists.
2026-08-16 21:11:52.649   Time stamp of existing file: 2026-08-16 21:06:02.000
2026-08-16 21:11:52.649   Installing the file.
2026-08-16 21:11:52.655   Successfully installed the file.
2026-08-16 21:11:52.655   -- File entry --
2026-08-16 21:11:52.655   Dest filename: C:\Users\in15\AppData\Local\DriveBackup\_internal\_tcl_data\msgs\pt_br.msg
2026-08-16 21:11:52.656   Time stamp of our file: 2026-08-16 21:06:02.000
2026-08-16 21:11:52.656   Dest file exists.
2026-08-16 21:11:52.656   Time stamp of existing file: 2026-08-16 21:06:02.000
2026-08-16 21:11:52.656   Installing the file.
2026-08-16 21:11:52.661   Successfully installed the file.
2026-08-16 21:11:52.661   -- File entry --
2026-08-16 21:11:52.662   Dest filename: C:\Users\in15\AppData\Local\DriveBackup\_internal\_tcl_data\msgs\ro.msg
2026-08-16 21:11:52.663   Time stamp of our file: 2026-08-16 21:06:02.000
2026-08-16 21:11:52.663   Dest file exists.
2026-08-16 21:11:52.663   Time stamp of existing file: 2026-08-16 21:06:02.000
2026-08-16 21:11:52.663   Installing the file.
2026-08-16 21:11:52.667   Successfully installed the file.
2026-08-16 21:11:52.667   -- File entry --
2026-08-16 21:11:52.668   Dest filename: C:\Users\in15\AppData\Local\DriveBackup\_internal\_tcl_data\msgs\ru.msg
2026-08-16 21:11:52.668   Time stamp of our file: 2026-08-16 21:06:02.000
2026-08-16 21:11:52.668   Dest file exists.
2026-08-16 21:11:52.668   Time stamp of existing file: 2026-08-16 21:06:02.000
2026-08-16 21:11:52.670   Installing the file.
2026-08-16 21:11:52.673   Successfully installed the file.
2026-08-16 21:11:52.673   -- File entry --
2026-08-16 21:11:52.673   Dest filename: C:\Users\in15\AppData\Local\DriveBackup\_internal\_tcl_data\msgs\ru_ua.msg
2026-08-16 21:11:52.673   Time stamp of our file: 2026-08-16 21:06:02.000
2026-08-16 21:11:52.673   Dest file exists.
2026-08-16 21:11:52.673   Time stamp of existing file: 2026-08-16 21:06:02.000
2026-08-16 21:11:52.673   Installing the file.
2026-08-16 21:11:52.676   Successfully installed the file.
2026-08-16 21:11:52.676   -- File entry --
2026-08-16 21:11:52.681   Dest filename: C:\Users\in15\AppData\Local\DriveBackup\_internal\_tcl_data\msgs\sh.msg
2026-08-16 21:11:52.681   Time stamp of our file: 2026-08-16 21:06:02.000
2026-08-16 21:11:52.681   Dest file exists.
2026-08-16 21:11:52.681   Time stamp of existing file: 2026-08-16 21:06:02.000
2026-08-16 21:11:52.681   Installing the file.
2026-08-16 21:11:52.687   Successfully installed the file.
2026-08-16 21:11:52.693   -- File entry --
2026-08-16 21:11:52.694   Dest filename: C:\Users\in15\AppData\Local\DriveBackup\_internal\_tcl_data\msgs\sk.msg
2026-08-16 21:11:52.696   Time stamp of our file: 2026-08-16 21:06:02.000
2026-08-16 21:11:52.696   Dest file exists.
2026-08-16 21:11:52.696   Time stamp of existing file: 2026-08-16 21:06:02.000
2026-08-16 21:11:52.696   Installing the file.
2026-08-16 21:11:52.705   Successfully installed the file.
2026-08-16 21:11:52.707   -- File entry --
2026-08-16 21:11:52.707   Dest filename: C:\Users\in15\AppData\Local\DriveBackup\_internal\_tcl_data\msgs\sl.msg
2026-08-16 21:11:52.708   Time stamp of our file: 2026-08-16 21:06:02.000
2026-08-16 21:11:52.708   Dest file exists.
2026-08-16 21:11:52.709   Time stamp of existing file: 2026-08-16 21:06:02.000
2026-08-16 21:11:52.709   Installing the file.
2026-08-16 21:11:52.713   Successfully installed the file.
2026-08-16 21:11:52.713   -- File entry --
2026-08-16 21:11:52.713   Dest filename: C:\Users\in15\AppData\Local\DriveBackup\_internal\_tcl_data\msgs\sq.msg
2026-08-16 21:11:52.714   Time stamp of our file: 2026-08-16 21:06:02.000
2026-08-16 21:11:52.714   Dest file exists.
2026-08-16 21:11:52.714   Time stamp of existing file: 2026-08-16 21:06:02.000
2026-08-16 21:11:52.714   Installing the file.
2026-08-16 21:11:52.718   Successfully installed the file.
2026-08-16 21:11:52.719   -- File entry --
2026-08-16 21:11:52.719   Dest filename: C:\Users\in15\AppData\Local\DriveBackup\_internal\_tcl_data\msgs\sr.msg
2026-08-16 21:11:52.720   Time stamp of our file: 2026-08-16 21:06:02.000
2026-08-16 21:11:52.720   Dest file exists.
2026-08-16 21:11:52.720   Time stamp of existing file: 2026-08-16 21:06:02.000
2026-08-16 21:11:52.720   Installing the file.
2026-08-16 21:11:52.725   Successfully installed the file.
2026-08-16 21:11:52.725   -- File entry --
2026-08-16 21:11:52.725   Dest filename: C:\Users\in15\AppData\Local\DriveBackup\_internal\_tcl_data\msgs\sv.msg
2026-08-16 21:11:52.726   Time stamp of our file: 2026-08-16 21:06:02.000
2026-08-16 21:11:52.726   Dest file exists.
2026-08-16 21:11:52.726   Time stamp of existing file: 2026-08-16 21:06:02.000
2026-08-16 21:11:52.726   Installing the file.
2026-08-16 21:11:52.730   Successfully installed the file.
2026-08-16 21:11:52.730   -- File entry --
2026-08-16 21:11:52.730   Dest filename: C:\Users\in15\AppData\Local\DriveBackup\_internal\_tcl_data\msgs\sw.msg
2026-08-16 21:11:52.731   Time stamp of our file: 2026-08-16 21:06:02.000
2026-08-16 21:11:52.731   Dest file exists.
2026-08-16 21:11:52.731   Time stamp of existing file: 2026-08-16 21:06:02.000
2026-08-16 21:11:52.731   Installing the file.
2026-08-16 21:11:52.737   Successfully installed the file.
2026-08-16 21:11:52.737   -- File entry --
2026-08-16 21:11:52.738   Dest filename: C:\Users\in15\AppData\Local\DriveBackup\_internal\_tcl_data\msgs\ta.msg
2026-08-16 21:11:52.738   Time stamp of our file: 2026-08-16 21:06:02.000
2026-08-16 21:11:52.738   Dest file exists.
2026-08-16 21:11:52.738   Time stamp of existing file: 2026-08-16 21:06:02.000
2026-08-16 21:11:52.739   Installing the file.
2026-08-16 21:11:52.742   Successfully installed the file.
2026-08-16 21:11:52.742   -- File entry --
2026-08-16 21:11:52.743   Dest filename: C:\Users\in15\AppData\Local\DriveBackup\_internal\_tcl_data\msgs\ta_in.msg
2026-08-16 21:11:52.743   Time stamp of our file: 2026-08-16 21:06:02.000
2026-08-16 21:11:52.743   Dest file exists.
2026-08-16 21:11:52.743   Time stamp of existing file: 2026-08-16 21:06:02.000
2026-08-16 21:11:52.744   Installing the file.
2026-08-16 21:11:52.748   Successfully installed the file.
2026-08-16 21:11:52.748   -- File entry --
2026-08-16 21:11:52.748   Dest filename: C:\Users\in15\AppData\Local\DriveBackup\_internal\_tcl_data\msgs\te.msg
2026-08-16 21:11:52.748   Time stamp of our file: 2026-08-16 21:06:02.000
2026-08-16 21:11:52.748   Dest file exists.
2026-08-16 21:11:52.749   Time stamp of existing file: 2026-08-16 21:06:02.000
2026-08-16 21:11:52.749   Installing the file.
2026-08-16 21:11:52.754   Successfully installed the file.
2026-08-16 21:11:52.754   -- File entry --
2026-08-16 21:11:52.755   Dest filename: C:\Users\in15\AppData\Local\DriveBackup\_internal\_tcl_data\msgs\te_in.msg
2026-08-16 21:11:52.755   Time stamp of our file: 2026-08-16 21:06:02.000
2026-08-16 21:11:52.755   Dest file exists.
2026-08-16 21:11:52.755   Time stamp of existing file: 2026-08-16 21:06:02.000
2026-08-16 21:11:52.755   Installing the file.
2026-08-16 21:11:52.759   Successfully installed the file.
2026-08-16 21:11:52.759   -- File entry --
2026-08-16 21:11:52.759   Dest filename: C:\Users\in15\AppData\Local\DriveBackup\_internal\_tcl_data\msgs\th.msg
2026-08-16 21:11:52.760   Time stamp of our file: 2026-08-16 21:06:02.000
2026-08-16 21:11:52.760   Dest file exists.
2026-08-16 21:11:52.760   Time stamp of existing file: 2026-08-16 21:06:02.000
2026-08-16 21:11:52.760   Installing the file.
2026-08-16 21:11:52.765   Successfully installed the file.
2026-08-16 21:11:52.765   -- File entry --
2026-08-16 21:11:52.766   Dest filename: C:\Users\in15\AppData\Local\DriveBackup\_internal\_tcl_data\msgs\tr.msg
2026-08-16 21:11:52.767   Time stamp of our file: 2026-08-16 21:06:02.000
2026-08-16 21:11:52.767   Dest file exists.
2026-08-16 21:11:52.767   Time stamp of existing file: 2026-08-16 21:06:02.000
2026-08-16 21:11:52.767   Installing the file.
2026-08-16 21:11:52.774   Successfully installed the file.
2026-08-16 21:11:52.774   -- File entry --
2026-08-16 21:11:52.775   Dest filename: C:\Users\in15\AppData\Local\DriveBackup\_internal\_tcl_data\msgs\uk.msg
2026-08-16 21:11:52.775   Time stamp of our file: 2026-08-16 21:06:02.000
2026-08-16 21:11:52.775   Dest file exists.
2026-08-16 21:11:52.776   Time stamp of existing file: 2026-08-16 21:06:02.000
2026-08-16 21:11:52.776   Installing the file.
2026-08-16 21:11:52.780   Successfully installed the file.
2026-08-16 21:11:52.780   -- File entry --
2026-08-16 21:11:52.781   Dest filename: C:\Users\in15\AppData\Local\DriveBackup\_internal\_tcl_data\msgs\vi.msg
2026-08-16 21:11:52.781   Time stamp of our file: 2026-08-16 21:06:02.000
2026-08-16 21:11:52.781   Dest file exists.
2026-08-16 21:11:52.782   Time stamp of existing file: 2026-08-16 21:06:02.000
2026-08-16 21:11:52.782   Installing the file.
2026-08-16 21:11:52.787   Successfully installed the file.
2026-08-16 21:11:52.788   -- File entry --
2026-08-16 21:11:52.788   Dest filename: C:\Users\in15\AppData\Local\DriveBackup\_internal\_tcl_data\msgs\zh.msg
2026-08-16 21:11:52.789   Time stamp of our file: 2026-08-16 21:06:02.000
2026-08-16 21:11:52.789   Dest file exists.
2026-08-16 21:11:52.789   Time stamp of existing file: 2026-08-16 21:06:02.000
2026-08-16 21:11:52.789   Installing the file.
2026-08-16 21:11:52.794   Successfully installed the file.
2026-08-16 21:11:52.794   -- File entry --
2026-08-16 21:11:52.795   Dest filename: C:\Users\in15\AppData\Local\DriveBackup\_internal\_tcl_data\msgs\zh_cn.msg
2026-08-16 21:11:52.795   Time stamp of our file: 2026-08-16 21:06:02.000
2026-08-16 21:11:52.795   Dest file exists.
2026-08-16 21:11:52.796   Time stamp of existing file: 2026-08-16 21:06:02.000
2026-08-16 21:11:52.796   Installing the file.
2026-08-16 21:11:52.799   Successfully installed the file.
2026-08-16 21:11:52.799   -- File entry --
2026-08-16 21:11:52.799   Dest filename: C:\Users\in15\AppData\Local\DriveBackup\_internal\_tcl_data\msgs\zh_hk.msg
2026-08-16 21:11:52.800   Time stamp of our file: 2026-08-16 21:06:02.000
2026-08-16 21:11:52.800   Dest file exists.
2026-08-16 21:11:52.800   Time stamp of existing file: 2026-08-16 21:06:02.000
2026-08-16 21:11:52.800   Installing the file.
2026-08-16 21:11:52.804   Successfully installed the file.
2026-08-16 21:11:52.805   -- File entry --
2026-08-16 21:11:52.805   Dest filename: C:\Users\in15\AppData\Local\DriveBackup\_internal\_tcl_data\msgs\zh_sg.msg
2026-08-16 21:11:52.806   Time stamp of our file: 2026-08-16 21:06:02.000
2026-08-16 21:11:52.806   Dest file exists.
2026-08-16 21:11:52.806   Time stamp of existing file: 2026-08-16 21:06:02.000
2026-08-16 21:11:52.806   Installing the file.
2026-08-16 21:11:52.812   Successfully installed the file.
2026-08-16 21:11:52.812   -- File entry --
2026-08-16 21:11:52.813   Dest filename: C:\Users\in15\AppData\Local\DriveBackup\_internal\_tcl_data\msgs\zh_tw.msg
2026-08-16 21:11:52.813   Time stamp of our file: 2026-08-16 21:06:02.000
2026-08-16 21:11:52.813   Dest file exists.
2026-08-16 21:11:52.814   Time stamp of existing file: 2026-08-16 21:06:02.000
2026-08-16 21:11:52.814   Installing the file.
2026-08-16 21:11:52.818   Successfully installed the file.
2026-08-16 21:11:52.820   -- File entry --
2026-08-16 21:11:52.821   Dest filename: C:\Users\in15\AppData\Local\DriveBackup\_internal\_tcl_data\opt0.4\optparse.tcl
2026-08-16 21:11:52.823   Time stamp of our file: 2026-08-16 21:06:02.000
2026-08-16 21:11:52.823   Dest file exists.
2026-08-16 21:11:52.824   Time stamp of existing file: 2026-08-16 21:06:02.000
2026-08-16 21:11:52.824   Installing the file.
2026-08-16 21:11:52.841   Successfully installed the file.
2026-08-16 21:11:52.841   -- File entry --
2026-08-16 21:11:52.842   Dest filename: C:\Users\in15\AppData\Local\DriveBackup\_internal\_tcl_data\opt0.4\pkgIndex.tcl
2026-08-16 21:11:52.842   Time stamp of our file: 2026-08-16 21:06:02.000
2026-08-16 21:11:52.842   Dest file exists.
2026-08-16 21:11:52.842   Time stamp of existing file: 2026-08-16 21:06:02.000
2026-08-16 21:11:52.846   Installing the file.
2026-08-16 21:11:52.863   Successfully installed the file.
2026-08-16 21:11:52.863   -- File entry --
2026-08-16 21:11:52.864   Dest filename: C:\Users\in15\AppData\Local\DriveBackup\_internal\_tcl_data\tzdata\CET
2026-08-16 21:11:52.865   Time stamp of our file: 2026-08-16 21:06:04.000
2026-08-16 21:11:52.865   Dest file exists.
2026-08-16 21:11:52.865   Time stamp of existing file: 2026-08-16 21:06:04.000
2026-08-16 21:11:52.865   Installing the file.
2026-08-16 21:11:52.882   Successfully installed the file.
2026-08-16 21:11:52.882   -- File entry --
2026-08-16 21:11:52.886   Dest filename: C:\Users\in15\AppData\Local\DriveBackup\_internal\_tcl_data\tzdata\CST6CDT
2026-08-16 21:11:52.886   Time stamp of our file: 2026-08-16 21:06:04.000
2026-08-16 21:11:52.886   Dest file exists.
2026-08-16 21:11:52.887   Time stamp of existing file: 2026-08-16 21:06:04.000
2026-08-16 21:11:52.887   Installing the file.
2026-08-16 21:11:52.902   Successfully installed the file.
2026-08-16 21:11:52.902   -- File entry --
2026-08-16 21:11:52.906   Dest filename: C:\Users\in15\AppData\Local\DriveBackup\_internal\_tcl_data\tzdata\Cuba
2026-08-16 21:11:52.908   Time stamp of our file: 2026-08-16 21:06:04.000
2026-08-16 21:11:52.908   Dest file exists.
2026-08-16 21:11:52.908   Time stamp of existing file: 2026-08-16 21:06:04.000
2026-08-16 21:11:52.908   Installing the file.
2026-08-16 21:11:52.921   Successfully installed the file.
2026-08-16 21:11:52.921   -- File entry --
2026-08-16 21:11:52.921   Dest filename: C:\Users\in15\AppData\Local\DriveBackup\_internal\_tcl_data\tzdata\EET
2026-08-16 21:11:52.923   Time stamp of our file: 2026-08-16 21:06:04.000
2026-08-16 21:11:52.923   Dest file exists.
2026-08-16 21:11:52.923   Time stamp of existing file: 2026-08-16 21:06:04.000
2026-08-16 21:11:52.923   Installing the file.
2026-08-16 21:11:52.928   Successfully installed the file.
2026-08-16 21:11:52.928   -- File entry --
2026-08-16 21:11:52.928   Dest filename: C:\Users\in15\AppData\Local\DriveBackup\_internal\_tcl_data\tzdata\Egypt
2026-08-16 21:11:52.930   Time stamp of our file: 2026-08-16 21:06:04.000
2026-08-16 21:11:52.930   Dest file exists.
2026-08-16 21:11:52.930   Time stamp of existing file: 2026-08-16 21:06:04.000
2026-08-16 21:11:52.930   Installing the file.
2026-08-16 21:11:52.934   Successfully installed the file.
2026-08-16 21:11:52.934   -- File entry --
2026-08-16 21:11:52.934   Dest filename: C:\Users\in15\AppData\Local\DriveBackup\_internal\_tcl_data\tzdata\Eire
2026-08-16 21:11:52.936   Time stamp of our file: 2026-08-16 21:06:04.000
2026-08-16 21:11:52.936   Dest file exists.
2026-08-16 21:11:52.936   Time stamp of existing file: 2026-08-16 21:06:04.000
2026-08-16 21:11:52.936   Installing the file.
2026-08-16 21:11:52.948   Successfully installed the file.
2026-08-16 21:11:52.948   -- File entry --
2026-08-16 21:11:52.949   Dest filename: C:\Users\in15\AppData\Local\DriveBackup\_internal\_tcl_data\tzdata\EST
2026-08-16 21:11:52.949   Time stamp of our file: 2026-08-16 21:06:04.000
2026-08-16 21:11:52.949   Dest file exists.
2026-08-16 21:11:52.950   Time stamp of existing file: 2026-08-16 21:06:04.000
2026-08-16 21:11:52.950   Installing the file.
2026-08-16 21:11:52.954   Successfully installed the file.
2026-08-16 21:11:52.954   -- File entry --
2026-08-16 21:11:52.955   Dest filename: C:\Users\in15\AppData\Local\DriveBackup\_internal\_tcl_data\tzdata\EST5EDT
2026-08-16 21:11:52.955   Time stamp of our file: 2026-08-16 21:06:04.000
2026-08-16 21:11:52.955   Dest file exists.
2026-08-16 21:11:52.956   Time stamp of existing file: 2026-08-16 21:06:04.000
2026-08-16 21:11:52.956   Installing the file.
2026-08-16 21:11:52.960   Successfully installed the file.
2026-08-16 21:11:52.960   -- File entry --
2026-08-16 21:11:52.960   Dest filename: C:\Users\in15\AppData\Local\DriveBackup\_internal\_tcl_data\tzdata\GB
2026-08-16 21:11:52.961   Time stamp of our file: 2026-08-16 21:06:04.000
2026-08-16 21:11:52.961   Dest file exists.
2026-08-16 21:11:52.962   Time stamp of existing file: 2026-08-16 21:06:04.000
2026-08-16 21:11:52.962   Installing the file.
2026-08-16 21:11:52.967   Successfully installed the file.
2026-08-16 21:11:52.967   -- File entry --
2026-08-16 21:11:52.967   Dest filename: C:\Users\in15\AppData\Local\DriveBackup\_internal\_tcl_data\tzdata\GB-Eire
2026-08-16 21:11:52.968   Time stamp of our file: 2026-08-16 21:06:04.000
2026-08-16 21:11:52.968   Dest file exists.
2026-08-16 21:11:52.970   Time stamp of existing file: 2026-08-16 21:06:04.000
2026-08-16 21:11:52.970   Installing the file.
2026-08-16 21:11:52.975   Successfully installed the file.
2026-08-16 21:11:52.976   -- File entry --
2026-08-16 21:11:52.976   Dest filename: C:\Users\in15\AppData\Local\DriveBackup\_internal\_tcl_data\tzdata\GMT
2026-08-16 21:11:52.977   Time stamp of our file: 2026-08-16 21:06:04.000
2026-08-16 21:11:52.977   Dest file exists.
2026-08-16 21:11:52.977   Time stamp of existing file: 2026-08-16 21:06:04.000
2026-08-16 21:11:52.977   Installing the file.
2026-08-16 21:11:52.981   Successfully installed the file.
2026-08-16 21:11:52.981   -- File entry --
2026-08-16 21:11:52.981   Dest filename: C:\Users\in15\AppData\Local\DriveBackup\_internal\_tcl_data\tzdata\GMT+0
2026-08-16 21:11:52.982   Time stamp of our file: 2026-08-16 21:06:04.000
2026-08-16 21:11:52.982   Dest file exists.
2026-08-16 21:11:52.982   Time stamp of existing file: 2026-08-16 21:06:04.000
2026-08-16 21:11:52.982   Installing the file.
2026-08-16 21:11:52.988   Successfully installed the file.
2026-08-16 21:11:52.988   -- File entry --
2026-08-16 21:11:52.989   Dest filename: C:\Users\in15\AppData\Local\DriveBackup\_internal\_tcl_data\tzdata\GMT-0
2026-08-16 21:11:52.989   Time stamp of our file: 2026-08-16 21:06:04.000
2026-08-16 21:11:52.989   Dest file exists.
2026-08-16 21:11:52.990   Time stamp of existing file: 2026-08-16 21:06:04.000
2026-08-16 21:11:52.990   Installing the file.
2026-08-16 21:11:52.994   Successfully installed the file.
2026-08-16 21:11:52.995   -- File entry --
2026-08-16 21:11:52.996   Dest filename: C:\Users\in15\AppData\Local\DriveBackup\_internal\_tcl_data\tzdata\GMT0
2026-08-16 21:11:52.996   Time stamp of our file: 2026-08-16 21:06:04.000
2026-08-16 21:11:52.996   Dest file exists.
2026-08-16 21:11:52.996   Time stamp of existing file: 2026-08-16 21:06:04.000
2026-08-16 21:11:52.997   Installing the file.
2026-08-16 21:11:53.000   Successfully installed the file.
2026-08-16 21:11:53.001   -- File entry --
2026-08-16 21:11:53.001   Dest filename: C:\Users\in15\AppData\Local\DriveBackup\_internal\_tcl_data\tzdata\Greenwich
2026-08-16 21:11:53.003   Time stamp of our file: 2026-08-16 21:06:04.000
2026-08-16 21:11:53.003   Dest file exists.
2026-08-16 21:11:53.003   Time stamp of existing file: 2026-08-16 21:06:04.000
2026-08-16 21:11:53.003   Installing the file.
2026-08-16 21:11:53.009   Successfully installed the file.
2026-08-16 21:11:53.009   -- File entry --
2026-08-16 21:11:53.010   Dest filename: C:\Users\in15\AppData\Local\DriveBackup\_internal\_tcl_data\tzdata\Hongkong
2026-08-16 21:11:53.010   Time stamp of our file: 2026-08-16 21:06:04.000
2026-08-16 21:11:53.010   Dest file exists.
2026-08-16 21:11:53.011   Time stamp of existing file: 2026-08-16 21:06:04.000
2026-08-16 21:11:53.011   Installing the file.
2026-08-16 21:11:53.015   Successfully installed the file.
2026-08-16 21:11:53.016   -- File entry --
2026-08-16 21:11:53.016   Dest filename: C:\Users\in15\AppData\Local\DriveBackup\_internal\_tcl_data\tzdata\HST
2026-08-16 21:11:53.017   Time stamp of our file: 2026-08-16 21:06:04.000
2026-08-16 21:11:53.017   Dest file exists.
2026-08-16 21:11:53.017   Time stamp of existing file: 2026-08-16 21:06:04.000
2026-08-16 21:11:53.017   Installing the file.
2026-08-16 21:11:53.022   Successfully installed the file.
2026-08-16 21:11:53.022   -- File entry --
2026-08-16 21:11:53.023   Dest filename: C:\Users\in15\AppData\Local\DriveBackup\_internal\_tcl_data\tzdata\Iceland
2026-08-16 21:11:53.023   Time stamp of our file: 2026-08-16 21:06:04.000
2026-08-16 21:11:53.023   Dest file exists.
2026-08-16 21:11:53.023   Time stamp of existing file: 2026-08-16 21:06:04.000
2026-08-16 21:11:53.024   Installing the file.
2026-08-16 21:11:53.027   Successfully installed the file.
2026-08-16 21:11:53.027   -- File entry --
2026-08-16 21:11:53.027   Dest filename: C:\Users\in15\AppData\Local\DriveBackup\_internal\_tcl_data\tzdata\Iran
2026-08-16 21:11:53.028   Time stamp of our file: 2026-08-16 21:06:04.000
2026-08-16 21:11:53.028   Dest file exists.
2026-08-16 21:11:53.028   Time stamp of existing file: 2026-08-16 21:06:04.000
2026-08-16 21:11:53.028   Installing the file.
2026-08-16 21:11:53.033   Successfully installed the file.
2026-08-16 21:11:53.033   -- File entry --
2026-08-16 21:11:53.033   Dest filename: C:\Users\in15\AppData\Local\DriveBackup\_internal\_tcl_data\tzdata\Israel
2026-08-16 21:11:53.034   Time stamp of our file: 2026-08-16 21:06:04.000
2026-08-16 21:11:53.034   Dest file exists.
2026-08-16 21:11:53.034   Time stamp of existing file: 2026-08-16 21:06:04.000
2026-08-16 21:11:53.035   Installing the file.
2026-08-16 21:11:53.044   Successfully installed the file.
2026-08-16 21:11:53.044   -- File entry --
2026-08-16 21:11:53.044   Dest filename: C:\Users\in15\AppData\Local\DriveBackup\_internal\_tcl_data\tzdata\Jamaica
2026-08-16 21:11:53.045   Time stamp of our file: 2026-08-16 21:06:04.000
2026-08-16 21:11:53.045   Dest file exists.
2026-08-16 21:11:53.045   Time stamp of existing file: 2026-08-16 21:06:04.000
2026-08-16 21:11:53.045   Installing the file.
2026-08-16 21:11:53.051   Successfully installed the file.
2026-08-16 21:11:53.052   -- File entry --
2026-08-16 21:11:53.052   Dest filename: C:\Users\in15\AppData\Local\DriveBackup\_internal\_tcl_data\tzdata\Japan
2026-08-16 21:11:53.053   Time stamp of our file: 2026-08-16 21:06:04.000
2026-08-16 21:11:53.053   Dest file exists.
2026-08-16 21:11:53.054   Time stamp of existing file: 2026-08-16 21:06:04.000
2026-08-16 21:11:53.054   Installing the file.
2026-08-16 21:11:53.059   Successfully installed the file.
2026-08-16 21:11:53.059   -- File entry --
2026-08-16 21:11:53.060   Dest filename: C:\Users\in15\AppData\Local\DriveBackup\_internal\_tcl_data\tzdata\Kwajalein
2026-08-16 21:11:53.060   Time stamp of our file: 2026-08-16 21:06:04.000
2026-08-16 21:11:53.060   Dest file exists.
2026-08-16 21:11:53.061   Time stamp of existing file: 2026-08-16 21:06:04.000
2026-08-16 21:11:53.061   Installing the file.
2026-08-16 21:11:53.065   Successfully installed the file.
2026-08-16 21:11:53.066   -- File entry --
2026-08-16 21:11:53.067   Dest filename: C:\Users\in15\AppData\Local\DriveBackup\_internal\_tcl_data\tzdata\Libya
2026-08-16 21:11:53.068   Time stamp of our file: 2026-08-16 21:06:04.000
2026-08-16 21:11:53.068   Dest file exists.
2026-08-16 21:11:53.068   Time stamp of existing file: 2026-08-16 21:06:04.000
2026-08-16 21:11:53.069   Installing the file.
2026-08-16 21:11:53.073   Successfully installed the file.
2026-08-16 21:11:53.073   -- File entry --
2026-08-16 21:11:53.074   Dest filename: C:\Users\in15\AppData\Local\DriveBackup\_internal\_tcl_data\tzdata\MET
2026-08-16 21:11:53.074   Time stamp of our file: 2026-08-16 21:06:04.000
2026-08-16 21:11:53.074   Dest file exists.
2026-08-16 21:11:53.075   Time stamp of existing file: 2026-08-16 21:06:04.000
2026-08-16 21:11:53.075   Installing the file.
2026-08-16 21:11:53.080   Successfully installed the file.
2026-08-16 21:11:53.080   -- File entry --
2026-08-16 21:11:53.081   Dest filename: C:\Users\in15\AppData\Local\DriveBackup\_internal\_tcl_data\tzdata\MST
2026-08-16 21:11:53.081   Time stamp of our file: 2026-08-16 21:06:04.000
2026-08-16 21:11:53.081   Dest file exists.
2026-08-16 21:11:53.081   Time stamp of existing file: 2026-08-16 21:06:04.000
2026-08-16 21:11:53.082   Installing the file.
2026-08-16 21:11:53.088   Successfully installed the file.
2026-08-16 21:11:53.088   -- File entry --
2026-08-16 21:11:53.089   Dest filename: C:\Users\in15\AppData\Local\DriveBackup\_internal\_tcl_data\tzdata\MST7MDT
2026-08-16 21:11:53.089   Time stamp of our file: 2026-08-16 21:06:04.000
2026-08-16 21:11:53.089   Dest file exists.
2026-08-16 21:11:53.089   Time stamp of existing file: 2026-08-16 21:06:04.000
2026-08-16 21:11:53.089   Installing the file.
2026-08-16 21:11:53.093   Successfully installed the file.
2026-08-16 21:11:53.093   -- File entry --
2026-08-16 21:11:53.094   Dest filename: C:\Users\in15\AppData\Local\DriveBackup\_internal\_tcl_data\tzdata\Navajo
2026-08-16 21:11:53.094   Time stamp of our file: 2026-08-16 21:06:04.000
2026-08-16 21:11:53.094   Dest file exists.
2026-08-16 21:11:53.095   Time stamp of existing file: 2026-08-16 21:06:04.000
2026-08-16 21:11:53.095   Installing the file.
2026-08-16 21:11:53.099   Successfully installed the file.
2026-08-16 21:11:53.099   -- File entry --
2026-08-16 21:11:53.100   Dest filename: C:\Users\in15\AppData\Local\DriveBackup\_internal\_tcl_data\tzdata\NZ
2026-08-16 21:11:53.100   Time stamp of our file: 2026-08-16 21:06:04.000
2026-08-16 21:11:53.100   Dest file exists.
2026-08-16 21:11:53.100   Time stamp of existing file: 2026-08-16 21:06:04.000
2026-08-16 21:11:53.101   Installing the file.
2026-08-16 21:11:53.108   Successfully installed the file.
2026-08-16 21:11:53.108   -- File entry --
2026-08-16 21:11:53.109   Dest filename: C:\Users\in15\AppData\Local\DriveBackup\_internal\_tcl_data\tzdata\NZ-CHAT
2026-08-16 21:11:53.109   Time stamp of our file: 2026-08-16 21:06:04.000
2026-08-16 21:11:53.109   Dest file exists.
2026-08-16 21:11:53.109   Time stamp of existing file: 2026-08-16 21:06:04.000
2026-08-16 21:11:53.109   Installing the file.
2026-08-16 21:11:53.113   Successfully installed the file.
2026-08-16 21:11:53.113   -- File entry --
2026-08-16 21:11:53.113   Dest filename: C:\Users\in15\AppData\Local\DriveBackup\_internal\_tcl_data\tzdata\Poland
2026-08-16 21:11:53.113   Time stamp of our file: 2026-08-16 21:06:04.000
2026-08-16 21:11:53.113   Dest file exists.
2026-08-16 21:11:53.114   Time stamp of existing file: 2026-08-16 21:06:04.000
2026-08-16 21:11:53.114   Installing the file.
2026-08-16 21:11:53.118   Successfully installed the file.
2026-08-16 21:11:53.118   -- File entry --
2026-08-16 21:11:53.118   Dest filename: C:\Users\in15\AppData\Local\DriveBackup\_internal\_tcl_data\tzdata\Portugal
2026-08-16 21:11:53.118   Time stamp of our file: 2026-08-16 21:06:04.000
2026-08-16 21:11:53.118   Dest file exists.
2026-08-16 21:11:53.120   Time stamp of existing file: 2026-08-16 21:06:04.000
2026-08-16 21:11:53.120   Installing the file.
2026-08-16 21:11:53.124   Successfully installed the file.
2026-08-16 21:11:53.124   -- File entry --
2026-08-16 21:11:53.124   Dest filename: C:\Users\in15\AppData\Local\DriveBackup\_internal\_tcl_data\tzdata\PRC
2026-08-16 21:11:53.125   Time stamp of our file: 2026-08-16 21:06:04.000
2026-08-16 21:11:53.125   Dest file exists.
2026-08-16 21:11:53.125   Time stamp of existing file: 2026-08-16 21:06:04.000
2026-08-16 21:11:53.125   Installing the file.
2026-08-16 21:11:53.130   Successfully installed the file.
2026-08-16 21:11:53.130   -- File entry --
2026-08-16 21:11:53.130   Dest filename: C:\Users\in15\AppData\Local\DriveBackup\_internal\_tcl_data\tzdata\PST8PDT
2026-08-16 21:11:53.131   Time stamp of our file: 2026-08-16 21:06:04.000
2026-08-16 21:11:53.131   Dest file exists.
2026-08-16 21:11:53.131   Time stamp of existing file: 2026-08-16 21:06:04.000
2026-08-16 21:11:53.131   Installing the file.
2026-08-16 21:11:53.137   Successfully installed the file.
2026-08-16 21:11:53.137   -- File entry --
2026-08-16 21:11:53.137   Dest filename: C:\Users\in15\AppData\Local\DriveBackup\_internal\_tcl_data\tzdata\ROC
2026-08-16 21:11:53.138   Time stamp of our file: 2026-08-16 21:06:04.000
2026-08-16 21:11:53.138   Dest file exists.
2026-08-16 21:11:53.138   Time stamp of existing file: 2026-08-16 21:06:04.000
2026-08-16 21:11:53.138   Installing the file.
2026-08-16 21:11:53.143   Successfully installed the file.
2026-08-16 21:11:53.143   -- File entry --
2026-08-16 21:11:53.144   Dest filename: C:\Users\in15\AppData\Local\DriveBackup\_internal\_tcl_data\tzdata\ROK
2026-08-16 21:11:53.145   Time stamp of our file: 2026-08-16 21:06:04.000
2026-08-16 21:11:53.145   Dest file exists.
2026-08-16 21:11:53.145   Time stamp of existing file: 2026-08-16 21:06:04.000
2026-08-16 21:11:53.145   Installing the file.
2026-08-16 21:11:53.151   Successfully installed the file.
2026-08-16 21:11:53.153   -- File entry --
2026-08-16 21:11:53.154   Dest filename: C:\Users\in15\AppData\Local\DriveBackup\_internal\_tcl_data\tzdata\Singapore
2026-08-16 21:11:53.154   Time stamp of our file: 2026-08-16 21:06:04.000
2026-08-16 21:11:53.154   Dest file exists.
2026-08-16 21:11:53.155   Time stamp of existing file: 2026-08-16 21:06:04.000
2026-08-16 21:11:53.155   Installing the file.
2026-08-16 21:11:53.159   Successfully installed the file.
2026-08-16 21:11:53.159   -- File entry --
2026-08-16 21:11:53.160   Dest filename: C:\Users\in15\AppData\Local\DriveBackup\_internal\_tcl_data\tzdata\Turkey
2026-08-16 21:11:53.160   Time stamp of our file: 2026-08-16 21:06:04.000
2026-08-16 21:11:53.160   Dest file exists.
2026-08-16 21:11:53.161   Time stamp of existing file: 2026-08-16 21:06:04.000
2026-08-16 21:11:53.161   Installing the file.
2026-08-16 21:11:53.165   Successfully installed the file.
2026-08-16 21:11:53.165   -- File entry --
2026-08-16 21:11:53.165   Dest filename: C:\Users\in15\AppData\Local\DriveBackup\_internal\_tcl_data\tzdata\UCT
2026-08-16 21:11:53.165   Time stamp of our file: 2026-08-16 21:06:04.000
2026-08-16 21:11:53.165   Dest file exists.
2026-08-16 21:11:53.166   Time stamp of existing file: 2026-08-16 21:06:04.000
2026-08-16 21:11:53.166   Installing the file.
2026-08-16 21:11:53.169   Successfully installed the file.
2026-08-16 21:11:53.170   -- File entry --
2026-08-16 21:11:53.170   Dest filename: C:\Users\in15\AppData\Local\DriveBackup\_internal\_tcl_data\tzdata\Universal
2026-08-16 21:11:53.170   Time stamp of our file: 2026-08-16 21:06:04.000
2026-08-16 21:11:53.170   Dest file exists.
2026-08-16 21:11:53.171   Time stamp of existing file: 2026-08-16 21:06:04.000
2026-08-16 21:11:53.171   Installing the file.
2026-08-16 21:11:53.174   Successfully installed the file.
2026-08-16 21:11:53.174   -- File entry --
2026-08-16 21:11:53.175   Dest filename: C:\Users\in15\AppData\Local\DriveBackup\_internal\_tcl_data\tzdata\UTC
2026-08-16 21:11:53.175   Time stamp of our file: 2026-08-16 21:06:04.000
2026-08-16 21:11:53.175   Dest file exists.
2026-08-16 21:11:53.176   Time stamp of existing file: 2026-08-16 21:06:04.000
2026-08-16 21:11:53.176   Installing the file.
2026-08-16 21:11:53.180   Successfully installed the file.
2026-08-16 21:11:53.180   -- File entry --
2026-08-16 21:11:53.181   Dest filename: C:\Users\in15\AppData\Local\DriveBackup\_internal\_tcl_data\tzdata\W-SU
2026-08-16 21:11:53.181   Time stamp of our file: 2026-08-16 21:06:04.000
2026-08-16 21:11:53.181   Dest file exists.
2026-08-16 21:11:53.182   Time stamp of existing file: 2026-08-16 21:06:04.000
2026-08-16 21:11:53.182   Installing the file.
2026-08-16 21:11:53.189   Successfully installed the file.
2026-08-16 21:11:53.189   -- File entry --
2026-08-16 21:11:53.190   Dest filename: C:\Users\in15\AppData\Local\DriveBackup\_internal\_tcl_data\tzdata\WET
2026-08-16 21:11:53.191   Time stamp of our file: 2026-08-16 21:06:04.000
2026-08-16 21:11:53.191   Dest file exists.
2026-08-16 21:11:53.191   Time stamp of existing file: 2026-08-16 21:06:04.000
2026-08-16 21:11:53.191   Installing the file.
2026-08-16 21:11:53.195   Successfully installed the file.
2026-08-16 21:11:53.195   -- File entry --
2026-08-16 21:11:53.196   Dest filename: C:\Users\in15\AppData\Local\DriveBackup\_internal\_tcl_data\tzdata\Zulu
2026-08-16 21:11:53.196   Time stamp of our file: 2026-08-16 21:06:04.000
2026-08-16 21:11:53.196   Dest file exists.
2026-08-16 21:11:53.197   Time stamp of existing file: 2026-08-16 21:06:04.000
2026-08-16 21:11:53.197   Installing the file.
2026-08-16 21:11:53.201   Successfully installed the file.
2026-08-16 21:11:53.201   -- File entry --
2026-08-16 21:11:53.201   Dest filename: C:\Users\in15\AppData\Local\DriveBackup\_internal\_tcl_data\tzdata\Africa\Abidjan
2026-08-16 21:11:53.202   Time stamp of our file: 2026-08-16 21:06:02.000
2026-08-16 21:11:53.202   Dest file exists.
2026-08-16 21:11:53.203   Time stamp of existing file: 2026-08-16 21:06:02.000
2026-08-16 21:11:53.203   Installing the file.
2026-08-16 21:11:53.207   Successfully installed the file.
2026-08-16 21:11:53.208   -- File entry --
2026-08-16 21:11:53.208   Dest filename: C:\Users\in15\AppData\Local\DriveBackup\_internal\_tcl_data\tzdata\Africa\Accra
2026-08-16 21:11:53.209   Time stamp of our file: 2026-08-16 21:06:02.000
2026-08-16 21:11:53.209   Dest file exists.
2026-08-16 21:11:53.209   Time stamp of existing file: 2026-08-16 21:06:02.000
2026-08-16 21:11:53.209   Installing the file.
2026-08-16 21:11:53.213   Successfully installed the file.
2026-08-16 21:11:53.213   -- File entry --
2026-08-16 21:11:53.214   Dest filename: C:\Users\in15\AppData\Local\DriveBackup\_internal\_tcl_data\tzdata\Africa\Addis_Ababa
2026-08-16 21:11:53.214   Time stamp of our file: 2026-08-16 21:06:02.000
2026-08-16 21:11:53.214   Dest file exists.
2026-08-16 21:11:53.215   Time stamp of existing file: 2026-08-16 21:06:02.000
2026-08-16 21:11:53.215   Installing the file.
2026-08-16 21:11:53.219   Successfully installed the file.
2026-08-16 21:11:53.220   -- File entry --
2026-08-16 21:11:53.220   Dest filename: C:\Users\in15\AppData\Local\DriveBackup\_internal\_tcl_data\tzdata\Africa\Algiers
2026-08-16 21:11:53.221   Time stamp of our file: 2026-08-16 21:06:02.000
2026-08-16 21:11:53.221   Dest file exists.
2026-08-16 21:11:53.221   Time stamp of existing file: 2026-08-16 21:06:02.000
2026-08-16 21:11:53.221   Installing the file.
2026-08-16 21:11:53.225   Successfully installed the file.
2026-08-16 21:11:53.225   -- File entry --
2026-08-16 21:11:53.225   Dest filename: C:\Users\in15\AppData\Local\DriveBackup\_internal\_tcl_data\tzdata\Africa\Asmara
2026-08-16 21:11:53.225   Time stamp of our file: 2026-08-16 21:06:02.000
2026-08-16 21:11:53.225   Dest file exists.
2026-08-16 21:11:53.226   Time stamp of existing file: 2026-08-16 21:06:02.000
2026-08-16 21:11:53.226   Installing the file.
2026-08-16 21:11:53.229   Successfully installed the file.
2026-08-16 21:11:53.229   -- File entry --
2026-08-16 21:11:53.229   Dest filename: C:\Users\in15\AppData\Local\DriveBackup\_internal\_tcl_data\tzdata\Africa\Asmera
2026-08-16 21:11:53.230   Time stamp of our file: 2026-08-16 21:06:02.000
2026-08-16 21:11:53.230   Dest file exists.
2026-08-16 21:11:53.230   Time stamp of existing file: 2026-08-16 21:06:02.000
2026-08-16 21:11:53.230   Installing the file.
2026-08-16 21:11:53.234   Successfully installed the file.
2026-08-16 21:11:53.234   -- File entry --
2026-08-16 21:11:53.234   Dest filename: C:\Users\in15\AppData\Local\DriveBackup\_internal\_tcl_data\tzdata\Africa\Bamako
2026-08-16 21:11:53.235   Time stamp of our file: 2026-08-16 21:06:02.000
2026-08-16 21:11:53.235   Dest file exists.
2026-08-16 21:11:53.235   Time stamp of existing file: 2026-08-16 21:06:02.000
2026-08-16 21:11:53.236   Installing the file.
2026-08-16 21:11:53.239   Successfully installed the file.
2026-08-16 21:11:53.239   -- File entry --
2026-08-16 21:11:53.240   Dest filename: C:\Users\in15\AppData\Local\DriveBackup\_internal\_tcl_data\tzdata\Africa\Bangui
2026-08-16 21:11:53.240   Time stamp of our file: 2026-08-16 21:06:02.000
2026-08-16 21:11:53.240   Dest file exists.
2026-08-16 21:11:53.241   Time stamp of existing file: 2026-08-16 21:06:02.000
2026-08-16 21:11:53.241   Installing the file.
2026-08-16 21:11:53.245   Successfully installed the file.
2026-08-16 21:11:53.245   -- File entry --
2026-08-16 21:11:53.245   Dest filename: C:\Users\in15\AppData\Local\DriveBackup\_internal\_tcl_data\tzdata\Africa\Banjul
2026-08-16 21:11:53.246   Time stamp of our file: 2026-08-16 21:06:02.000
2026-08-16 21:11:53.246   Dest file exists.
2026-08-16 21:11:53.246   Time stamp of existing file: 2026-08-16 21:06:02.000
2026-08-16 21:11:53.247   Installing the file.
2026-08-16 21:11:53.251   Successfully installed the file.
2026-08-16 21:11:53.251   -- File entry --
2026-08-16 21:11:53.251   Dest filename: C:\Users\in15\AppData\Local\DriveBackup\_internal\_tcl_data\tzdata\Africa\Bissau
2026-08-16 21:11:53.252   Time stamp of our file: 2026-08-16 21:06:02.000
2026-08-16 21:11:53.252   Dest file exists.
2026-08-16 21:11:53.252   Time stamp of existing file: 2026-08-16 21:06:02.000
2026-08-16 21:11:53.252   Installing the file.
2026-08-16 21:11:53.257   Successfully installed the file.
2026-08-16 21:11:53.257   -- File entry --
2026-08-16 21:11:53.257   Dest filename: C:\Users\in15\AppData\Local\DriveBackup\_internal\_tcl_data\tzdata\Africa\Blantyre
2026-08-16 21:11:53.258   Time stamp of our file: 2026-08-16 21:06:02.000
2026-08-16 21:11:53.258   Dest file exists.
2026-08-16 21:11:53.258   Time stamp of existing file: 2026-08-16 21:06:02.000
2026-08-16 21:11:53.258   Installing the file.
2026-08-16 21:11:53.261   Successfully installed the file.
2026-08-16 21:11:53.262   -- File entry --
2026-08-16 21:11:53.262   Dest filename: C:\Users\in15\AppData\Local\DriveBackup\_internal\_tcl_data\tzdata\Africa\Brazzaville
2026-08-16 21:11:53.262   Time stamp of our file: 2026-08-16 21:06:02.000
2026-08-16 21:11:53.263   Dest file exists.
2026-08-16 21:11:53.263   Time stamp of existing file: 2026-08-16 21:06:02.000
2026-08-16 21:11:53.263   Installing the file.
2026-08-16 21:11:53.266   Successfully installed the file.
2026-08-16 21:11:53.267   -- File entry --
2026-08-16 21:11:53.267   Dest filename: C:\Users\in15\AppData\Local\DriveBackup\_internal\_tcl_data\tzdata\Africa\Bujumbura
2026-08-16 21:11:53.267   Time stamp of our file: 2026-08-16 21:06:02.000
2026-08-16 21:11:53.268   Dest file exists.
2026-08-16 21:11:53.268   Time stamp of existing file: 2026-08-16 21:06:02.000
2026-08-16 21:11:53.268   Installing the file.
2026-08-16 21:11:53.272   Successfully installed the file.
2026-08-16 21:11:53.272   -- File entry --
2026-08-16 21:11:53.274   Dest filename: C:\Users\in15\AppData\Local\DriveBackup\_internal\_tcl_data\tzdata\Africa\Cairo
2026-08-16 21:11:53.274   Time stamp of our file: 2026-08-16 21:06:02.000
2026-08-16 21:11:53.274   Dest file exists.
2026-08-16 21:11:53.274   Time stamp of existing file: 2026-08-16 21:06:02.000
2026-08-16 21:11:53.274   Installing the file.
2026-08-16 21:11:53.278   Successfully installed the file.
2026-08-16 21:11:53.278   -- File entry --
2026-08-16 21:11:53.278   Dest filename: C:\Users\in15\AppData\Local\DriveBackup\_internal\_tcl_data\tzdata\Africa\Casablanca
2026-08-16 21:11:53.278   Time stamp of our file: 2026-08-16 21:06:02.000
2026-08-16 21:11:53.278   Dest file exists.
2026-08-16 21:11:53.280   Time stamp of existing file: 2026-08-16 21:06:02.000
2026-08-16 21:11:53.280   Installing the file.
2026-08-16 21:11:53.282   Successfully installed the file.
2026-08-16 21:11:53.282   -- File entry --
2026-08-16 21:11:53.284   Dest filename: C:\Users\in15\AppData\Local\DriveBackup\_internal\_tcl_data\tzdata\Africa\Ceuta
2026-08-16 21:11:53.284   Time stamp of our file: 2026-08-16 21:06:02.000
2026-08-16 21:11:53.284   Dest file exists.
2026-08-16 21:11:53.284   Time stamp of existing file: 2026-08-16 21:06:02.000
2026-08-16 21:11:53.284   Installing the file.
2026-08-16 21:11:53.290   Successfully installed the file.
2026-08-16 21:11:53.290   -- File entry --
2026-08-16 21:11:53.290   Dest filename: C:\Users\in15\AppData\Local\DriveBackup\_internal\_tcl_data\tzdata\Africa\Conakry
2026-08-16 21:11:53.291   Time stamp of our file: 2026-08-16 21:06:02.000
2026-08-16 21:11:53.291   Dest file exists.
2026-08-16 21:11:53.291   Time stamp of existing file: 2026-08-16 21:06:02.000
2026-08-16 21:11:53.291   Installing the file.
2026-08-16 21:11:53.295   Successfully installed the file.
2026-08-16 21:11:53.295   -- File entry --
2026-08-16 21:11:53.295   Dest filename: C:\Users\in15\AppData\Local\DriveBackup\_internal\_tcl_data\tzdata\Africa\Dakar
2026-08-16 21:11:53.296   Time stamp of our file: 2026-08-16 21:06:02.000
2026-08-16 21:11:53.296   Dest file exists.
2026-08-16 21:11:53.296   Time stamp of existing file: 2026-08-16 21:06:02.000
2026-08-16 21:11:53.296   Installing the file.
2026-08-16 21:11:53.300   Successfully installed the file.
2026-08-16 21:11:53.301   -- File entry --
2026-08-16 21:11:53.302   Dest filename: C:\Users\in15\AppData\Local\DriveBackup\_internal\_tcl_data\tzdata\Africa\Dar_es_Salaam
2026-08-16 21:11:53.302   Time stamp of our file: 2026-08-16 21:06:02.000
2026-08-16 21:11:53.302   Dest file exists.
2026-08-16 21:11:53.303   Time stamp of existing file: 2026-08-16 21:06:02.000
2026-08-16 21:11:53.303   Installing the file.
2026-08-16 21:11:53.307   Successfully installed the file.
2026-08-16 21:11:53.307   -- File entry --
2026-08-16 21:11:53.307   Dest filename: C:\Users\in15\AppData\Local\DriveBackup\_internal\_tcl_data\tzdata\Africa\Djibouti
2026-08-16 21:11:53.310   Time stamp of our file: 2026-08-16 21:06:02.000
2026-08-16 21:11:53.310   Dest file exists.
2026-08-16 21:11:53.310   Time stamp of existing file: 2026-08-16 21:06:02.000
2026-08-16 21:11:53.310   Installing the file.
2026-08-16 21:11:53.315   Successfully installed the file.
2026-08-16 21:11:53.315   -- File entry --
2026-08-16 21:11:53.315   Dest filename: C:\Users\in15\AppData\Local\DriveBackup\_internal\_tcl_data\tzdata\Africa\Douala
2026-08-16 21:11:53.315   Time stamp of our file: 2026-08-16 21:06:02.000
2026-08-16 21:11:53.315   Dest file exists.
2026-08-16 21:11:53.315   Time stamp of existing file: 2026-08-16 21:06:02.000
2026-08-16 21:11:53.315   Installing the file.
2026-08-16 21:11:53.320   Successfully installed the file.
2026-08-16 21:11:53.321   -- File entry --
2026-08-16 21:11:53.321   Dest filename: C:\Users\in15\AppData\Local\DriveBackup\_internal\_tcl_data\tzdata\Africa\El_Aaiun
2026-08-16 21:11:53.321   Time stamp of our file: 2026-08-16 21:06:02.000
2026-08-16 21:11:53.322   Dest file exists.
2026-08-16 21:11:53.322   Time stamp of existing file: 2026-08-16 21:06:02.000
2026-08-16 21:11:53.322   Installing the file.
2026-08-16 21:11:53.326   Successfully installed the file.
2026-08-16 21:11:53.326   -- File entry --
2026-08-16 21:11:53.327   Dest filename: C:\Users\in15\AppData\Local\DriveBackup\_internal\_tcl_data\tzdata\Africa\Freetown
2026-08-16 21:11:53.327   Time stamp of our file: 2026-08-16 21:06:02.000
2026-08-16 21:11:53.327   Dest file exists.
2026-08-16 21:11:53.327   Time stamp of existing file: 2026-08-16 21:06:02.000
2026-08-16 21:11:53.327   Installing the file.
2026-08-16 21:11:53.332   Successfully installed the file.
2026-08-16 21:11:53.332   -- File entry --
2026-08-16 21:11:53.333   Dest filename: C:\Users\in15\AppData\Local\DriveBackup\_internal\_tcl_data\tzdata\Africa\Gaborone
2026-08-16 21:11:53.333   Time stamp of our file: 2026-08-16 21:06:02.000
2026-08-16 21:11:53.333   Dest file exists.
2026-08-16 21:11:53.333   Time stamp of existing file: 2026-08-16 21:06:02.000
2026-08-16 21:11:53.333   Installing the file.
2026-08-16 21:11:53.338   Successfully installed the file.
2026-08-16 21:11:53.338   -- File entry --
2026-08-16 21:11:53.338   Dest filename: C:\Users\in15\AppData\Local\DriveBackup\_internal\_tcl_data\tzdata\Africa\Harare
2026-08-16 21:11:53.339   Time stamp of our file: 2026-08-16 21:06:02.000
2026-08-16 21:11:53.339   Dest file exists.
2026-08-16 21:11:53.339   Time stamp of existing file: 2026-08-16 21:06:02.000
2026-08-16 21:11:53.339   Installing the file.
2026-08-16 21:11:53.343   Successfully installed the file.
2026-08-16 21:11:53.343   -- File entry --
2026-08-16 21:11:53.343   Dest filename: C:\Users\in15\AppData\Local\DriveBackup\_internal\_tcl_data\tzdata\Africa\Johannesburg
2026-08-16 21:11:53.343   Time stamp of our file: 2026-08-16 21:06:02.000
2026-08-16 21:11:53.343   Dest file exists.
2026-08-16 21:11:53.344   Time stamp of existing file: 2026-08-16 21:06:02.000
2026-08-16 21:11:53.344   Installing the file.
2026-08-16 21:11:53.347   Successfully installed the file.
2026-08-16 21:11:53.347   -- File entry --
2026-08-16 21:11:53.348   Dest filename: C:\Users\in15\AppData\Local\DriveBackup\_internal\_tcl_data\tzdata\Africa\Juba
2026-08-16 21:11:53.348   Time stamp of our file: 2026-08-16 21:06:02.000
2026-08-16 21:11:53.348   Dest file exists.
2026-08-16 21:11:53.348   Time stamp of existing file: 2026-08-16 21:06:02.000
2026-08-16 21:11:53.348   Installing the file.
2026-08-16 21:11:53.352   Successfully installed the file.
2026-08-16 21:11:53.352   -- File entry --
2026-08-16 21:11:53.352   Dest filename: C:\Users\in15\AppData\Local\DriveBackup\_internal\_tcl_data\tzdata\Africa\Kampala
2026-08-16 21:11:53.352   Time stamp of our file: 2026-08-16 21:06:02.000
2026-08-16 21:11:53.352   Dest file exists.
2026-08-16 21:11:53.352   Time stamp of existing file: 2026-08-16 21:06:02.000
2026-08-16 21:11:53.352   Installing the file.
2026-08-16 21:11:53.358   Successfully installed the file.
2026-08-16 21:11:53.358   -- File entry --
2026-08-16 21:11:53.358   Dest filename: C:\Users\in15\AppData\Local\DriveBackup\_internal\_tcl_data\tzdata\Africa\Khartoum
2026-08-16 21:11:53.358   Time stamp of our file: 2026-08-16 21:06:02.000
2026-08-16 21:11:53.358   Dest file exists.
2026-08-16 21:11:53.358   Time stamp of existing file: 2026-08-16 21:06:02.000
2026-08-16 21:11:53.358   Installing the file.
2026-08-16 21:11:53.358   Successfully installed the file.
2026-08-16 21:11:53.358   -- File entry --
2026-08-16 21:11:53.358   Dest filename: C:\Users\in15\AppData\Local\DriveBackup\_internal\_tcl_data\tzdata\Africa\Kigali
2026-08-16 21:11:53.358   Time stamp of our file: 2026-08-16 21:06:02.000
2026-08-16 21:11:53.358   Dest file exists.
2026-08-16 21:11:53.358   Time stamp of existing file: 2026-08-16 21:06:02.000
2026-08-16 21:11:53.358   Installing the file.
2026-08-16 21:11:53.358   Successfully installed the file.
2026-08-16 21:11:53.358   -- File entry --
2026-08-16 21:11:53.368   Dest filename: C:\Users\in15\AppData\Local\DriveBackup\_internal\_tcl_data\tzdata\Africa\Kinshasa
2026-08-16 21:11:53.368   Time stamp of our file: 2026-08-16 21:06:02.000
2026-08-16 21:11:53.368   Dest file exists.
2026-08-16 21:11:53.368   Time stamp of existing file: 2026-08-16 21:06:02.000
2026-08-16 21:11:53.368   Installing the file.
2026-08-16 21:11:53.368   Successfully installed the file.
2026-08-16 21:11:53.368   -- File entry --
2026-08-16 21:11:53.368   Dest filename: C:\Users\in15\AppData\Local\DriveBackup\_internal\_tcl_data\tzdata\Africa\Lagos
2026-08-16 21:11:53.368   Time stamp of our file: 2026-08-16 21:06:02.000
2026-08-16 21:11:53.368   Dest file exists.
2026-08-16 21:11:53.368   Time stamp of existing file: 2026-08-16 21:06:02.000
2026-08-16 21:11:53.368   Installing the file.
2026-08-16 21:11:53.368   Successfully installed the file.
2026-08-16 21:11:53.368   -- File entry --
2026-08-16 21:11:53.368   Dest filename: C:\Users\in15\AppData\Local\DriveBackup\_internal\_tcl_data\tzdata\Africa\Libreville
2026-08-16 21:11:53.368   Time stamp of our file: 2026-08-16 21:06:02.000
2026-08-16 21:11:53.368   Dest file exists.
2026-08-16 21:11:53.368   Time stamp of existing file: 2026-08-16 21:06:02.000
2026-08-16 21:11:53.368   Installing the file.
2026-08-16 21:11:53.368   Successfully installed the file.
2026-08-16 21:11:53.368   -- File entry --
2026-08-16 21:11:53.368   Dest filename: C:\Users\in15\AppData\Local\DriveBackup\_internal\_tcl_data\tzdata\Africa\Lome
2026-08-16 21:11:53.368   Time stamp of our file: 2026-08-16 21:06:02.000
2026-08-16 21:11:53.368   Dest file exists.
2026-08-16 21:11:53.384   Time stamp of existing file: 2026-08-16 21:06:02.000
2026-08-16 21:11:53.384   Installing the file.
2026-08-16 21:11:53.388   Successfully installed the file.
2026-08-16 21:11:53.388   -- File entry --
2026-08-16 21:11:53.389   Dest filename: C:\Users\in15\AppData\Local\DriveBackup\_internal\_tcl_data\tzdata\Africa\Luanda
2026-08-16 21:11:53.389   Time stamp of our file: 2026-08-16 21:06:02.000
2026-08-16 21:11:53.389   Dest file exists.
2026-08-16 21:11:53.390   Time stamp of existing file: 2026-08-16 21:06:02.000
2026-08-16 21:11:53.390   Installing the file.
2026-08-16 21:11:53.394   Successfully installed the file.
2026-08-16 21:11:53.394   -- File entry --
2026-08-16 21:11:53.394   Dest filename: C:\Users\in15\AppData\Local\DriveBackup\_internal\_tcl_data\tzdata\Africa\Lubumbashi
2026-08-16 21:11:53.395   Time stamp of our file: 2026-08-16 21:06:02.000
2026-08-16 21:11:53.395   Dest file exists.
2026-08-16 21:11:53.395   Time stamp of existing file: 2026-08-16 21:06:02.000
2026-08-16 21:11:53.395   Installing the file.
2026-08-16 21:11:53.399   Successfully installed the file.
2026-08-16 21:11:53.399   -- File entry --
2026-08-16 21:11:53.399   Dest filename: C:\Users\in15\AppData\Local\DriveBackup\_internal\_tcl_data\tzdata\Africa\Lusaka
2026-08-16 21:11:53.400   Time stamp of our file: 2026-08-16 21:06:02.000
2026-08-16 21:11:53.400   Dest file exists.
2026-08-16 21:11:53.400   Time stamp of existing file: 2026-08-16 21:06:02.000
2026-08-16 21:11:53.400   Installing the file.
2026-08-16 21:11:53.408   Successfully installed the file.
2026-08-16 21:11:53.408   -- File entry --
2026-08-16 21:11:53.408   Dest filename: C:\Users\in15\AppData\Local\DriveBackup\_internal\_tcl_data\tzdata\Africa\Malabo
2026-08-16 21:11:53.408   Time stamp of our file: 2026-08-16 21:06:02.000
2026-08-16 21:11:53.408   Dest file exists.
2026-08-16 21:11:53.408   Time stamp of existing file: 2026-08-16 21:06:02.000
2026-08-16 21:11:53.408   Installing the file.
2026-08-16 21:11:53.412   Successfully installed the file.
2026-08-16 21:11:53.412   -- File entry --
2026-08-16 21:11:53.412   Dest filename: C:\Users\in15\AppData\Local\DriveBackup\_internal\_tcl_data\tzdata\Africa\Maputo
2026-08-16 21:11:53.412   Time stamp of our file: 2026-08-16 21:06:02.000
2026-08-16 21:11:53.412   Dest file exists.
2026-08-16 21:11:53.412   Time stamp of existing file: 2026-08-16 21:06:02.000
2026-08-16 21:11:53.412   Installing the file.
2026-08-16 21:11:53.419   Successfully installed the file.
2026-08-16 21:11:53.419   -- File entry --
2026-08-16 21:11:53.419   Dest filename: C:\Users\in15\AppData\Local\DriveBackup\_internal\_tcl_data\tzdata\Africa\Maseru
2026-08-16 21:11:53.420   Time stamp of our file: 2026-08-16 21:06:02.000
2026-08-16 21:11:53.420   Dest file exists.
2026-08-16 21:11:53.420   Time stamp of existing file: 2026-08-16 21:06:02.000
2026-08-16 21:11:53.421   Installing the file.
2026-08-16 21:11:53.425   Successfully installed the file.
2026-08-16 21:11:53.425   -- File entry --
2026-08-16 21:11:53.425   Dest filename: C:\Users\in15\AppData\Local\DriveBackup\_internal\_tcl_data\tzdata\Africa\Mbabane
2026-08-16 21:11:53.426   Time stamp of our file: 2026-08-16 21:06:02.000
2026-08-16 21:11:53.426   Dest file exists.
2026-08-16 21:11:53.426   Time stamp of existing file: 2026-08-16 21:06:02.000
2026-08-16 21:11:53.426   Installing the file.
2026-08-16 21:11:53.429   Successfully installed the file.
2026-08-16 21:11:53.429   -- File entry --
2026-08-16 21:11:53.430   Dest filename: C:\Users\in15\AppData\Local\DriveBackup\_internal\_tcl_data\tzdata\Africa\Mogadishu
2026-08-16 21:11:53.430   Time stamp of our file: 2026-08-16 21:06:02.000
2026-08-16 21:11:53.430   Dest file exists.
2026-08-16 21:11:53.430   Time stamp of existing file: 2026-08-16 21:06:02.000
2026-08-16 21:11:53.431   Installing the file.
2026-08-16 21:11:53.434   Successfully installed the file.
2026-08-16 21:11:53.434   -- File entry --
2026-08-16 21:11:53.435   Dest filename: C:\Users\in15\AppData\Local\DriveBackup\_internal\_tcl_data\tzdata\Africa\Monrovia
2026-08-16 21:11:53.435   Time stamp of our file: 2026-08-16 21:06:02.000
2026-08-16 21:11:53.436   Dest file exists.
2026-08-16 21:11:53.436   Time stamp of existing file: 2026-08-16 21:06:02.000
2026-08-16 21:11:53.436   Installing the file.
2026-08-16 21:11:53.440   Successfully installed the file.
2026-08-16 21:11:53.440   -- File entry --
2026-08-16 21:11:53.440   Dest filename: C:\Users\in15\AppData\Local\DriveBackup\_internal\_tcl_data\tzdata\Africa\Nairobi
2026-08-16 21:11:53.441   Time stamp of our file: 2026-08-16 21:06:02.000
2026-08-16 21:11:53.441   Dest file exists.
2026-08-16 21:11:53.441   Time stamp of existing file: 2026-08-16 21:06:02.000
2026-08-16 21:11:53.441   Installing the file.
2026-08-16 21:11:53.445   Successfully installed the file.
2026-08-16 21:11:53.446   -- File entry --
2026-08-16 21:11:53.446   Dest filename: C:\Users\in15\AppData\Local\DriveBackup\_internal\_tcl_data\tzdata\Africa\Ndjamena
2026-08-16 21:11:53.447   Time stamp of our file: 2026-08-16 21:06:02.000
2026-08-16 21:11:53.447   Dest file exists.
2026-08-16 21:11:53.447   Time stamp of existing file: 2026-08-16 21:06:02.000
2026-08-16 21:11:53.447   Installing the file.
2026-08-16 21:11:53.451   Successfully installed the file.
2026-08-16 21:11:53.451   -- File entry --
2026-08-16 21:11:53.451   Dest filename: C:\Users\in15\AppData\Local\DriveBackup\_internal\_tcl_data\tzdata\Africa\Niamey
2026-08-16 21:11:53.452   Time stamp of our file: 2026-08-16 21:06:02.000
2026-08-16 21:11:53.452   Dest file exists.
2026-08-16 21:11:53.452   Time stamp of existing file: 2026-08-16 21:06:02.000
2026-08-16 21:11:53.452   Installing the file.
2026-08-16 21:11:53.453   Successfully installed the file.
2026-08-16 21:11:53.453   -- File entry --
2026-08-16 21:11:53.453   Dest filename: C:\Users\in15\AppData\Local\DriveBackup\_internal\_tcl_data\tzdata\Africa\Nouakchott
2026-08-16 21:11:53.453   Time stamp of our file: 2026-08-16 21:06:02.000
2026-08-16 21:11:53.453   Dest file exists.
2026-08-16 21:11:53.453   Time stamp of existing file: 2026-08-16 21:06:02.000
2026-08-16 21:11:53.453   Installing the file.
2026-08-16 21:11:53.453   Successfully installed the file.
2026-08-16 21:11:53.453   -- File entry --
2026-08-16 21:11:53.453   Dest filename: C:\Users\in15\AppData\Local\DriveBackup\_internal\_tcl_data\tzdata\Africa\Ouagadougou
2026-08-16 21:11:53.453   Time stamp of our file: 2026-08-16 21:06:02.000
2026-08-16 21:11:53.453   Dest file exists.
2026-08-16 21:11:53.453   Time stamp of existing file: 2026-08-16 21:06:02.000
2026-08-16 21:11:53.453   Installing the file.
2026-08-16 21:11:53.453   Successfully installed the file.
2026-08-16 21:11:53.453   -- File entry --
2026-08-16 21:11:53.453   Dest filename: C:\Users\in15\AppData\Local\DriveBackup\_internal\_tcl_data\tzdata\Africa\Porto-Novo
2026-08-16 21:11:53.453   Time stamp of our file: 2026-08-16 21:06:02.000
2026-08-16 21:11:53.453   Dest file exists.
2026-08-16 21:11:53.453   Time stamp of existing file: 2026-08-16 21:06:02.000
2026-08-16 21:11:53.453   Installing the file.
2026-08-16 21:11:53.468   Successfully installed the file.
2026-08-16 21:11:53.468   -- File entry --
2026-08-16 21:11:53.470   Dest filename: C:\Users\in15\AppData\Local\DriveBackup\_internal\_tcl_data\tzdata\Africa\Sao_Tome
2026-08-16 21:11:53.470   Time stamp of our file: 2026-08-16 21:06:02.000
2026-08-16 21:11:53.470   Dest file exists.
2026-08-16 21:11:53.470   Time stamp of existing file: 2026-08-16 21:06:02.000
2026-08-16 21:11:53.470   Installing the file.
2026-08-16 21:11:53.476   Successfully installed the file.
2026-08-16 21:11:53.476   -- File entry --
2026-08-16 21:11:53.476   Dest filename: C:\Users\in15\AppData\Local\DriveBackup\_internal\_tcl_data\tzdata\Africa\Timbuktu
2026-08-16 21:11:53.476   Time stamp of our file: 2026-08-16 21:06:02.000
2026-08-16 21:11:53.476   Dest file exists.
2026-08-16 21:11:53.478   Time stamp of existing file: 2026-08-16 21:06:02.000
2026-08-16 21:11:53.478   Installing the file.
2026-08-16 21:11:53.481   Successfully installed the file.
2026-08-16 21:11:53.481   -- File entry --
2026-08-16 21:11:53.481   Dest filename: C:\Users\in15\AppData\Local\DriveBackup\_internal\_tcl_data\tzdata\Africa\Tripoli
2026-08-16 21:11:53.484   Time stamp of our file: 2026-08-16 21:06:02.000
2026-08-16 21:11:53.484   Dest file exists.
2026-08-16 21:11:53.484   Time stamp of existing file: 2026-08-16 21:06:02.000
2026-08-16 21:11:53.484   Installing the file.
2026-08-16 21:11:53.490   Successfully installed the file.
2026-08-16 21:11:53.490   -- File entry --
2026-08-16 21:11:53.491   Dest filename: C:\Users\in15\AppData\Local\DriveBackup\_internal\_tcl_data\tzdata\Africa\Tunis
2026-08-16 21:11:53.491   Time stamp of our file: 2026-08-16 21:06:02.000
2026-08-16 21:11:53.491   Dest file exists.
2026-08-16 21:11:53.492   Time stamp of existing file: 2026-08-16 21:06:02.000
2026-08-16 21:11:53.492   Installing the file.
2026-08-16 21:11:53.496   Successfully installed the file.
2026-08-16 21:11:53.496   -- File entry --
2026-08-16 21:11:53.496   Dest filename: C:\Users\in15\AppData\Local\DriveBackup\_internal\_tcl_data\tzdata\Africa\Windhoek
2026-08-16 21:11:53.497   Time stamp of our file: 2026-08-16 21:06:02.000
2026-08-16 21:11:53.497   Dest file exists.
2026-08-16 21:11:53.497   Time stamp of existing file: 2026-08-16 21:06:02.000
2026-08-16 21:11:53.497   Installing the file.
2026-08-16 21:11:53.501   Successfully installed the file.
2026-08-16 21:11:53.501   -- File entry --
2026-08-16 21:11:53.502   Dest filename: C:\Users\in15\AppData\Local\DriveBackup\_internal\_tcl_data\tzdata\America\Adak
2026-08-16 21:11:53.502   Time stamp of our file: 2026-08-16 21:06:02.000
2026-08-16 21:11:53.502   Dest file exists.
2026-08-16 21:11:53.502   Time stamp of existing file: 2026-08-16 21:06:02.000
2026-08-16 21:11:53.502   Installing the file.
2026-08-16 21:11:53.507   Successfully installed the file.
2026-08-16 21:11:53.507   -- File entry --
2026-08-16 21:11:53.508   Dest filename: C:\Users\in15\AppData\Local\DriveBackup\_internal\_tcl_data\tzdata\America\Anchorage
2026-08-16 21:11:53.508   Time stamp of our file: 2026-08-16 21:06:02.000
2026-08-16 21:11:53.508   Dest file exists.
2026-08-16 21:11:53.508   Time stamp of existing file: 2026-08-16 21:06:02.000
2026-08-16 21:11:53.508   Installing the file.
2026-08-16 21:11:53.513   Successfully installed the file.
2026-08-16 21:11:53.513   -- File entry --
2026-08-16 21:11:53.513   Dest filename: C:\Users\in15\AppData\Local\DriveBackup\_internal\_tcl_data\tzdata\America\Anguilla
2026-08-16 21:11:53.514   Time stamp of our file: 2026-08-16 21:06:02.000
2026-08-16 21:11:53.514   Dest file exists.
2026-08-16 21:11:53.514   Time stamp of existing file: 2026-08-16 21:06:02.000
2026-08-16 21:11:53.514   Installing the file.
2026-08-16 21:11:53.518   Successfully installed the file.
2026-08-16 21:11:53.518   -- File entry --
2026-08-16 21:11:53.518   Dest filename: C:\Users\in15\AppData\Local\DriveBackup\_internal\_tcl_data\tzdata\America\Antigua
2026-08-16 21:11:53.519   Time stamp of our file: 2026-08-16 21:06:02.000
2026-08-16 21:11:53.519   Dest file exists.
2026-08-16 21:11:53.519   Time stamp of existing file: 2026-08-16 21:06:02.000
2026-08-16 21:11:53.519   Installing the file.
2026-08-16 21:11:53.525   Successfully installed the file.
2026-08-16 21:11:53.525   -- File entry --
2026-08-16 21:11:53.525   Dest filename: C:\Users\in15\AppData\Local\DriveBackup\_internal\_tcl_data\tzdata\America\Araguaina
2026-08-16 21:11:53.526   Time stamp of our file: 2026-08-16 21:06:02.000
2026-08-16 21:11:53.526   Dest file exists.
2026-08-16 21:11:53.526   Time stamp of existing file: 2026-08-16 21:06:02.000
2026-08-16 21:11:53.527   Installing the file.
2026-08-16 21:11:53.531   Successfully installed the file.
2026-08-16 21:11:53.531   -- File entry --
2026-08-16 21:11:53.531   Dest filename: C:\Users\in15\AppData\Local\DriveBackup\_internal\_tcl_data\tzdata\America\Aruba
2026-08-16 21:11:53.532   Time stamp of our file: 2026-08-16 21:06:02.000
2026-08-16 21:11:53.532   Dest file exists.
2026-08-16 21:11:53.532   Time stamp of existing file: 2026-08-16 21:06:02.000
2026-08-16 21:11:53.532   Installing the file.
2026-08-16 21:11:53.539   Successfully installed the file.
2026-08-16 21:11:53.539   -- File entry --
2026-08-16 21:11:53.541   Dest filename: C:\Users\in15\AppData\Local\DriveBackup\_internal\_tcl_data\tzdata\America\Asuncion
2026-08-16 21:11:53.541   Time stamp of our file: 2026-08-16 21:06:02.000
2026-08-16 21:11:53.541   Dest file exists.
2026-08-16 21:11:53.541   Time stamp of existing file: 2026-08-16 21:06:02.000
2026-08-16 21:11:53.541   Installing the file.
2026-08-16 21:11:53.544   Successfully installed the file.
2026-08-16 21:11:53.544   -- File entry --
2026-08-16 21:11:53.544   Dest filename: C:\Users\in15\AppData\Local\DriveBackup\_internal\_tcl_data\tzdata\America\Atikokan
2026-08-16 21:11:53.544   Time stamp of our file: 2026-08-16 21:06:02.000
2026-08-16 21:11:53.544   Dest file exists.
2026-08-16 21:11:53.544   Time stamp of existing file: 2026-08-16 21:06:02.000
2026-08-16 21:11:53.544   Installing the file.
2026-08-16 21:11:53.550   Successfully installed the file.
2026-08-16 21:11:53.550   -- File entry --
2026-08-16 21:11:53.552   Dest filename: C:\Users\in15\AppData\Local\DriveBackup\_internal\_tcl_data\tzdata\America\Atka
2026-08-16 21:11:53.553   Time stamp of our file: 2026-08-16 21:06:02.000
2026-08-16 21:11:53.553   Dest file exists.
2026-08-16 21:11:53.553   Time stamp of existing file: 2026-08-16 21:06:02.000
2026-08-16 21:11:53.553   Installing the file.
2026-08-16 21:11:53.557   Successfully installed the file.
2026-08-16 21:11:53.557   -- File entry --
2026-08-16 21:11:53.557   Dest filename: C:\Users\in15\AppData\Local\DriveBackup\_internal\_tcl_data\tzdata\America\Bahia
2026-08-16 21:11:53.558   Time stamp of our file: 2026-08-16 21:06:02.000
2026-08-16 21:11:53.558   Dest file exists.
2026-08-16 21:11:53.558   Time stamp of existing file: 2026-08-16 21:06:02.000
2026-08-16 21:11:53.558   Installing the file.
2026-08-16 21:11:53.561   Successfully installed the file.
2026-08-16 21:11:53.562   -- File entry --
2026-08-16 21:11:53.562   Dest filename: C:\Users\in15\AppData\Local\DriveBackup\_internal\_tcl_data\tzdata\America\Bahia_Banderas
2026-08-16 21:11:53.562   Time stamp of our file: 2026-08-16 21:06:02.000
2026-08-16 21:11:53.562   Dest file exists.
2026-08-16 21:11:53.562   Time stamp of existing file: 2026-08-16 21:06:02.000
2026-08-16 21:11:53.562   Installing the file.
2026-08-16 21:11:53.566   Successfully installed the file.
2026-08-16 21:11:53.566   -- File entry --
2026-08-16 21:11:53.567   Dest filename: C:\Users\in15\AppData\Local\DriveBackup\_internal\_tcl_data\tzdata\America\Barbados
2026-08-16 21:11:53.567   Time stamp of our file: 2026-08-16 21:06:02.000
2026-08-16 21:11:53.567   Dest file exists.
2026-08-16 21:11:53.568   Time stamp of existing file: 2026-08-16 21:06:02.000
2026-08-16 21:11:53.568   Installing the file.
2026-08-16 21:11:53.572   Successfully installed the file.
2026-08-16 21:11:53.572   -- File entry --
2026-08-16 21:11:53.572   Dest filename: C:\Users\in15\AppData\Local\DriveBackup\_internal\_tcl_data\tzdata\America\Belem
2026-08-16 21:11:53.572   Time stamp of our file: 2026-08-16 21:06:02.000
2026-08-16 21:11:53.572   Dest file exists.
2026-08-16 21:11:53.575   Time stamp of existing file: 2026-08-16 21:06:02.000
2026-08-16 21:11:53.575   Installing the file.
2026-08-16 21:11:53.579   Successfully installed the file.
2026-08-16 21:11:53.579   -- File entry --
2026-08-16 21:11:53.579   Dest filename: C:\Users\in15\AppData\Local\DriveBackup\_internal\_tcl_data\tzdata\America\Belize
2026-08-16 21:11:53.581   Time stamp of our file: 2026-08-16 21:06:02.000
2026-08-16 21:11:53.581   Dest file exists.
2026-08-16 21:11:53.581   Time stamp of existing file: 2026-08-16 21:06:02.000
2026-08-16 21:11:53.581   Installing the file.
2026-08-16 21:11:53.586   Successfully installed the file.
2026-08-16 21:11:53.586   -- File entry --
2026-08-16 21:11:53.587   Dest filename: C:\Users\in15\AppData\Local\DriveBackup\_internal\_tcl_data\tzdata\America\Blanc-Sablon
2026-08-16 21:11:53.587   Time stamp of our file: 2026-08-16 21:06:02.000
2026-08-16 21:11:53.587   Dest file exists.
2026-08-16 21:11:53.588   Time stamp of existing file: 2026-08-16 21:06:02.000
2026-08-16 21:11:53.588   Installing the file.
2026-08-16 21:11:53.593   Successfully installed the file.
2026-08-16 21:11:53.593   -- File entry --
2026-08-16 21:11:53.593   Dest filename: C:\Users\in15\AppData\Local\DriveBackup\_internal\_tcl_data\tzdata\America\Boa_Vista
2026-08-16 21:11:53.594   Time stamp of our file: 2026-08-16 21:06:02.000
2026-08-16 21:11:53.594   Dest file exists.
2026-08-16 21:11:53.594   Time stamp of existing file: 2026-08-16 21:06:02.000
2026-08-16 21:11:53.594   Installing the file.
2026-08-16 21:11:53.599   Successfully installed the file.
2026-08-16 21:11:53.599   -- File entry --
2026-08-16 21:11:53.599   Dest filename: C:\Users\in15\AppData\Local\DriveBackup\_internal\_tcl_data\tzdata\America\Bogota
2026-08-16 21:11:53.600   Time stamp of our file: 2026-08-16 21:06:02.000
2026-08-16 21:11:53.600   Dest file exists.
2026-08-16 21:11:53.600   Time stamp of existing file: 2026-08-16 21:06:02.000
2026-08-16 21:11:53.600   Installing the file.
2026-08-16 21:11:53.604   Successfully installed the file.
2026-08-16 21:11:53.605   -- File entry --
2026-08-16 21:11:53.605   Dest filename: C:\Users\in15\AppData\Local\DriveBackup\_internal\_tcl_data\tzdata\America\Boise
2026-08-16 21:11:53.605   Time stamp of our file: 2026-08-16 21:06:02.000
2026-08-16 21:11:53.605   Dest file exists.
2026-08-16 21:11:53.606   Time stamp of existing file: 2026-08-16 21:06:02.000
2026-08-16 21:11:53.606   Installing the file.
2026-08-16 21:11:53.610   Successfully installed the file.
2026-08-16 21:11:53.610   -- File entry --
2026-08-16 21:11:53.610   Dest filename: C:\Users\in15\AppData\Local\DriveBackup\_internal\_tcl_data\tzdata\America\Buenos_Aires
2026-08-16 21:11:53.611   Time stamp of our file: 2026-08-16 21:06:02.000
2026-08-16 21:11:53.611   Dest file exists.
2026-08-16 21:11:53.611   Time stamp of existing file: 2026-08-16 21:06:02.000
2026-08-16 21:11:53.611   Installing the file.
2026-08-16 21:11:53.615   Successfully installed the file.
2026-08-16 21:11:53.615   -- File entry --
2026-08-16 21:11:53.615   Dest filename: C:\Users\in15\AppData\Local\DriveBackup\_internal\_tcl_data\tzdata\America\Cambridge_Bay
2026-08-16 21:11:53.616   Time stamp of our file: 2026-08-16 21:06:02.000
2026-08-16 21:11:53.616   Dest file exists.
2026-08-16 21:11:53.616   Time stamp of existing file: 2026-08-16 21:06:02.000
2026-08-16 21:11:53.616   Installing the file.
2026-08-16 21:11:53.623   Successfully installed the file.
2026-08-16 21:11:53.623   -- File entry --
2026-08-16 21:11:53.623   Dest filename: C:\Users\in15\AppData\Local\DriveBackup\_internal\_tcl_data\tzdata\America\Campo_Grande
2026-08-16 21:11:53.623   Time stamp of our file: 2026-08-16 21:06:02.000
2026-08-16 21:11:53.623   Dest file exists.
2026-08-16 21:11:53.623   Time stamp of existing file: 2026-08-16 21:06:02.000
2026-08-16 21:11:53.623   Installing the file.
2026-08-16 21:11:53.625   Successfully installed the file.
2026-08-16 21:11:53.625   -- File entry --
2026-08-16 21:11:53.625   Dest filename: C:\Users\in15\AppData\Local\DriveBackup\_internal\_tcl_data\tzdata\America\Cancun
2026-08-16 21:11:53.629   Time stamp of our file: 2026-08-16 21:06:02.000
2026-08-16 21:11:53.629   Dest file exists.
2026-08-16 21:11:53.629   Time stamp of existing file: 2026-08-16 21:06:02.000
2026-08-16 21:11:53.629   Installing the file.
2026-08-16 21:11:53.629   Successfully installed the file.
2026-08-16 21:11:53.629   -- File entry --
2026-08-16 21:11:53.634   Dest filename: C:\Users\in15\AppData\Local\DriveBackup\_internal\_tcl_data\tzdata\America\Caracas
2026-08-16 21:11:53.635   Time stamp of our file: 2026-08-16 21:06:02.000
2026-08-16 21:11:53.635   Dest file exists.
2026-08-16 21:11:53.635   Time stamp of existing file: 2026-08-16 21:06:02.000
2026-08-16 21:11:53.635   Installing the file.
2026-08-16 21:11:53.640   Successfully installed the file.
2026-08-16 21:11:53.640   -- File entry --
2026-08-16 21:11:53.640   Dest filename: C:\Users\in15\AppData\Local\DriveBackup\_internal\_tcl_data\tzdata\America\Catamarca
2026-08-16 21:11:53.640   Time stamp of our file: 2026-08-16 21:06:02.000
2026-08-16 21:11:53.640   Dest file exists.
2026-08-16 21:11:53.640   Time stamp of existing file: 2026-08-16 21:06:02.000
2026-08-16 21:11:53.640   Installing the file.
2026-08-16 21:11:53.645   Successfully installed the file.
2026-08-16 21:11:53.647   -- File entry --
2026-08-16 21:11:53.647   Dest filename: C:\Users\in15\AppData\Local\DriveBackup\_internal\_tcl_data\tzdata\America\Cayenne
2026-08-16 21:11:53.647   Time stamp of our file: 2026-08-16 21:06:02.000
2026-08-16 21:11:53.647   Dest file exists.
2026-08-16 21:11:53.647   Time stamp of existing file: 2026-08-16 21:06:02.000
2026-08-16 21:11:53.647   Installing the file.
2026-08-16 21:11:53.652   Successfully installed the file.
2026-08-16 21:11:53.652   -- File entry --
2026-08-16 21:11:53.653   Dest filename: C:\Users\in15\AppData\Local\DriveBackup\_internal\_tcl_data\tzdata\America\Cayman
2026-08-16 21:11:53.653   Time stamp of our file: 2026-08-16 21:06:02.000
2026-08-16 21:11:53.653   Dest file exists.
2026-08-16 21:11:53.654   Time stamp of existing file: 2026-08-16 21:06:02.000
2026-08-16 21:11:53.654   Installing the file.
2026-08-16 21:11:53.657   Successfully installed the file.
2026-08-16 21:11:53.658   -- File entry --
2026-08-16 21:11:53.658   Dest filename: C:\Users\in15\AppData\Local\DriveBackup\_internal\_tcl_data\tzdata\America\Chicago
2026-08-16 21:11:53.658   Time stamp of our file: 2026-08-16 21:06:02.000
2026-08-16 21:11:53.658   Dest file exists.
2026-08-16 21:11:53.659   Time stamp of existing file: 2026-08-16 21:06:02.000
2026-08-16 21:11:53.659   Installing the file.
2026-08-16 21:11:53.663   Successfully installed the file.
2026-08-16 21:11:53.663   -- File entry --
2026-08-16 21:11:53.663   Dest filename: C:\Users\in15\AppData\Local\DriveBackup\_internal\_tcl_data\tzdata\America\Chihuahua
2026-08-16 21:11:53.664   Time stamp of our file: 2026-08-16 21:06:02.000
2026-08-16 21:11:53.664   Dest file exists.
2026-08-16 21:11:53.664   Time stamp of existing file: 2026-08-16 21:06:02.000
2026-08-16 21:11:53.664   Installing the file.
2026-08-16 21:11:53.667   Successfully installed the file.
2026-08-16 21:11:53.667   -- File entry --
2026-08-16 21:11:53.668   Dest filename: C:\Users\in15\AppData\Local\DriveBackup\_internal\_tcl_data\tzdata\America\Ciudad_Juarez
2026-08-16 21:11:53.668   Time stamp of our file: 2026-08-16 21:06:02.000
2026-08-16 21:11:53.668   Dest file exists.
2026-08-16 21:11:53.668   Time stamp of existing file: 2026-08-16 21:06:02.000
2026-08-16 21:11:53.668   Installing the file.
2026-08-16 21:11:53.674   Successfully installed the file.
2026-08-16 21:11:53.674   -- File entry --
2026-08-16 21:11:53.675   Dest filename: C:\Users\in15\AppData\Local\DriveBackup\_internal\_tcl_data\tzdata\America\Coral_Harbour
2026-08-16 21:11:53.675   Time stamp of our file: 2026-08-16 21:06:02.000
2026-08-16 21:11:53.675   Dest file exists.
2026-08-16 21:11:53.676   Time stamp of existing file: 2026-08-16 21:06:02.000
2026-08-16 21:11:53.676   Installing the file.
2026-08-16 21:11:53.683   Successfully installed the file.
2026-08-16 21:11:53.683   -- File entry --
2026-08-16 21:11:53.683   Dest filename: C:\Users\in15\AppData\Local\DriveBackup\_internal\_tcl_data\tzdata\America\Cordoba
2026-08-16 21:11:53.683   Time stamp of our file: 2026-08-16 21:06:02.000
2026-08-16 21:11:53.683   Dest file exists.
2026-08-16 21:11:53.683   Time stamp of existing file: 2026-08-16 21:06:02.000
2026-08-16 21:11:53.683   Installing the file.
2026-08-16 21:11:53.691   Successfully installed the file.
2026-08-16 21:11:53.691   -- File entry --
2026-08-16 21:11:53.691   Dest filename: C:\Users\in15\AppData\Local\DriveBackup\_internal\_tcl_data\tzdata\America\Costa_Rica
2026-08-16 21:11:53.692   Time stamp of our file: 2026-08-16 21:06:02.000
2026-08-16 21:11:53.692   Dest file exists.
2026-08-16 21:11:53.692   Time stamp of existing file: 2026-08-16 21:06:02.000
2026-08-16 21:11:53.692   Installing the file.
2026-08-16 21:11:53.697   Successfully installed the file.
2026-08-16 21:11:53.697   -- File entry --
2026-08-16 21:11:53.697   Dest filename: C:\Users\in15\AppData\Local\DriveBackup\_internal\_tcl_data\tzdata\America\Creston
2026-08-16 21:11:53.699   Time stamp of our file: 2026-08-16 21:06:02.000
2026-08-16 21:11:53.699   Dest file exists.
2026-08-16 21:11:53.699   Time stamp of existing file: 2026-08-16 21:06:02.000
2026-08-16 21:11:53.700   Installing the file.
2026-08-16 21:11:53.713   Successfully installed the file.
2026-08-16 21:11:53.714   -- File entry --
2026-08-16 21:11:53.715   Dest filename: C:\Users\in15\AppData\Local\DriveBackup\_internal\_tcl_data\tzdata\America\Cuiaba
2026-08-16 21:11:53.715   Time stamp of our file: 2026-08-16 21:06:02.000
2026-08-16 21:11:53.715   Dest file exists.
2026-08-16 21:11:53.715   Time stamp of existing file: 2026-08-16 21:06:02.000
2026-08-16 21:11:53.715   Installing the file.
2026-08-16 21:11:53.723   Successfully installed the file.
2026-08-16 21:11:53.723   -- File entry --
2026-08-16 21:11:53.724   Dest filename: C:\Users\in15\AppData\Local\DriveBackup\_internal\_tcl_data\tzdata\America\Curacao
2026-08-16 21:11:53.724   Time stamp of our file: 2026-08-16 21:06:02.000
2026-08-16 21:11:53.724   Dest file exists.
2026-08-16 21:11:53.725   Time stamp of existing file: 2026-08-16 21:06:02.000
2026-08-16 21:11:53.725   Installing the file.
2026-08-16 21:11:53.728   Successfully installed the file.
2026-08-16 21:11:53.728   -- File entry --
2026-08-16 21:11:53.730   Dest filename: C:\Users\in15\AppData\Local\DriveBackup\_internal\_tcl_data\tzdata\America\Danmarkshavn
2026-08-16 21:11:53.730   Time stamp of our file: 2026-08-16 21:06:02.000
2026-08-16 21:11:53.730   Dest file exists.
2026-08-16 21:11:53.730   Time stamp of existing file: 2026-08-16 21:06:02.000
2026-08-16 21:11:53.731   Installing the file.
2026-08-16 21:11:53.738   Successfully installed the file.
2026-08-16 21:11:53.738   -- File entry --
2026-08-16 21:11:53.739   Dest filename: C:\Users\in15\AppData\Local\DriveBackup\_internal\_tcl_data\tzdata\America\Dawson
2026-08-16 21:11:53.739   Time stamp of our file: 2026-08-16 21:06:02.000
2026-08-16 21:11:53.740   Dest file exists.
2026-08-16 21:11:53.740   Time stamp of existing file: 2026-08-16 21:06:02.000
2026-08-16 21:11:53.740   Installing the file.
2026-08-16 21:11:53.745   Successfully installed the file.
2026-08-16 21:11:53.745   -- File entry --
2026-08-16 21:11:53.745   Dest filename: C:\Users\in15\AppData\Local\DriveBackup\_internal\_tcl_data\tzdata\America\Dawson_Creek
2026-08-16 21:11:53.746   Time stamp of our file: 2026-08-16 21:06:02.000
2026-08-16 21:11:53.746   Dest file exists.
2026-08-16 21:11:53.746   Time stamp of existing file: 2026-08-16 21:06:02.000
2026-08-16 21:11:53.746   Installing the file.
2026-08-16 21:11:53.756   Successfully installed the file.
2026-08-16 21:11:53.756   -- File entry --
2026-08-16 21:11:53.758   Dest filename: C:\Users\in15\AppData\Local\DriveBackup\_internal\_tcl_data\tzdata\America\Denver
2026-08-16 21:11:53.758   Time stamp of our file: 2026-08-16 21:06:02.000
2026-08-16 21:11:53.758   Dest file exists.
2026-08-16 21:11:53.760   Time stamp of existing file: 2026-08-16 21:06:02.000
2026-08-16 21:11:53.762   Installing the file.
2026-08-16 21:11:53.775   Successfully installed the file.
2026-08-16 21:11:53.775   -- File entry --
2026-08-16 21:11:53.775   Dest filename: C:\Users\in15\AppData\Local\DriveBackup\_internal\_tcl_data\tzdata\America\Detroit
2026-08-16 21:11:53.777   Time stamp of our file: 2026-08-16 21:06:02.000
2026-08-16 21:11:53.777   Dest file exists.
2026-08-16 21:11:53.777   Time stamp of existing file: 2026-08-16 21:06:02.000
2026-08-16 21:11:53.777   Installing the file.
2026-08-16 21:11:53.782   Successfully installed the file.
2026-08-16 21:11:53.782   -- File entry --
2026-08-16 21:11:53.785   Dest filename: C:\Users\in15\AppData\Local\DriveBackup\_internal\_tcl_data\tzdata\America\Dominica
2026-08-16 21:11:53.785   Time stamp of our file: 2026-08-16 21:06:02.000
2026-08-16 21:11:53.785   Dest file exists.
2026-08-16 21:11:53.785   Time stamp of existing file: 2026-08-16 21:06:02.000
2026-08-16 21:11:53.785   Installing the file.
2026-08-16 21:11:53.792   Successfully installed the file.
2026-08-16 21:11:53.792   -- File entry --
2026-08-16 21:11:53.792   Dest filename: C:\Users\in15\AppData\Local\DriveBackup\_internal\_tcl_data\tzdata\America\Edmonton
2026-08-16 21:11:53.794   Time stamp of our file: 2026-08-16 21:06:02.000
2026-08-16 21:11:53.794   Dest file exists.
2026-08-16 21:11:53.794   Time stamp of existing file: 2026-08-16 21:06:02.000
2026-08-16 21:11:53.794   Installing the file.
2026-08-16 21:11:53.798   Successfully installed the file.
2026-08-16 21:11:53.798   -- File entry --
2026-08-16 21:11:53.798   Dest filename: C:\Users\in15\AppData\Local\DriveBackup\_internal\_tcl_data\tzdata\America\Eirunepe
2026-08-16 21:11:53.800   Time stamp of our file: 2026-08-16 21:06:02.000
2026-08-16 21:11:53.800   Dest file exists.
2026-08-16 21:11:53.800   Time stamp of existing file: 2026-08-16 21:06:02.000
2026-08-16 21:11:53.800   Installing the file.
2026-08-16 21:11:53.807   Successfully installed the file.
2026-08-16 21:11:53.808   -- File entry --
2026-08-16 21:11:53.808   Dest filename: C:\Users\in15\AppData\Local\DriveBackup\_internal\_tcl_data\tzdata\America\El_Salvador
2026-08-16 21:11:53.809   Time stamp of our file: 2026-08-16 21:06:02.000
2026-08-16 21:11:53.809   Dest file exists.
2026-08-16 21:11:53.809   Time stamp of existing file: 2026-08-16 21:06:02.000
2026-08-16 21:11:53.809   Installing the file.
2026-08-16 21:11:53.816   Successfully installed the file.
2026-08-16 21:11:53.817   -- File entry --
2026-08-16 21:11:53.817   Dest filename: C:\Users\in15\AppData\Local\DriveBackup\_internal\_tcl_data\tzdata\America\Ensenada
2026-08-16 21:11:53.818   Time stamp of our file: 2026-08-16 21:06:02.000
2026-08-16 21:11:53.818   Dest file exists.
2026-08-16 21:11:53.818   Time stamp of existing file: 2026-08-16 21:06:02.000
2026-08-16 21:11:53.818   Installing the file.
2026-08-16 21:11:53.823   Successfully installed the file.
2026-08-16 21:11:53.823   -- File entry --
2026-08-16 21:11:53.824   Dest filename: C:\Users\in15\AppData\Local\DriveBackup\_internal\_tcl_data\tzdata\America\Fortaleza
2026-08-16 21:11:53.824   Time stamp of our file: 2026-08-16 21:06:02.000
2026-08-16 21:11:53.824   Dest file exists.
2026-08-16 21:11:53.824   Time stamp of existing file: 2026-08-16 21:06:02.000
2026-08-16 21:11:53.824   Installing the file.
2026-08-16 21:11:53.828   Successfully installed the file.
2026-08-16 21:11:53.828   -- File entry --
2026-08-16 21:11:53.828   Dest filename: C:\Users\in15\AppData\Local\DriveBackup\_internal\_tcl_data\tzdata\America\Fort_Nelson
2026-08-16 21:11:53.829   Time stamp of our file: 2026-08-16 21:06:02.000
2026-08-16 21:11:53.829   Dest file exists.
2026-08-16 21:11:53.829   Time stamp of existing file: 2026-08-16 21:06:02.000
2026-08-16 21:11:53.829   Installing the file.
2026-08-16 21:11:53.833   Successfully installed the file.
2026-08-16 21:11:53.833   -- File entry --
2026-08-16 21:11:53.833   Dest filename: C:\Users\in15\AppData\Local\DriveBackup\_internal\_tcl_data\tzdata\America\Fort_Wayne
2026-08-16 21:11:53.834   Time stamp of our file: 2026-08-16 21:06:02.000
2026-08-16 21:11:53.834   Dest file exists.
2026-08-16 21:11:53.834   Time stamp of existing file: 2026-08-16 21:06:02.000
2026-08-16 21:11:53.834   Installing the file.
2026-08-16 21:11:53.840   Successfully installed the file.
2026-08-16 21:11:53.840   -- File entry --
2026-08-16 21:11:53.840   Dest filename: C:\Users\in15\AppData\Local\DriveBackup\_internal\_tcl_data\tzdata\America\Glace_Bay
2026-08-16 21:11:53.840   Time stamp of our file: 2026-08-16 21:06:02.000
2026-08-16 21:11:53.840   Dest file exists.
2026-08-16 21:11:53.842   Time stamp of existing file: 2026-08-16 21:06:02.000
2026-08-16 21:11:53.842   Installing the file.
2026-08-16 21:11:53.846   Successfully installed the file.
2026-08-16 21:11:53.846   -- File entry --
2026-08-16 21:11:53.846   Dest filename: C:\Users\in15\AppData\Local\DriveBackup\_internal\_tcl_data\tzdata\America\Godthab
2026-08-16 21:11:53.846   Time stamp of our file: 2026-08-16 21:06:02.000
2026-08-16 21:11:53.846   Dest file exists.
2026-08-16 21:11:53.848   Time stamp of existing file: 2026-08-16 21:06:02.000
2026-08-16 21:11:53.848   Installing the file.
2026-08-16 21:11:53.854   Successfully installed the file.
2026-08-16 21:11:53.854   -- File entry --
2026-08-16 21:11:53.854   Dest filename: C:\Users\in15\AppData\Local\DriveBackup\_internal\_tcl_data\tzdata\America\Goose_Bay
2026-08-16 21:11:53.854   Time stamp of our file: 2026-08-16 21:06:02.000
2026-08-16 21:11:53.854   Dest file exists.
2026-08-16 21:11:53.854   Time stamp of existing file: 2026-08-16 21:06:02.000
2026-08-16 21:11:53.854   Installing the file.
2026-08-16 21:11:53.860   Successfully installed the file.
2026-08-16 21:11:53.860   -- File entry --
2026-08-16 21:11:53.860   Dest filename: C:\Users\in15\AppData\Local\DriveBackup\_internal\_tcl_data\tzdata\America\Grand_Turk
2026-08-16 21:11:53.860   Time stamp of our file: 2026-08-16 21:06:02.000
2026-08-16 21:11:53.860   Dest file exists.
2026-08-16 21:11:53.860   Time stamp of existing file: 2026-08-16 21:06:02.000
2026-08-16 21:11:53.860   Installing the file.
2026-08-16 21:11:53.866   Successfully installed the file.
2026-08-16 21:11:53.866   -- File entry --
2026-08-16 21:11:53.866   Dest filename: C:\Users\in15\AppData\Local\DriveBackup\_internal\_tcl_data\tzdata\America\Grenada
2026-08-16 21:11:53.866   Time stamp of our file: 2026-08-16 21:06:02.000
2026-08-16 21:11:53.866   Dest file exists.
2026-08-16 21:11:53.866   Time stamp of existing file: 2026-08-16 21:06:02.000
2026-08-16 21:11:53.866   Installing the file.
2026-08-16 21:11:53.872   Successfully installed the file.
2026-08-16 21:11:53.872   -- File entry --
2026-08-16 21:11:53.872   Dest filename: C:\Users\in15\AppData\Local\DriveBackup\_internal\_tcl_data\tzdata\America\Guadeloupe
2026-08-16 21:11:53.873   Time stamp of our file: 2026-08-16 21:06:02.000
2026-08-16 21:11:53.873   Dest file exists.
2026-08-16 21:11:53.873   Time stamp of existing file: 2026-08-16 21:06:02.000
2026-08-16 21:11:53.873   Installing the file.
2026-08-16 21:11:53.877   Successfully installed the file.
2026-08-16 21:11:53.877   -- File entry --
2026-08-16 21:11:53.878   Dest filename: C:\Users\in15\AppData\Local\DriveBackup\_internal\_tcl_data\tzdata\America\Guatemala
2026-08-16 21:11:53.878   Time stamp of our file: 2026-08-16 21:06:02.000
2026-08-16 21:11:53.878   Dest file exists.
2026-08-16 21:11:53.879   Time stamp of existing file: 2026-08-16 21:06:02.000
2026-08-16 21:11:53.879   Installing the file.
2026-08-16 21:11:53.883   Successfully installed the file.
2026-08-16 21:11:53.883   -- File entry --
2026-08-16 21:11:53.884   Dest filename: C:\Users\in15\AppData\Local\DriveBackup\_internal\_tcl_data\tzdata\America\Guayaquil
2026-08-16 21:11:53.885   Time stamp of our file: 2026-08-16 21:06:02.000
2026-08-16 21:11:53.885   Dest file exists.
2026-08-16 21:11:53.885   Time stamp of existing file: 2026-08-16 21:06:02.000
2026-08-16 21:11:53.886   Installing the file.
2026-08-16 21:11:53.891   Successfully installed the file.
2026-08-16 21:11:53.892   -- File entry --
2026-08-16 21:11:53.892   Dest filename: C:\Users\in15\AppData\Local\DriveBackup\_internal\_tcl_data\tzdata\America\Guyana
2026-08-16 21:11:53.893   Time stamp of our file: 2026-08-16 21:06:02.000
2026-08-16 21:11:53.893   Dest file exists.
2026-08-16 21:11:53.893   Time stamp of existing file: 2026-08-16 21:06:02.000
2026-08-16 21:11:53.893   Installing the file.
2026-08-16 21:11:53.905   Successfully installed the file.
2026-08-16 21:11:53.905   -- File entry --
2026-08-16 21:11:53.906   Dest filename: C:\Users\in15\AppData\Local\DriveBackup\_internal\_tcl_data\tzdata\America\Halifax
2026-08-16 21:11:53.907   Time stamp of our file: 2026-08-16 21:06:02.000
2026-08-16 21:11:53.907   Dest file exists.
2026-08-16 21:11:53.907   Time stamp of existing file: 2026-08-16 21:06:02.000
2026-08-16 21:11:53.907   Installing the file.
2026-08-16 21:11:53.912   Successfully installed the file.
2026-08-16 21:11:53.912   -- File entry --
2026-08-16 21:11:53.912   Dest filename: C:\Users\in15\AppData\Local\DriveBackup\_internal\_tcl_data\tzdata\America\Havana
2026-08-16 21:11:53.913   Time stamp of our file: 2026-08-16 21:06:02.000
2026-08-16 21:11:53.913   Dest file exists.
2026-08-16 21:11:53.913   Time stamp of existing file: 2026-08-16 21:06:02.000
2026-08-16 21:11:53.913   Installing the file.
2026-08-16 21:11:53.918   Successfully installed the file.
2026-08-16 21:11:53.919   -- File entry --
2026-08-16 21:11:53.920   Dest filename: C:\Users\in15\AppData\Local\DriveBackup\_internal\_tcl_data\tzdata\America\Hermosillo
2026-08-16 21:11:53.920   Time stamp of our file: 2026-08-16 21:06:02.000
2026-08-16 21:11:53.920   Dest file exists.
2026-08-16 21:11:53.920   Time stamp of existing file: 2026-08-16 21:06:02.000
2026-08-16 21:11:53.920   Installing the file.
2026-08-16 21:11:53.925   Successfully installed the file.
2026-08-16 21:11:53.925   -- File entry --
2026-08-16 21:11:53.926   Dest filename: C:\Users\in15\AppData\Local\DriveBackup\_internal\_tcl_data\tzdata\America\Indianapolis
2026-08-16 21:11:53.926   Time stamp of our file: 2026-08-16 21:06:02.000
2026-08-16 21:11:53.926   Dest file exists.
2026-08-16 21:11:53.927   Time stamp of existing file: 2026-08-16 21:06:02.000
2026-08-16 21:11:53.927   Installing the file.
2026-08-16 21:11:53.930   Successfully installed the file.
2026-08-16 21:11:53.930   -- File entry --
2026-08-16 21:11:53.931   Dest filename: C:\Users\in15\AppData\Local\DriveBackup\_internal\_tcl_data\tzdata\America\Inuvik
2026-08-16 21:11:53.931   Time stamp of our file: 2026-08-16 21:06:02.000
2026-08-16 21:11:53.931   Dest file exists.
2026-08-16 21:11:53.932   Time stamp of existing file: 2026-08-16 21:06:02.000
2026-08-16 21:11:53.932   Installing the file.
2026-08-16 21:11:53.939   Successfully installed the file.
2026-08-16 21:11:53.939   -- File entry --
2026-08-16 21:11:53.940   Dest filename: C:\Users\in15\AppData\Local\DriveBackup\_internal\_tcl_data\tzdata\America\Iqaluit
2026-08-16 21:11:53.941   Time stamp of our file: 2026-08-16 21:06:02.000
2026-08-16 21:11:53.941   Dest file exists.
2026-08-16 21:11:53.942   Time stamp of existing file: 2026-08-16 21:06:02.000
2026-08-16 21:11:53.943   Installing the file.
2026-08-16 21:11:53.947   Successfully installed the file.
2026-08-16 21:11:53.947   -- File entry --
2026-08-16 21:11:53.948   Dest filename: C:\Users\in15\AppData\Local\DriveBackup\_internal\_tcl_data\tzdata\America\Jamaica
2026-08-16 21:11:53.948   Time stamp of our file: 2026-08-16 21:06:02.000
2026-08-16 21:11:53.948   Dest file exists.
2026-08-16 21:11:53.949   Time stamp of existing file: 2026-08-16 21:06:02.000
2026-08-16 21:11:53.949   Installing the file.
2026-08-16 21:11:53.954   Successfully installed the file.
2026-08-16 21:11:53.954   -- File entry --
2026-08-16 21:11:53.955   Dest filename: C:\Users\in15\AppData\Local\DriveBackup\_internal\_tcl_data\tzdata\America\Jujuy
2026-08-16 21:11:53.955   Time stamp of our file: 2026-08-16 21:06:02.000
2026-08-16 21:11:53.955   Dest file exists.
2026-08-16 21:11:53.956   Time stamp of existing file: 2026-08-16 21:06:02.000
2026-08-16 21:11:53.956   Installing the file.
2026-08-16 21:11:53.962   Successfully installed the file.
2026-08-16 21:11:53.963   -- File entry --
2026-08-16 21:11:53.963   Dest filename: C:\Users\in15\AppData\Local\DriveBackup\_internal\_tcl_data\tzdata\America\Juneau
2026-08-16 21:11:53.964   Time stamp of our file: 2026-08-16 21:06:02.000
2026-08-16 21:11:53.964   Dest file exists.
2026-08-16 21:11:53.966   Time stamp of existing file: 2026-08-16 21:06:02.000
2026-08-16 21:11:53.966   Installing the file.
2026-08-16 21:11:53.977   Successfully installed the file.
2026-08-16 21:11:53.978   -- File entry --
2026-08-16 21:11:53.978   Dest filename: C:\Users\in15\AppData\Local\DriveBackup\_internal\_tcl_data\tzdata\America\Knox_IN
2026-08-16 21:11:53.979   Time stamp of our file: 2026-08-16 21:06:02.000
2026-08-16 21:11:53.979   Dest file exists.
2026-08-16 21:11:53.979   Time stamp of existing file: 2026-08-16 21:06:02.000
2026-08-16 21:11:53.979   Installing the file.
2026-08-16 21:11:53.983   Successfully installed the file.
2026-08-16 21:11:53.983   -- File entry --
2026-08-16 21:11:53.984   Dest filename: C:\Users\in15\AppData\Local\DriveBackup\_internal\_tcl_data\tzdata\America\Kralendijk
2026-08-16 21:11:53.985   Time stamp of our file: 2026-08-16 21:06:02.000
2026-08-16 21:11:53.985   Dest file exists.
2026-08-16 21:11:53.985   Time stamp of existing file: 2026-08-16 21:06:02.000
2026-08-16 21:11:53.985   Installing the file.
2026-08-16 21:11:53.995   Successfully installed the file.
2026-08-16 21:11:53.996   -- File entry --
2026-08-16 21:11:53.997   Dest filename: C:\Users\in15\AppData\Local\DriveBackup\_internal\_tcl_data\tzdata\America\La_Paz
2026-08-16 21:11:53.998   Time stamp of our file: 2026-08-16 21:06:02.000
2026-08-16 21:11:53.998   Dest file exists.
2026-08-16 21:11:53.998   Time stamp of existing file: 2026-08-16 21:06:02.000
2026-08-16 21:11:53.998   Installing the file.
2026-08-16 21:11:54.005   Successfully installed the file.
2026-08-16 21:11:54.005   -- File entry --
2026-08-16 21:11:54.005   Dest filename: C:\Users\in15\AppData\Local\DriveBackup\_internal\_tcl_data\tzdata\America\Lima
2026-08-16 21:11:54.006   Time stamp of our file: 2026-08-16 21:06:02.000
2026-08-16 21:11:54.006   Dest file exists.
2026-08-16 21:11:54.006   Time stamp of existing file: 2026-08-16 21:06:02.000
2026-08-16 21:11:54.006   Installing the file.
2026-08-16 21:11:54.010   Successfully installed the file.
2026-08-16 21:11:54.010   -- File entry --
2026-08-16 21:11:54.011   Dest filename: C:\Users\in15\AppData\Local\DriveBackup\_internal\_tcl_data\tzdata\America\Los_Angeles
2026-08-16 21:11:54.011   Time stamp of our file: 2026-08-16 21:06:02.000
2026-08-16 21:11:54.011   Dest file exists.
2026-08-16 21:11:54.011   Time stamp of existing file: 2026-08-16 21:06:02.000
2026-08-16 21:11:54.011   Installing the file.
2026-08-16 21:11:54.015   Successfully installed the file.
2026-08-16 21:11:54.016   -- File entry --
2026-08-16 21:11:54.016   Dest filename: C:\Users\in15\AppData\Local\DriveBackup\_internal\_tcl_data\tzdata\America\Louisville
2026-08-16 21:11:54.017   Time stamp of our file: 2026-08-16 21:06:02.000
2026-08-16 21:11:54.017   Dest file exists.
2026-08-16 21:11:54.017   Time stamp of existing file: 2026-08-16 21:06:02.000
2026-08-16 21:11:54.017   Installing the file.
2026-08-16 21:11:54.024   Successfully installed the file.
2026-08-16 21:11:54.025   -- File entry --
2026-08-16 21:11:54.026   Dest filename: C:\Users\in15\AppData\Local\DriveBackup\_internal\_tcl_data\tzdata\America\Lower_Princes
2026-08-16 21:11:54.026   Time stamp of our file: 2026-08-16 21:06:02.000
2026-08-16 21:11:54.027   Dest file exists.
2026-08-16 21:11:54.027   Time stamp of existing file: 2026-08-16 21:06:02.000
2026-08-16 21:11:54.027   Installing the file.
2026-08-16 21:11:54.032   Successfully installed the file.
2026-08-16 21:11:54.032   -- File entry --
2026-08-16 21:11:54.033   Dest filename: C:\Users\in15\AppData\Local\DriveBackup\_internal\_tcl_data\tzdata\America\Maceio
2026-08-16 21:11:54.033   Time stamp of our file: 2026-08-16 21:06:02.000
2026-08-16 21:11:54.033   Dest file exists.
2026-08-16 21:11:54.033   Time stamp of existing file: 2026-08-16 21:06:02.000
2026-08-16 21:11:54.033   Installing the file.
2026-08-16 21:11:54.038   Successfully installed the file.
2026-08-16 21:11:54.039   -- File entry --
2026-08-16 21:11:54.039   Dest filename: C:\Users\in15\AppData\Local\DriveBackup\_internal\_tcl_data\tzdata\America\Managua
2026-08-16 21:11:54.040   Time stamp of our file: 2026-08-16 21:06:02.000
2026-08-16 21:11:54.040   Dest file exists.
2026-08-16 21:11:54.040   Time stamp of existing file: 2026-08-16 21:06:02.000
2026-08-16 21:11:54.041   Installing the file.
2026-08-16 21:11:54.047   Successfully installed the file.
2026-08-16 21:11:54.048   -- File entry --
2026-08-16 21:11:54.049   Dest filename: C:\Users\in15\AppData\Local\DriveBackup\_internal\_tcl_data\tzdata\America\Manaus
2026-08-16 21:11:54.050   Time stamp of our file: 2026-08-16 21:06:02.000
2026-08-16 21:11:54.050   Dest file exists.
2026-08-16 21:11:54.050   Time stamp of existing file: 2026-08-16 21:06:02.000
2026-08-16 21:11:54.050   Installing the file.
2026-08-16 21:11:54.057   Successfully installed the file.
2026-08-16 21:11:54.057   -- File entry --
2026-08-16 21:11:54.058   Dest filename: C:\Users\in15\AppData\Local\DriveBackup\_internal\_tcl_data\tzdata\America\Marigot
2026-08-16 21:11:54.058   Time stamp of our file: 2026-08-16 21:06:02.000
2026-08-16 21:11:54.058   Dest file exists.
2026-08-16 21:11:54.059   Time stamp of existing file: 2026-08-16 21:06:02.000
2026-08-16 21:11:54.059   Installing the file.
2026-08-16 21:11:54.065   Successfully installed the file.
2026-08-16 21:11:54.065   -- File entry --
2026-08-16 21:11:54.066   Dest filename: C:\Users\in15\AppData\Local\DriveBackup\_internal\_tcl_data\tzdata\America\Martinique
2026-08-16 21:11:54.066   Time stamp of our file: 2026-08-16 21:06:02.000
2026-08-16 21:11:54.067   Dest file exists.
2026-08-16 21:11:54.067   Time stamp of existing file: 2026-08-16 21:06:02.000
2026-08-16 21:11:54.067   Installing the file.
2026-08-16 21:11:54.092   Successfully installed the file.
2026-08-16 21:11:54.092   -- File entry --
2026-08-16 21:11:54.097   Dest filename: C:\Users\in15\AppData\Local\DriveBackup\_internal\_tcl_data\tzdata\America\Matamoros
2026-08-16 21:11:54.098   Time stamp of our file: 2026-08-16 21:06:02.000
2026-08-16 21:11:54.098   Dest file exists.
2026-08-16 21:11:54.098   Time stamp of existing file: 2026-08-16 21:06:02.000
2026-08-16 21:11:54.098   Installing the file.
2026-08-16 21:11:54.120   Successfully installed the file.
2026-08-16 21:11:54.121   -- File entry --
2026-08-16 21:11:54.121   Dest filename: C:\Users\in15\AppData\Local\DriveBackup\_internal\_tcl_data\tzdata\America\Mazatlan
2026-08-16 21:11:54.127   Time stamp of our file: 2026-08-16 21:06:02.000
2026-08-16 21:11:54.127   Dest file exists.
2026-08-16 21:11:54.127   Time stamp of existing file: 2026-08-16 21:06:02.000
2026-08-16 21:11:54.127   Installing the file.
2026-08-16 21:11:54.154   Successfully installed the file.
2026-08-16 21:11:54.154   -- File entry --
2026-08-16 21:11:54.154   Dest filename: C:\Users\in15\AppData\Local\DriveBackup\_internal\_tcl_data\tzdata\America\Mendoza
2026-08-16 21:11:54.155   Time stamp of our file: 2026-08-16 21:06:02.000
2026-08-16 21:11:54.155   Dest file exists.
2026-08-16 21:11:54.155   Time stamp of existing file: 2026-08-16 21:06:02.000
2026-08-16 21:11:54.155   Installing the file.
2026-08-16 21:11:54.163   Successfully installed the file.
2026-08-16 21:11:54.164   -- File entry --
2026-08-16 21:11:54.164   Dest filename: C:\Users\in15\AppData\Local\DriveBackup\_internal\_tcl_data\tzdata\America\Menominee
2026-08-16 21:11:54.165   Time stamp of our file: 2026-08-16 21:06:02.000
2026-08-16 21:11:54.165   Dest file exists.
2026-08-16 21:11:54.165   Time stamp of existing file: 2026-08-16 21:06:02.000
2026-08-16 21:11:54.165   Installing the file.
2026-08-16 21:11:54.175   Successfully installed the file.
2026-08-16 21:11:54.180   -- File entry --
2026-08-16 21:11:54.181   Dest filename: C:\Users\in15\AppData\Local\DriveBackup\_internal\_tcl_data\tzdata\America\Merida
2026-08-16 21:11:54.181   Time stamp of our file: 2026-08-16 21:06:02.000
2026-08-16 21:11:54.182   Dest file exists.
2026-08-16 21:11:54.182   Time stamp of existing file: 2026-08-16 21:06:02.000
2026-08-16 21:11:54.182   Installing the file.
2026-08-16 21:11:54.192   Successfully installed the file.
2026-08-16 21:11:54.192   -- File entry --
2026-08-16 21:11:54.194   Dest filename: C:\Users\in15\AppData\Local\DriveBackup\_internal\_tcl_data\tzdata\America\Metlakatla
2026-08-16 21:11:54.195   Time stamp of our file: 2026-08-16 21:06:02.000
2026-08-16 21:11:54.195   Dest file exists.
2026-08-16 21:11:54.195   Time stamp of existing file: 2026-08-16 21:06:02.000
2026-08-16 21:11:54.195   Installing the file.
2026-08-16 21:11:54.201   Successfully installed the file.
2026-08-16 21:11:54.202   -- File entry --
2026-08-16 21:11:54.203   Dest filename: C:\Users\in15\AppData\Local\DriveBackup\_internal\_tcl_data\tzdata\America\Mexico_City
2026-08-16 21:11:54.204   Time stamp of our file: 2026-08-16 21:06:02.000
2026-08-16 21:11:54.204   Dest file exists.
2026-08-16 21:11:54.206   Time stamp of existing file: 2026-08-16 21:06:02.000
2026-08-16 21:11:54.206   Installing the file.
2026-08-16 21:11:54.211   Successfully installed the file.
2026-08-16 21:11:54.212   -- File entry --
2026-08-16 21:11:54.213   Dest filename: C:\Users\in15\AppData\Local\DriveBackup\_internal\_tcl_data\tzdata\America\Miquelon
2026-08-16 21:11:54.213   Time stamp of our file: 2026-08-16 21:06:02.000
2026-08-16 21:11:54.213   Dest file exists.
2026-08-16 21:11:54.214   Time stamp of existing file: 2026-08-16 21:06:02.000
2026-08-16 21:11:54.214   Installing the file.
2026-08-16 21:11:54.222   Successfully installed the file.
2026-08-16 21:11:54.222   -- File entry --
2026-08-16 21:11:54.222   Dest filename: C:\Users\in15\AppData\Local\DriveBackup\_internal\_tcl_data\tzdata\America\Moncton
2026-08-16 21:11:54.223   Time stamp of our file: 2026-08-16 21:06:02.000
2026-08-16 21:11:54.223   Dest file exists.
2026-08-16 21:11:54.223   Time stamp of existing file: 2026-08-16 21:06:02.000
2026-08-16 21:11:54.223   Installing the file.
2026-08-16 21:11:54.228   Successfully installed the file.
2026-08-16 21:11:54.228   -- File entry --
2026-08-16 21:11:54.228   Dest filename: C:\Users\in15\AppData\Local\DriveBackup\_internal\_tcl_data\tzdata\America\Monterrey
2026-08-16 21:11:54.229   Time stamp of our file: 2026-08-16 21:06:02.000
2026-08-16 21:11:54.229   Dest file exists.
2026-08-16 21:11:54.229   Time stamp of existing file: 2026-08-16 21:06:02.000
2026-08-16 21:11:54.229   Installing the file.
2026-08-16 21:11:54.233   Successfully installed the file.
2026-08-16 21:11:54.234   -- File entry --
2026-08-16 21:11:54.234   Dest filename: C:\Users\in15\AppData\Local\DriveBackup\_internal\_tcl_data\tzdata\America\Montevideo
2026-08-16 21:11:54.236   Time stamp of our file: 2026-08-16 21:06:02.000
2026-08-16 21:11:54.236   Dest file exists.
2026-08-16 21:11:54.237   Time stamp of existing file: 2026-08-16 21:06:02.000
2026-08-16 21:11:54.237   Installing the file.
2026-08-16 21:11:54.243   Successfully installed the file.
2026-08-16 21:11:54.243   -- File entry --
2026-08-16 21:11:54.244   Dest filename: C:\Users\in15\AppData\Local\DriveBackup\_internal\_tcl_data\tzdata\America\Montreal
2026-08-16 21:11:54.245   Time stamp of our file: 2026-08-16 21:06:02.000
2026-08-16 21:11:54.245   Dest file exists.
2026-08-16 21:11:54.245   Time stamp of existing file: 2026-08-16 21:06:02.000
2026-08-16 21:11:54.245   Installing the file.
2026-08-16 21:11:54.252   Successfully installed the file.
2026-08-16 21:11:54.253   -- File entry --
2026-08-16 21:11:54.254   Dest filename: C:\Users\in15\AppData\Local\DriveBackup\_internal\_tcl_data\tzdata\America\Montserrat
2026-08-16 21:11:54.254   Time stamp of our file: 2026-08-16 21:06:02.000
2026-08-16 21:11:54.255   Dest file exists.
2026-08-16 21:11:54.255   Time stamp of existing file: 2026-08-16 21:06:02.000
2026-08-16 21:11:54.255   Installing the file.
2026-08-16 21:11:54.260   Successfully installed the file.
2026-08-16 21:11:54.260   -- File entry --
2026-08-16 21:11:54.261   Dest filename: C:\Users\in15\AppData\Local\DriveBackup\_internal\_tcl_data\tzdata\America\Nassau
2026-08-16 21:11:54.261   Time stamp of our file: 2026-08-16 21:06:02.000
2026-08-16 21:11:54.261   Dest file exists.
2026-08-16 21:11:54.262   Time stamp of existing file: 2026-08-16 21:06:02.000
2026-08-16 21:11:54.262   Installing the file.
2026-08-16 21:11:54.266   Successfully installed the file.
2026-08-16 21:11:54.266   -- File entry --
2026-08-16 21:11:54.267   Dest filename: C:\Users\in15\AppData\Local\DriveBackup\_internal\_tcl_data\tzdata\America\New_York
2026-08-16 21:11:54.267   Time stamp of our file: 2026-08-16 21:06:02.000
2026-08-16 21:11:54.267   Dest file exists.
2026-08-16 21:11:54.267   Time stamp of existing file: 2026-08-16 21:06:02.000
2026-08-16 21:11:54.267   Installing the file.
2026-08-16 21:11:54.272   Successfully installed the file.
2026-08-16 21:11:54.272   -- File entry --
2026-08-16 21:11:54.273   Dest filename: C:\Users\in15\AppData\Local\DriveBackup\_internal\_tcl_data\tzdata\America\Nipigon
2026-08-16 21:11:54.273   Time stamp of our file: 2026-08-16 21:06:02.000
2026-08-16 21:11:54.273   Dest file exists.
2026-08-16 21:11:54.274   Time stamp of existing file: 2026-08-16 21:06:02.000
2026-08-16 21:11:54.274   Installing the file.
2026-08-16 21:11:54.277   Successfully installed the file.
2026-08-16 21:11:54.277   -- File entry --
2026-08-16 21:11:54.278   Dest filename: C:\Users\in15\AppData\Local\DriveBackup\_internal\_tcl_data\tzdata\America\Nome
2026-08-16 21:11:54.278   Time stamp of our file: 2026-08-16 21:06:02.000
2026-08-16 21:11:54.278   Dest file exists.
2026-08-16 21:11:54.278   Time stamp of existing file: 2026-08-16 21:06:02.000
2026-08-16 21:11:54.278   Installing the file.
2026-08-16 21:11:54.282   Successfully installed the file.
2026-08-16 21:11:54.283   -- File entry --
2026-08-16 21:11:54.283   Dest filename: C:\Users\in15\AppData\Local\DriveBackup\_internal\_tcl_data\tzdata\America\Noronha
2026-08-16 21:11:54.285   Time stamp of our file: 2026-08-16 21:06:02.000
2026-08-16 21:11:54.285   Dest file exists.
2026-08-16 21:11:54.285   Time stamp of existing file: 2026-08-16 21:06:02.000
2026-08-16 21:11:54.285   Installing the file.
2026-08-16 21:11:54.293   Successfully installed the file.
2026-08-16 21:11:54.293   -- File entry --
2026-08-16 21:11:54.293   Dest filename: C:\Users\in15\AppData\Local\DriveBackup\_internal\_tcl_data\tzdata\America\Nuuk
2026-08-16 21:11:54.294   Time stamp of our file: 2026-08-16 21:06:02.000
2026-08-16 21:11:54.294   Dest file exists.
2026-08-16 21:11:54.294   Time stamp of existing file: 2026-08-16 21:06:02.000
2026-08-16 21:11:54.294   Installing the file.
2026-08-16 21:11:54.299   Successfully installed the file.
2026-08-16 21:11:54.299   -- File entry --
2026-08-16 21:11:54.300   Dest filename: C:\Users\in15\AppData\Local\DriveBackup\_internal\_tcl_data\tzdata\America\Ojinaga
2026-08-16 21:11:54.300   Time stamp of our file: 2026-08-16 21:06:02.000
2026-08-16 21:11:54.300   Dest file exists.
2026-08-16 21:11:54.300   Time stamp of existing file: 2026-08-16 21:06:02.000
2026-08-16 21:11:54.300   Installing the file.
2026-08-16 21:11:54.307   Successfully installed the file.
2026-08-16 21:11:54.307   -- File entry --
2026-08-16 21:11:54.307   Dest filename: C:\Users\in15\AppData\Local\DriveBackup\_internal\_tcl_data\tzdata\America\Panama
2026-08-16 21:11:54.307   Time stamp of our file: 2026-08-16 21:06:02.000
2026-08-16 21:11:54.308   Dest file exists.
2026-08-16 21:11:54.308   Time stamp of existing file: 2026-08-16 21:06:02.000
2026-08-16 21:11:54.308   Installing the file.
2026-08-16 21:11:54.313   Successfully installed the file.
2026-08-16 21:11:54.313   -- File entry --
2026-08-16 21:11:54.313   Dest filename: C:\Users\in15\AppData\Local\DriveBackup\_internal\_tcl_data\tzdata\America\Pangnirtung
2026-08-16 21:11:54.313   Time stamp of our file: 2026-08-16 21:06:02.000
2026-08-16 21:11:54.314   Dest file exists.
2026-08-16 21:11:54.314   Time stamp of existing file: 2026-08-16 21:06:02.000
2026-08-16 21:11:54.314   Installing the file.
2026-08-16 21:11:54.317   Successfully installed the file.
2026-08-16 21:11:54.318   -- File entry --
2026-08-16 21:11:54.318   Dest filename: C:\Users\in15\AppData\Local\DriveBackup\_internal\_tcl_data\tzdata\America\Paramaribo
2026-08-16 21:11:54.319   Time stamp of our file: 2026-08-16 21:06:02.000
2026-08-16 21:11:54.319   Dest file exists.
2026-08-16 21:11:54.319   Time stamp of existing file: 2026-08-16 21:06:02.000
2026-08-16 21:11:54.319   Installing the file.
2026-08-16 21:11:54.323   Successfully installed the file.
2026-08-16 21:11:54.323   -- File entry --
2026-08-16 21:11:54.323   Dest filename: C:\Users\in15\AppData\Local\DriveBackup\_internal\_tcl_data\tzdata\America\Phoenix
2026-08-16 21:11:54.323   Time stamp of our file: 2026-08-16 21:06:02.000
2026-08-16 21:11:54.323   Dest file exists.
2026-08-16 21:11:54.324   Time stamp of existing file: 2026-08-16 21:06:02.000
2026-08-16 21:11:54.324   Installing the file.
2026-08-16 21:11:54.326   Successfully installed the file.
2026-08-16 21:11:54.327   -- File entry --
2026-08-16 21:11:54.327   Dest filename: C:\Users\in15\AppData\Local\DriveBackup\_internal\_tcl_data\tzdata\America\Port-au-Prince
2026-08-16 21:11:54.328   Time stamp of our file: 2026-08-16 21:06:02.000
2026-08-16 21:11:54.328   Dest file exists.
2026-08-16 21:11:54.328   Time stamp of existing file: 2026-08-16 21:06:02.000
2026-08-16 21:11:54.328   Installing the file.
2026-08-16 21:11:54.332   Successfully installed the file.
2026-08-16 21:11:54.332   -- File entry --
2026-08-16 21:11:54.333   Dest filename: C:\Users\in15\AppData\Local\DriveBackup\_internal\_tcl_data\tzdata\America\Porto_Acre
2026-08-16 21:11:54.333   Time stamp of our file: 2026-08-16 21:06:02.000
2026-08-16 21:11:54.333   Dest file exists.
2026-08-16 21:11:54.333   Time stamp of existing file: 2026-08-16 21:06:02.000
2026-08-16 21:11:54.333   Installing the file.
2026-08-16 21:11:54.338   Successfully installed the file.
2026-08-16 21:11:54.338   -- File entry --
2026-08-16 21:11:54.338   Dest filename: C:\Users\in15\AppData\Local\DriveBackup\_internal\_tcl_data\tzdata\America\Porto_Velho
2026-08-16 21:11:54.340   Time stamp of our file: 2026-08-16 21:06:02.000
2026-08-16 21:11:54.340   Dest file exists.
2026-08-16 21:11:54.340   Time stamp of existing file: 2026-08-16 21:06:02.000
2026-08-16 21:11:54.340   Installing the file.
2026-08-16 21:11:54.340   Successfully installed the file.
2026-08-16 21:11:54.340   -- File entry --
2026-08-16 21:11:54.340   Dest filename: C:\Users\in15\AppData\Local\DriveBackup\_internal\_tcl_data\tzdata\America\Port_of_Spain
2026-08-16 21:11:54.340   Time stamp of our file: 2026-08-16 21:06:02.000
2026-08-16 21:11:54.340   Dest file exists.
2026-08-16 21:11:54.340   Time stamp of existing file: 2026-08-16 21:06:02.000
2026-08-16 21:11:54.340   Installing the file.
2026-08-16 21:11:54.340   Successfully installed the file.
2026-08-16 21:11:54.340   -- File entry --
2026-08-16 21:11:54.340   Dest filename: C:\Users\in15\AppData\Local\DriveBackup\_internal\_tcl_data\tzdata\America\Puerto_Rico
2026-08-16 21:11:54.340   Time stamp of our file: 2026-08-16 21:06:02.000
2026-08-16 21:11:54.340   Dest file exists.
2026-08-16 21:11:54.340   Time stamp of existing file: 2026-08-16 21:06:02.000
2026-08-16 21:11:54.340   Installing the file.
2026-08-16 21:11:54.354   Successfully installed the file.
2026-08-16 21:11:54.355   -- File entry --
2026-08-16 21:11:54.355   Dest filename: C:\Users\in15\AppData\Local\DriveBackup\_internal\_tcl_data\tzdata\America\Punta_Arenas
2026-08-16 21:11:54.356   Time stamp of our file: 2026-08-16 21:06:02.000
2026-08-16 21:11:54.356   Dest file exists.
2026-08-16 21:11:54.356   Time stamp of existing file: 2026-08-16 21:06:02.000
2026-08-16 21:11:54.356   Installing the file.
2026-08-16 21:11:54.360   Successfully installed the file.
2026-08-16 21:11:54.361   -- File entry --
2026-08-16 21:11:54.361   Dest filename: C:\Users\in15\AppData\Local\DriveBackup\_internal\_tcl_data\tzdata\America\Rainy_River
2026-08-16 21:11:54.362   Time stamp of our file: 2026-08-16 21:06:02.000
2026-08-16 21:11:54.362   Dest file exists.
2026-08-16 21:11:54.362   Time stamp of existing file: 2026-08-16 21:06:02.000
2026-08-16 21:11:54.362   Installing the file.
2026-08-16 21:11:54.366   Successfully installed the file.
2026-08-16 21:11:54.366   -- File entry --
2026-08-16 21:11:54.367   Dest filename: C:\Users\in15\AppData\Local\DriveBackup\_internal\_tcl_data\tzdata\America\Rankin_Inlet
2026-08-16 21:11:54.367   Time stamp of our file: 2026-08-16 21:06:02.000
2026-08-16 21:11:54.367   Dest file exists.
2026-08-16 21:11:54.367   Time stamp of existing file: 2026-08-16 21:06:02.000
2026-08-16 21:11:54.367   Installing the file.
2026-08-16 21:11:54.371   Successfully installed the file.
2026-08-16 21:11:54.371   -- File entry --
2026-08-16 21:11:54.372   Dest filename: C:\Users\in15\AppData\Local\DriveBackup\_internal\_tcl_data\tzdata\America\Recife
2026-08-16 21:11:54.372   Time stamp of our file: 2026-08-16 21:06:02.000
2026-08-16 21:11:54.372   Dest file exists.
2026-08-16 21:11:54.372   Time stamp of existing file: 2026-08-16 21:06:02.000
2026-08-16 21:11:54.373   Installing the file.
2026-08-16 21:11:54.376   Successfully installed the file.
2026-08-16 21:11:54.376   -- File entry --
2026-08-16 21:11:54.376   Dest filename: C:\Users\in15\AppData\Local\DriveBackup\_internal\_tcl_data\tzdata\America\Regina
2026-08-16 21:11:54.377   Time stamp of our file: 2026-08-16 21:06:02.000
2026-08-16 21:11:54.377   Dest file exists.
2026-08-16 21:11:54.377   Time stamp of existing file: 2026-08-16 21:06:02.000
2026-08-16 21:11:54.377   Installing the file.
2026-08-16 21:11:54.380   Successfully installed the file.
2026-08-16 21:11:54.381   -- File entry --
2026-08-16 21:11:54.381   Dest filename: C:\Users\in15\AppData\Local\DriveBackup\_internal\_tcl_data\tzdata\America\Resolute
2026-08-16 21:11:54.381   Time stamp of our file: 2026-08-16 21:06:02.000
2026-08-16 21:11:54.382   Dest file exists.
2026-08-16 21:11:54.382   Time stamp of existing file: 2026-08-16 21:06:02.000
2026-08-16 21:11:54.382   Installing the file.
2026-08-16 21:11:54.385   Successfully installed the file.
2026-08-16 21:11:54.385   -- File entry --
2026-08-16 21:11:54.385   Dest filename: C:\Users\in15\AppData\Local\DriveBackup\_internal\_tcl_data\tzdata\America\Rio_Branco
2026-08-16 21:11:54.385   Time stamp of our file: 2026-08-16 21:06:02.000
2026-08-16 21:11:54.385   Dest file exists.
2026-08-16 21:11:54.385   Time stamp of existing file: 2026-08-16 21:06:02.000
2026-08-16 21:11:54.385   Installing the file.
2026-08-16 21:11:54.385   Successfully installed the file.
2026-08-16 21:11:54.385   -- File entry --
2026-08-16 21:11:54.385   Dest filename: C:\Users\in15\AppData\Local\DriveBackup\_internal\_tcl_data\tzdata\America\Rosario
2026-08-16 21:11:54.385   Time stamp of our file: 2026-08-16 21:06:02.000
2026-08-16 21:11:54.385   Dest file exists.
2026-08-16 21:11:54.385   Time stamp of existing file: 2026-08-16 21:06:02.000
2026-08-16 21:11:54.385   Installing the file.
2026-08-16 21:11:54.385   Successfully installed the file.
2026-08-16 21:11:54.385   -- File entry --
2026-08-16 21:11:54.385   Dest filename: C:\Users\in15\AppData\Local\DriveBackup\_internal\_tcl_data\tzdata\America\Santarem
2026-08-16 21:11:54.385   Time stamp of our file: 2026-08-16 21:06:02.000
2026-08-16 21:11:54.385   Dest file exists.
2026-08-16 21:11:54.385   Time stamp of existing file: 2026-08-16 21:06:02.000
2026-08-16 21:11:54.385   Installing the file.
2026-08-16 21:11:54.405   Successfully installed the file.
2026-08-16 21:11:54.405   -- File entry --
2026-08-16 21:11:54.407   Dest filename: C:\Users\in15\AppData\Local\DriveBackup\_internal\_tcl_data\tzdata\America\Santa_Isabel
2026-08-16 21:11:54.407   Time stamp of our file: 2026-08-16 21:06:02.000
2026-08-16 21:11:54.407   Dest file exists.
2026-08-16 21:11:54.407   Time stamp of existing file: 2026-08-16 21:06:02.000
2026-08-16 21:11:54.407   Installing the file.
2026-08-16 21:11:54.412   Successfully installed the file.
2026-08-16 21:11:54.412   -- File entry --
2026-08-16 21:11:54.412   Dest filename: C:\Users\in15\AppData\Local\DriveBackup\_internal\_tcl_data\tzdata\America\Santiago
2026-08-16 21:11:54.412   Time stamp of our file: 2026-08-16 21:06:02.000
2026-08-16 21:11:54.412   Dest file exists.
2026-08-16 21:11:54.414   Time stamp of existing file: 2026-08-16 21:06:02.000
2026-08-16 21:11:54.414   Installing the file.
2026-08-16 21:11:54.421   Successfully installed the file.
2026-08-16 21:11:54.421   -- File entry --
2026-08-16 21:11:54.422   Dest filename: C:\Users\in15\AppData\Local\DriveBackup\_internal\_tcl_data\tzdata\America\Santo_Domingo
2026-08-16 21:11:54.422   Time stamp of our file: 2026-08-16 21:06:02.000
2026-08-16 21:11:54.422   Dest file exists.
2026-08-16 21:11:54.422   Time stamp of existing file: 2026-08-16 21:06:02.000
2026-08-16 21:11:54.422   Installing the file.
2026-08-16 21:11:54.426   Successfully installed the file.
2026-08-16 21:11:54.426   -- File entry --
2026-08-16 21:11:54.426   Dest filename: C:\Users\in15\AppData\Local\DriveBackup\_internal\_tcl_data\tzdata\America\Sao_Paulo
2026-08-16 21:11:54.427   Time stamp of our file: 2026-08-16 21:06:02.000
2026-08-16 21:11:54.427   Dest file exists.
2026-08-16 21:11:54.427   Time stamp of existing file: 2026-08-16 21:06:02.000
2026-08-16 21:11:54.427   Installing the file.
2026-08-16 21:11:54.431   Successfully installed the file.
2026-08-16 21:11:54.431   -- File entry --
2026-08-16 21:11:54.431   Dest filename: C:\Users\in15\AppData\Local\DriveBackup\_internal\_tcl_data\tzdata\America\Scoresbysund
2026-08-16 21:11:54.431   Time stamp of our file: 2026-08-16 21:06:02.000
2026-08-16 21:11:54.431   Dest file exists.
2026-08-16 21:11:54.432   Time stamp of existing file: 2026-08-16 21:06:02.000
2026-08-16 21:11:54.432   Installing the file.
2026-08-16 21:11:54.436   Successfully installed the file.
2026-08-16 21:11:54.436   -- File entry --
2026-08-16 21:11:54.437   Dest filename: C:\Users\in15\AppData\Local\DriveBackup\_internal\_tcl_data\tzdata\America\Shiprock
2026-08-16 21:11:54.437   Time stamp of our file: 2026-08-16 21:06:02.000
2026-08-16 21:11:54.437   Dest file exists.
2026-08-16 21:11:54.437   Time stamp of existing file: 2026-08-16 21:06:02.000
2026-08-16 21:11:54.437   Installing the file.
2026-08-16 21:11:54.441   Successfully installed the file.
2026-08-16 21:11:54.441   -- File entry --
2026-08-16 21:11:54.441   Dest filename: C:\Users\in15\AppData\Local\DriveBackup\_internal\_tcl_data\tzdata\America\Sitka
2026-08-16 21:11:54.442   Time stamp of our file: 2026-08-16 21:06:04.000
2026-08-16 21:11:54.442   Dest file exists.
2026-08-16 21:11:54.442   Time stamp of existing file: 2026-08-16 21:06:04.000
2026-08-16 21:11:54.442   Installing the file.
2026-08-16 21:11:54.447   Successfully installed the file.
2026-08-16 21:11:54.447   -- File entry --
2026-08-16 21:11:54.447   Dest filename: C:\Users\in15\AppData\Local\DriveBackup\_internal\_tcl_data\tzdata\America\St_Barthelemy
2026-08-16 21:11:54.447   Time stamp of our file: 2026-08-16 21:06:04.000
2026-08-16 21:11:54.447   Dest file exists.
2026-08-16 21:11:54.447   Time stamp of existing file: 2026-08-16 21:06:04.000
2026-08-16 21:11:54.447   Installing the file.
2026-08-16 21:11:54.453   Successfully installed the file.
2026-08-16 21:11:54.453   -- File entry --
2026-08-16 21:11:54.453   Dest filename: C:\Users\in15\AppData\Local\DriveBackup\_internal\_tcl_data\tzdata\America\St_Johns
2026-08-16 21:11:54.454   Time stamp of our file: 2026-08-16 21:06:04.000
2026-08-16 21:11:54.454   Dest file exists.
2026-08-16 21:11:54.454   Time stamp of existing file: 2026-08-16 21:06:04.000
2026-08-16 21:11:54.454   Installing the file.
2026-08-16 21:11:54.462   Successfully installed the file.
2026-08-16 21:11:54.462   -- File entry --
2026-08-16 21:11:54.462   Dest filename: C:\Users\in15\AppData\Local\DriveBackup\_internal\_tcl_data\tzdata\America\St_Kitts
2026-08-16 21:11:54.463   Time stamp of our file: 2026-08-16 21:06:04.000
2026-08-16 21:11:54.463   Dest file exists.
2026-08-16 21:11:54.463   Time stamp of existing file: 2026-08-16 21:06:04.000
2026-08-16 21:11:54.463   Installing the file.
2026-08-16 21:11:54.467   Successfully installed the file.
2026-08-16 21:11:54.467   -- File entry --
2026-08-16 21:11:54.468   Dest filename: C:\Users\in15\AppData\Local\DriveBackup\_internal\_tcl_data\tzdata\America\St_Lucia
2026-08-16 21:11:54.468   Time stamp of our file: 2026-08-16 21:06:04.000
2026-08-16 21:11:54.468   Dest file exists.
2026-08-16 21:11:54.469   Time stamp of existing file: 2026-08-16 21:06:04.000
2026-08-16 21:11:54.470   Installing the file.
2026-08-16 21:11:54.472   Successfully installed the file.
2026-08-16 21:11:54.473   -- File entry --
2026-08-16 21:11:54.473   Dest filename: C:\Users\in15\AppData\Local\DriveBackup\_internal\_tcl_data\tzdata\America\St_Thomas
2026-08-16 21:11:54.473   Time stamp of our file: 2026-08-16 21:06:04.000
2026-08-16 21:11:54.473   Dest file exists.
2026-08-16 21:11:54.473   Time stamp of existing file: 2026-08-16 21:06:04.000
2026-08-16 21:11:54.474   Installing the file.
2026-08-16 21:11:54.477   Successfully installed the file.
2026-08-16 21:11:54.477   -- File entry --
2026-08-16 21:11:54.478   Dest filename: C:\Users\in15\AppData\Local\DriveBackup\_internal\_tcl_data\tzdata\America\St_Vincent
2026-08-16 21:11:54.478   Time stamp of our file: 2026-08-16 21:06:04.000
2026-08-16 21:11:54.478   Dest file exists.
2026-08-16 21:11:54.478   Time stamp of existing file: 2026-08-16 21:06:04.000
2026-08-16 21:11:54.479   Installing the file.
2026-08-16 21:11:54.482   Successfully installed the file.
2026-08-16 21:11:54.482   -- File entry --
2026-08-16 21:11:54.482   Dest filename: C:\Users\in15\AppData\Local\DriveBackup\_internal\_tcl_data\tzdata\America\Swift_Current
2026-08-16 21:11:54.483   Time stamp of our file: 2026-08-16 21:06:04.000
2026-08-16 21:11:54.483   Dest file exists.
2026-08-16 21:11:54.483   Time stamp of existing file: 2026-08-16 21:06:04.000
2026-08-16 21:11:54.483   Installing the file.
2026-08-16 21:11:54.488   Successfully installed the file.
2026-08-16 21:11:54.488   -- File entry --
2026-08-16 21:11:54.488   Dest filename: C:\Users\in15\AppData\Local\DriveBackup\_internal\_tcl_data\tzdata\America\Tegucigalpa
2026-08-16 21:11:54.488   Time stamp of our file: 2026-08-16 21:06:04.000
2026-08-16 21:11:54.488   Dest file exists.
2026-08-16 21:11:54.488   Time stamp of existing file: 2026-08-16 21:06:04.000
2026-08-16 21:11:54.488   Installing the file.
2026-08-16 21:11:54.488   Successfully installed the file.
2026-08-16 21:11:54.488   -- File entry --
2026-08-16 21:11:54.488   Dest filename: C:\Users\in15\AppData\Local\DriveBackup\_internal\_tcl_data\tzdata\America\Thule
2026-08-16 21:11:54.488   Time stamp of our file: 2026-08-16 21:06:04.000
2026-08-16 21:11:54.488   Dest file exists.
2026-08-16 21:11:54.488   Time stamp of existing file: 2026-08-16 21:06:04.000
2026-08-16 21:11:54.488   Installing the file.
2026-08-16 21:11:54.499   Successfully installed the file.
2026-08-16 21:11:54.499   -- File entry --
2026-08-16 21:11:54.499   Dest filename: C:\Users\in15\AppData\Local\DriveBackup\_internal\_tcl_data\tzdata\America\Thunder_Bay
2026-08-16 21:11:54.499   Time stamp of our file: 2026-08-16 21:06:04.000
2026-08-16 21:11:54.499   Dest file exists.
2026-08-16 21:11:54.499   Time stamp of existing file: 2026-08-16 21:06:04.000
2026-08-16 21:11:54.499   Installing the file.
2026-08-16 21:11:54.506   Successfully installed the file.
2026-08-16 21:11:54.506   -- File entry --
2026-08-16 21:11:54.506   Dest filename: C:\Users\in15\AppData\Local\DriveBackup\_internal\_tcl_data\tzdata\America\Tijuana
2026-08-16 21:11:54.506   Time stamp of our file: 2026-08-16 21:06:04.000
2026-08-16 21:11:54.506   Dest file exists.
2026-08-16 21:11:54.506   Time stamp of existing file: 2026-08-16 21:06:04.000
2026-08-16 21:11:54.506   Installing the file.
2026-08-16 21:11:54.506   Successfully installed the file.
2026-08-16 21:11:54.506   -- File entry --
2026-08-16 21:11:54.506   Dest filename: C:\Users\in15\AppData\Local\DriveBackup\_internal\_tcl_data\tzdata\America\Toronto
2026-08-16 21:11:54.506   Time stamp of our file: 2026-08-16 21:06:04.000
2026-08-16 21:11:54.506   Dest file exists.
2026-08-16 21:11:54.506   Time stamp of existing file: 2026-08-16 21:06:04.000
2026-08-16 21:11:54.506   Installing the file.
2026-08-16 21:11:54.506   Successfully installed the file.
2026-08-16 21:11:54.506   -- File entry --
2026-08-16 21:11:54.516   Dest filename: C:\Users\in15\AppData\Local\DriveBackup\_internal\_tcl_data\tzdata\America\Tortola
2026-08-16 21:11:54.516   Time stamp of our file: 2026-08-16 21:06:04.000
2026-08-16 21:11:54.516   Dest file exists.
2026-08-16 21:11:54.516   Time stamp of existing file: 2026-08-16 21:06:04.000
2026-08-16 21:11:54.516   Installing the file.
2026-08-16 21:11:54.522   Successfully installed the file.
2026-08-16 21:11:54.522   -- File entry --
2026-08-16 21:11:54.522   Dest filename: C:\Users\in15\AppData\Local\DriveBackup\_internal\_tcl_data\tzdata\America\Vancouver
2026-08-16 21:11:54.523   Time stamp of our file: 2026-08-16 21:06:04.000
2026-08-16 21:11:54.523   Dest file exists.
2026-08-16 21:11:54.523   Time stamp of existing file: 2026-08-16 21:06:04.000
2026-08-16 21:11:54.523   Installing the file.
2026-08-16 21:11:54.527   Successfully installed the file.
2026-08-16 21:11:54.527   -- File entry --
2026-08-16 21:11:54.528   Dest filename: C:\Users\in15\AppData\Local\DriveBackup\_internal\_tcl_data\tzdata\America\Virgin
2026-08-16 21:11:54.528   Time stamp of our file: 2026-08-16 21:06:04.000
2026-08-16 21:11:54.528   Dest file exists.
2026-08-16 21:11:54.529   Time stamp of existing file: 2026-08-16 21:06:04.000
2026-08-16 21:11:54.529   Installing the file.
2026-08-16 21:11:54.534   Successfully installed the file.
2026-08-16 21:11:54.534   -- File entry --
2026-08-16 21:11:54.534   Dest filename: C:\Users\in15\AppData\Local\DriveBackup\_internal\_tcl_data\tzdata\America\Whitehorse
2026-08-16 21:11:54.535   Time stamp of our file: 2026-08-16 21:06:04.000
2026-08-16 21:11:54.535   Dest file exists.
2026-08-16 21:11:54.535   Time stamp of existing file: 2026-08-16 21:06:04.000
2026-08-16 21:11:54.535   Installing the file.
2026-08-16 21:11:54.543   Successfully installed the file.
2026-08-16 21:11:54.543   -- File entry --
2026-08-16 21:11:54.543   Dest filename: C:\Users\in15\AppData\Local\DriveBackup\_internal\_tcl_data\tzdata\America\Winnipeg
2026-08-16 21:11:54.545   Time stamp of our file: 2026-08-16 21:06:04.000
2026-08-16 21:11:54.545   Dest file exists.
2026-08-16 21:11:54.545   Time stamp of existing file: 2026-08-16 21:06:04.000
2026-08-16 21:11:54.545   Installing the file.
2026-08-16 21:11:54.547   Successfully installed the file.
2026-08-16 21:11:54.547   -- File entry --
2026-08-16 21:11:54.547   Dest filename: C:\Users\in15\AppData\Local\DriveBackup\_internal\_tcl_data\tzdata\America\Yakutat
2026-08-16 21:11:54.547   Time stamp of our file: 2026-08-16 21:06:04.000
2026-08-16 21:11:54.547   Dest file exists.
2026-08-16 21:11:54.547   Time stamp of existing file: 2026-08-16 21:06:04.000
2026-08-16 21:11:54.547   Installing the file.
2026-08-16 21:11:54.556   Successfully installed the file.
2026-08-16 21:11:54.556   -- File entry --
2026-08-16 21:11:54.556   Dest filename: C:\Users\in15\AppData\Local\DriveBackup\_internal\_tcl_data\tzdata\America\Yellowknife
2026-08-16 21:11:54.558   Time stamp of our file: 2026-08-16 21:06:04.000
2026-08-16 21:11:54.558   Dest file exists.
2026-08-16 21:11:54.558   Time stamp of existing file: 2026-08-16 21:06:04.000
2026-08-16 21:11:54.558   Installing the file.
2026-08-16 21:11:54.564   Successfully installed the file.
2026-08-16 21:11:54.564   -- File entry --
2026-08-16 21:11:54.564   Dest filename: C:\Users\in15\AppData\Local\DriveBackup\_internal\_tcl_data\tzdata\America\Argentina\Buenos_Aires
2026-08-16 21:11:54.564   Time stamp of our file: 2026-08-16 21:06:02.000
2026-08-16 21:11:54.564   Dest file exists.
2026-08-16 21:11:54.566   Time stamp of existing file: 2026-08-16 21:06:02.000
2026-08-16 21:11:54.566   Installing the file.
2026-08-16 21:11:54.571   Successfully installed the file.
2026-08-16 21:11:54.571   -- File entry --
2026-08-16 21:11:54.571   Dest filename: C:\Users\in15\AppData\Local\DriveBackup\_internal\_tcl_data\tzdata\America\Argentina\Catamarca
2026-08-16 21:11:54.572   Time stamp of our file: 2026-08-16 21:06:02.000
2026-08-16 21:11:54.572   Dest file exists.
2026-08-16 21:11:54.572   Time stamp of existing file: 2026-08-16 21:06:02.000
2026-08-16 21:11:54.572   Installing the file.
2026-08-16 21:11:54.576   Successfully installed the file.
2026-08-16 21:11:54.576   -- File entry --
2026-08-16 21:11:54.576   Dest filename: C:\Users\in15\AppData\Local\DriveBackup\_internal\_tcl_data\tzdata\America\Argentina\ComodRivadavia
2026-08-16 21:11:54.577   Time stamp of our file: 2026-08-16 21:06:02.000
2026-08-16 21:11:54.577   Dest file exists.
2026-08-16 21:11:54.577   Time stamp of existing file: 2026-08-16 21:06:02.000
2026-08-16 21:11:54.577   Installing the file.
2026-08-16 21:11:54.581   Successfully installed the file.
2026-08-16 21:11:54.581   -- File entry --
2026-08-16 21:11:54.581   Dest filename: C:\Users\in15\AppData\Local\DriveBackup\_internal\_tcl_data\tzdata\America\Argentina\Cordoba
2026-08-16 21:11:54.582   Time stamp of our file: 2026-08-16 21:06:02.000
2026-08-16 21:11:54.582   Dest file exists.
2026-08-16 21:11:54.582   Time stamp of existing file: 2026-08-16 21:06:02.000
2026-08-16 21:11:54.582   Installing the file.
2026-08-16 21:11:54.587   Successfully installed the file.
2026-08-16 21:11:54.587   -- File entry --
2026-08-16 21:11:54.587   Dest filename: C:\Users\in15\AppData\Local\DriveBackup\_internal\_tcl_data\tzdata\America\Argentina\Jujuy
2026-08-16 21:11:54.588   Time stamp of our file: 2026-08-16 21:06:02.000
2026-08-16 21:11:54.588   Dest file exists.
2026-08-16 21:11:54.588   Time stamp of existing file: 2026-08-16 21:06:02.000
2026-08-16 21:11:54.588   Installing the file.
2026-08-16 21:11:54.592   Successfully installed the file.
2026-08-16 21:11:54.592   -- File entry --
2026-08-16 21:11:54.593   Dest filename: C:\Users\in15\AppData\Local\DriveBackup\_internal\_tcl_data\tzdata\America\Argentina\La_Rioja
2026-08-16 21:11:54.593   Time stamp of our file: 2026-08-16 21:06:02.000
2026-08-16 21:11:54.593   Dest file exists.
2026-08-16 21:11:54.594   Time stamp of existing file: 2026-08-16 21:06:02.000
2026-08-16 21:11:54.594   Installing the file.
2026-08-16 21:11:54.597   Successfully installed the file.
2026-08-16 21:11:54.597   -- File entry --
2026-08-16 21:11:54.598   Dest filename: C:\Users\in15\AppData\Local\DriveBackup\_internal\_tcl_data\tzdata\America\Argentina\Mendoza
2026-08-16 21:11:54.598   Time stamp of our file: 2026-08-16 21:06:02.000
2026-08-16 21:11:54.598   Dest file exists.
2026-08-16 21:11:54.599   Time stamp of existing file: 2026-08-16 21:06:02.000
2026-08-16 21:11:54.599   Installing the file.
2026-08-16 21:11:54.602   Successfully installed the file.
2026-08-16 21:11:54.602   -- File entry --
2026-08-16 21:11:54.602   Dest filename: C:\Users\in15\AppData\Local\DriveBackup\_internal\_tcl_data\tzdata\America\Argentina\Rio_Gallegos
2026-08-16 21:11:54.602   Time stamp of our file: 2026-08-16 21:06:02.000
2026-08-16 21:11:54.602   Dest file exists.
2026-08-16 21:11:54.602   Time stamp of existing file: 2026-08-16 21:06:02.000
2026-08-16 21:11:54.602   Installing the file.
2026-08-16 21:11:54.606   Successfully installed the file.
2026-08-16 21:11:54.606   -- File entry --
2026-08-16 21:11:54.606   Dest filename: C:\Users\in15\AppData\Local\DriveBackup\_internal\_tcl_data\tzdata\America\Argentina\Salta
2026-08-16 21:11:54.606   Time stamp of our file: 2026-08-16 21:06:02.000
2026-08-16 21:11:54.606   Dest file exists.
2026-08-16 21:11:54.606   Time stamp of existing file: 2026-08-16 21:06:02.000
2026-08-16 21:11:54.610   Installing the file.
2026-08-16 21:11:54.612   Successfully installed the file.
2026-08-16 21:11:54.612   -- File entry --
2026-08-16 21:11:54.612   Dest filename: C:\Users\in15\AppData\Local\DriveBackup\_internal\_tcl_data\tzdata\America\Argentina\San_Juan
2026-08-16 21:11:54.614   Time stamp of our file: 2026-08-16 21:06:02.000
2026-08-16 21:11:54.614   Dest file exists.
2026-08-16 21:11:54.614   Time stamp of existing file: 2026-08-16 21:06:02.000
2026-08-16 21:11:54.614   Installing the file.
2026-08-16 21:11:54.618   Successfully installed the file.
2026-08-16 21:11:54.618   -- File entry --
2026-08-16 21:11:54.618   Dest filename: C:\Users\in15\AppData\Local\DriveBackup\_internal\_tcl_data\tzdata\America\Argentina\San_Luis
2026-08-16 21:11:54.618   Time stamp of our file: 2026-08-16 21:06:02.000
2026-08-16 21:11:54.618   Dest file exists.
2026-08-16 21:11:54.618   Time stamp of existing file: 2026-08-16 21:06:02.000
2026-08-16 21:11:54.618   Installing the file.
2026-08-16 21:11:54.624   Successfully installed the file.
2026-08-16 21:11:54.624   -- File entry --
2026-08-16 21:11:54.627   Dest filename: C:\Users\in15\AppData\Local\DriveBackup\_internal\_tcl_data\tzdata\America\Argentina\Tucuman
2026-08-16 21:11:54.627   Time stamp of our file: 2026-08-16 21:06:02.000
2026-08-16 21:11:54.627   Dest file exists.
2026-08-16 21:11:54.627   Time stamp of existing file: 2026-08-16 21:06:02.000
2026-08-16 21:11:54.627   Installing the file.
2026-08-16 21:11:54.631   Successfully installed the file.
2026-08-16 21:11:54.631   -- File entry --
2026-08-16 21:11:54.631   Dest filename: C:\Users\in15\AppData\Local\DriveBackup\_internal\_tcl_data\tzdata\America\Argentina\Ushuaia
2026-08-16 21:11:54.631   Time stamp of our file: 2026-08-16 21:06:02.000
2026-08-16 21:11:54.631   Dest file exists.
2026-08-16 21:11:54.631   Time stamp of existing file: 2026-08-16 21:06:02.000
2026-08-16 21:11:54.631   Installing the file.
2026-08-16 21:11:54.636   Successfully installed the file.
2026-08-16 21:11:54.636   -- File entry --
2026-08-16 21:11:54.636   Dest filename: C:\Users\in15\AppData\Local\DriveBackup\_internal\_tcl_data\tzdata\America\Indiana\Indianapolis
2026-08-16 21:11:54.638   Time stamp of our file: 2026-08-16 21:06:02.000
2026-08-16 21:11:54.638   Dest file exists.
2026-08-16 21:11:54.638   Time stamp of existing file: 2026-08-16 21:06:02.000
2026-08-16 21:11:54.639   Installing the file.
2026-08-16 21:11:54.643   Successfully installed the file.
2026-08-16 21:11:54.643   -- File entry --
2026-08-16 21:11:54.644   Dest filename: C:\Users\in15\AppData\Local\DriveBackup\_internal\_tcl_data\tzdata\America\Indiana\Knox
2026-08-16 21:11:54.644   Time stamp of our file: 2026-08-16 21:06:02.000
2026-08-16 21:11:54.644   Dest file exists.
2026-08-16 21:11:54.645   Time stamp of existing file: 2026-08-16 21:06:02.000
2026-08-16 21:11:54.645   Installing the file.
2026-08-16 21:11:54.649   Successfully installed the file.
2026-08-16 21:11:54.649   -- File entry --
2026-08-16 21:11:54.650   Dest filename: C:\Users\in15\AppData\Local\DriveBackup\_internal\_tcl_data\tzdata\America\Indiana\Marengo
2026-08-16 21:11:54.650   Time stamp of our file: 2026-08-16 21:06:02.000
2026-08-16 21:11:54.650   Dest file exists.
2026-08-16 21:11:54.651   Time stamp of existing file: 2026-08-16 21:06:02.000
2026-08-16 21:11:54.651   Installing the file.
2026-08-16 21:11:54.660   Successfully installed the file.
2026-08-16 21:11:54.660   -- File entry --
2026-08-16 21:11:54.662   Dest filename: C:\Users\in15\AppData\Local\DriveBackup\_internal\_tcl_data\tzdata\America\Indiana\Petersburg
2026-08-16 21:11:54.662   Time stamp of our file: 2026-08-16 21:06:02.000
2026-08-16 21:11:54.662   Dest file exists.
2026-08-16 21:11:54.662   Time stamp of existing file: 2026-08-16 21:06:02.000
2026-08-16 21:11:54.662   Installing the file.
2026-08-16 21:11:54.672   Successfully installed the file.
2026-08-16 21:11:54.676   -- File entry --
2026-08-16 21:11:54.676   Dest filename: C:\Users\in15\AppData\Local\DriveBackup\_internal\_tcl_data\tzdata\America\Indiana\Tell_City
2026-08-16 21:11:54.677   Time stamp of our file: 2026-08-16 21:06:02.000
2026-08-16 21:11:54.677   Dest file exists.
2026-08-16 21:11:54.677   Time stamp of existing file: 2026-08-16 21:06:02.000
2026-08-16 21:11:54.677   Installing the file.
2026-08-16 21:11:54.695   Successfully installed the file.
2026-08-16 21:11:54.695   -- File entry --
2026-08-16 21:11:54.696   Dest filename: C:\Users\in15\AppData\Local\DriveBackup\_internal\_tcl_data\tzdata\America\Indiana\Vevay
2026-08-16 21:11:54.696   Time stamp of our file: 2026-08-16 21:06:02.000
2026-08-16 21:11:54.696   Dest file exists.
2026-08-16 21:11:54.696   Time stamp of existing file: 2026-08-16 21:06:02.000
2026-08-16 21:11:54.697   Installing the file.
2026-08-16 21:11:54.713   Successfully installed the file.
2026-08-16 21:11:54.713   -- File entry --
2026-08-16 21:11:54.713   Dest filename: C:\Users\in15\AppData\Local\DriveBackup\_internal\_tcl_data\tzdata\America\Indiana\Vincennes
2026-08-16 21:11:54.713   Time stamp of our file: 2026-08-16 21:06:02.000
2026-08-16 21:11:54.713   Dest file exists.
2026-08-16 21:11:54.713   Time stamp of existing file: 2026-08-16 21:06:02.000
2026-08-16 21:11:54.713   Installing the file.
2026-08-16 21:11:54.743   Successfully installed the file.
2026-08-16 21:11:54.743   -- File entry --
2026-08-16 21:11:54.744   Dest filename: C:\Users\in15\AppData\Local\DriveBackup\_internal\_tcl_data\tzdata\America\Indiana\Winamac
2026-08-16 21:11:54.751   Time stamp of our file: 2026-08-16 21:06:02.000
2026-08-16 21:11:54.751   Dest file exists.
2026-08-16 21:11:54.752   Time stamp of existing file: 2026-08-16 21:06:02.000
2026-08-16 21:11:54.752   Installing the file.
2026-08-16 21:11:54.763   Successfully installed the file.
2026-08-16 21:11:54.764   -- File entry --
2026-08-16 21:11:54.764   Dest filename: C:\Users\in15\AppData\Local\DriveBackup\_internal\_tcl_data\tzdata\America\Kentucky\Louisville
2026-08-16 21:11:54.765   Time stamp of our file: 2026-08-16 21:06:02.000
2026-08-16 21:11:54.768   Dest file exists.
2026-08-16 21:11:54.769   Time stamp of existing file: 2026-08-16 21:06:02.000
2026-08-16 21:11:54.769   Installing the file.
2026-08-16 21:11:54.787   Successfully installed the file.
2026-08-16 21:11:54.787   -- File entry --
2026-08-16 21:11:54.789   Dest filename: C:\Users\in15\AppData\Local\DriveBackup\_internal\_tcl_data\tzdata\America\Kentucky\Monticello
2026-08-16 21:11:54.789   Time stamp of our file: 2026-08-16 21:06:02.000
2026-08-16 21:11:54.789   Dest file exists.
2026-08-16 21:11:54.789   Time stamp of existing file: 2026-08-16 21:06:02.000
2026-08-16 21:11:54.789   Installing the file.
2026-08-16 21:11:54.797   Successfully installed the file.
2026-08-16 21:11:54.799   -- File entry --
2026-08-16 21:11:54.799   Dest filename: C:\Users\in15\AppData\Local\DriveBackup\_internal\_tcl_data\tzdata\America\North_Dakota\Beulah
2026-08-16 21:11:54.799   Time stamp of our file: 2026-08-16 21:06:02.000
2026-08-16 21:11:54.799   Dest file exists.
2026-08-16 21:11:54.799   Time stamp of existing file: 2026-08-16 21:06:02.000
2026-08-16 21:11:54.799   Installing the file.
2026-08-16 21:11:54.813   Successfully installed the file.
2026-08-16 21:11:54.815   -- File entry --
2026-08-16 21:11:54.815   Dest filename: C:\Users\in15\AppData\Local\DriveBackup\_internal\_tcl_data\tzdata\America\North_Dakota\Center
2026-08-16 21:11:54.817   Time stamp of our file: 2026-08-16 21:06:02.000
2026-08-16 21:11:54.817   Dest file exists.
2026-08-16 21:11:54.817   Time stamp of existing file: 2026-08-16 21:06:02.000
2026-08-16 21:11:54.817   Installing the file.
2026-08-16 21:11:54.823   Successfully installed the file.
2026-08-16 21:11:54.823   -- File entry --
2026-08-16 21:11:54.824   Dest filename: C:\Users\in15\AppData\Local\DriveBackup\_internal\_tcl_data\tzdata\America\North_Dakota\New_Salem
2026-08-16 21:11:54.825   Time stamp of our file: 2026-08-16 21:06:02.000
2026-08-16 21:11:54.825   Dest file exists.
2026-08-16 21:11:54.825   Time stamp of existing file: 2026-08-16 21:06:02.000
2026-08-16 21:11:54.825   Installing the file.
2026-08-16 21:11:54.833   Successfully installed the file.
2026-08-16 21:11:54.833   -- File entry --
2026-08-16 21:11:54.833   Dest filename: C:\Users\in15\AppData\Local\DriveBackup\_internal\_tcl_data\tzdata\Antarctica\Casey
2026-08-16 21:11:54.834   Time stamp of our file: 2026-08-16 21:06:04.000
2026-08-16 21:11:54.834   Dest file exists.
2026-08-16 21:11:54.834   Time stamp of existing file: 2026-08-16 21:06:04.000
2026-08-16 21:11:54.834   Installing the file.
2026-08-16 21:11:54.842   Successfully installed the file.
2026-08-16 21:11:54.845   -- File entry --
2026-08-16 21:11:54.846   Dest filename: C:\Users\in15\AppData\Local\DriveBackup\_internal\_tcl_data\tzdata\Antarctica\Davis
2026-08-16 21:11:54.846   Time stamp of our file: 2026-08-16 21:06:04.000
2026-08-16 21:11:54.846   Dest file exists.
2026-08-16 21:11:54.846   Time stamp of existing file: 2026-08-16 21:06:04.000
2026-08-16 21:11:54.846   Installing the file.
2026-08-16 21:11:54.852   Successfully installed the file.
2026-08-16 21:11:54.852   -- File entry --
2026-08-16 21:11:54.853   Dest filename: C:\Users\in15\AppData\Local\DriveBackup\_internal\_tcl_data\tzdata\Antarctica\DumontDUrville
2026-08-16 21:11:54.853   Time stamp of our file: 2026-08-16 21:06:04.000
2026-08-16 21:11:54.853   Dest file exists.
2026-08-16 21:11:54.853   Time stamp of existing file: 2026-08-16 21:06:04.000
2026-08-16 21:11:54.853   Installing the file.
2026-08-16 21:11:54.858   Successfully installed the file.
2026-08-16 21:11:54.859   -- File entry --
2026-08-16 21:11:54.859   Dest filename: C:\Users\in15\AppData\Local\DriveBackup\_internal\_tcl_data\tzdata\Antarctica\Macquarie
2026-08-16 21:11:54.860   Time stamp of our file: 2026-08-16 21:06:04.000
2026-08-16 21:11:54.860   Dest file exists.
2026-08-16 21:11:54.860   Time stamp of existing file: 2026-08-16 21:06:04.000
2026-08-16 21:11:54.860   Installing the file.
2026-08-16 21:11:54.865   Successfully installed the file.
2026-08-16 21:11:54.866   -- File entry --
2026-08-16 21:11:54.866   Dest filename: C:\Users\in15\AppData\Local\DriveBackup\_internal\_tcl_data\tzdata\Antarctica\Mawson
2026-08-16 21:11:54.867   Time stamp of our file: 2026-08-16 21:06:04.000
2026-08-16 21:11:54.867   Dest file exists.
2026-08-16 21:11:54.867   Time stamp of existing file: 2026-08-16 21:06:04.000
2026-08-16 21:11:54.867   Installing the file.
2026-08-16 21:11:54.874   Successfully installed the file.
2026-08-16 21:11:54.874   -- File entry --
2026-08-16 21:11:54.874   Dest filename: C:\Users\in15\AppData\Local\DriveBackup\_internal\_tcl_data\tzdata\Antarctica\McMurdo
2026-08-16 21:11:54.875   Time stamp of our file: 2026-08-16 21:06:04.000
2026-08-16 21:11:54.875   Dest file exists.
2026-08-16 21:11:54.876   Time stamp of existing file: 2026-08-16 21:06:04.000
2026-08-16 21:11:54.876   Installing the file.
2026-08-16 21:11:54.881   Successfully installed the file.
2026-08-16 21:11:54.881   -- File entry --
2026-08-16 21:11:54.881   Dest filename: C:\Users\in15\AppData\Local\DriveBackup\_internal\_tcl_data\tzdata\Antarctica\Palmer
2026-08-16 21:11:54.883   Time stamp of our file: 2026-08-16 21:06:04.000
2026-08-16 21:11:54.883   Dest file exists.
2026-08-16 21:11:54.883   Time stamp of existing file: 2026-08-16 21:06:04.000
2026-08-16 21:11:54.883   Installing the file.
2026-08-16 21:11:54.889   Successfully installed the file.
2026-08-16 21:11:54.890   -- File entry --
2026-08-16 21:11:54.890   Dest filename: C:\Users\in15\AppData\Local\DriveBackup\_internal\_tcl_data\tzdata\Antarctica\Rothera
2026-08-16 21:11:54.890   Time stamp of our file: 2026-08-16 21:06:04.000
2026-08-16 21:11:54.890   Dest file exists.
2026-08-16 21:11:54.891   Time stamp of existing file: 2026-08-16 21:06:04.000
2026-08-16 21:11:54.891   Installing the file.
2026-08-16 21:11:54.895   Successfully installed the file.
2026-08-16 21:11:54.895   -- File entry --
2026-08-16 21:11:54.896   Dest filename: C:\Users\in15\AppData\Local\DriveBackup\_internal\_tcl_data\tzdata\Antarctica\South_Pole
2026-08-16 21:11:54.897   Time stamp of our file: 2026-08-16 21:06:04.000
2026-08-16 21:11:54.897   Dest file exists.
2026-08-16 21:11:54.897   Time stamp of existing file: 2026-08-16 21:06:04.000
2026-08-16 21:11:54.897   Installing the file.
2026-08-16 21:11:54.901   Successfully installed the file.
2026-08-16 21:11:54.902   -- File entry --
2026-08-16 21:11:54.902   Dest filename: C:\Users\in15\AppData\Local\DriveBackup\_internal\_tcl_data\tzdata\Antarctica\Syowa
2026-08-16 21:11:54.903   Time stamp of our file: 2026-08-16 21:06:04.000
2026-08-16 21:11:54.903   Dest file exists.
2026-08-16 21:11:54.903   Time stamp of existing file: 2026-08-16 21:06:04.000
2026-08-16 21:11:54.903   Installing the file.
2026-08-16 21:11:54.908   Successfully installed the file.
2026-08-16 21:11:54.909   -- File entry --
2026-08-16 21:11:54.909   Dest filename: C:\Users\in15\AppData\Local\DriveBackup\_internal\_tcl_data\tzdata\Antarctica\Troll
2026-08-16 21:11:54.910   Time stamp of our file: 2026-08-16 21:06:04.000
2026-08-16 21:11:54.910   Dest file exists.
2026-08-16 21:11:54.910   Time stamp of existing file: 2026-08-16 21:06:04.000
2026-08-16 21:11:54.910   Installing the file.
2026-08-16 21:11:54.915   Successfully installed the file.
2026-08-16 21:11:54.916   -- File entry --
2026-08-16 21:11:54.921   Dest filename: C:\Users\in15\AppData\Local\DriveBackup\_internal\_tcl_data\tzdata\Antarctica\Vostok
2026-08-16 21:11:54.921   Time stamp of our file: 2026-08-16 21:06:04.000
2026-08-16 21:11:54.921   Dest file exists.
2026-08-16 21:11:54.924   Time stamp of existing file: 2026-08-16 21:06:04.000
2026-08-16 21:11:54.924   Installing the file.
2026-08-16 21:11:54.928   Successfully installed the file.
2026-08-16 21:11:54.930   -- File entry --
2026-08-16 21:11:54.930   Dest filename: C:\Users\in15\AppData\Local\DriveBackup\_internal\_tcl_data\tzdata\Arctic\Longyearbyen
2026-08-16 21:11:54.930   Time stamp of our file: 2026-08-16 21:06:04.000
2026-08-16 21:11:54.930   Dest file exists.
2026-08-16 21:11:54.930   Time stamp of existing file: 2026-08-16 21:06:04.000
2026-08-16 21:11:54.930   Installing the file.
2026-08-16 21:11:54.935   Successfully installed the file.
2026-08-16 21:11:54.936   -- File entry --
2026-08-16 21:11:54.936   Dest filename: C:\Users\in15\AppData\Local\DriveBackup\_internal\_tcl_data\tzdata\Asia\Aden
2026-08-16 21:11:54.937   Time stamp of our file: 2026-08-16 21:06:04.000
2026-08-16 21:11:54.937   Dest file exists.
2026-08-16 21:11:54.937   Time stamp of existing file: 2026-08-16 21:06:04.000
2026-08-16 21:11:54.937   Installing the file.
2026-08-16 21:11:54.944   Successfully installed the file.
2026-08-16 21:11:54.944   -- File entry --
2026-08-16 21:11:54.946   Dest filename: C:\Users\in15\AppData\Local\DriveBackup\_internal\_tcl_data\tzdata\Asia\Almaty
2026-08-16 21:11:54.946   Time stamp of our file: 2026-08-16 21:06:04.000
2026-08-16 21:11:54.946   Dest file exists.
2026-08-16 21:11:54.947   Time stamp of existing file: 2026-08-16 21:06:04.000
2026-08-16 21:11:54.947   Installing the file.
2026-08-16 21:11:54.951   Successfully installed the file.
2026-08-16 21:11:54.951   -- File entry --
2026-08-16 21:11:54.952   Dest filename: C:\Users\in15\AppData\Local\DriveBackup\_internal\_tcl_data\tzdata\Asia\Amman
2026-08-16 21:11:54.954   Time stamp of our file: 2026-08-16 21:06:04.000
2026-08-16 21:11:54.954   Dest file exists.
2026-08-16 21:11:54.954   Time stamp of existing file: 2026-08-16 21:06:04.000
2026-08-16 21:11:54.954   Installing the file.
2026-08-16 21:11:54.958   Successfully installed the file.
2026-08-16 21:11:54.958   -- File entry --
2026-08-16 21:11:54.958   Dest filename: C:\Users\in15\AppData\Local\DriveBackup\_internal\_tcl_data\tzdata\Asia\Anadyr
2026-08-16 21:11:54.959   Time stamp of our file: 2026-08-16 21:06:04.000
2026-08-16 21:11:54.959   Dest file exists.
2026-08-16 21:11:54.959   Time stamp of existing file: 2026-08-16 21:06:04.000
2026-08-16 21:11:54.959   Installing the file.
2026-08-16 21:11:54.965   Successfully installed the file.
2026-08-16 21:11:54.965   -- File entry --
2026-08-16 21:11:54.965   Dest filename: C:\Users\in15\AppData\Local\DriveBackup\_internal\_tcl_data\tzdata\Asia\Aqtau
2026-08-16 21:11:54.966   Time stamp of our file: 2026-08-16 21:06:04.000
2026-08-16 21:11:54.966   Dest file exists.
2026-08-16 21:11:54.966   Time stamp of existing file: 2026-08-16 21:06:04.000
2026-08-16 21:11:54.966   Installing the file.
2026-08-16 21:11:54.971   Successfully installed the file.
2026-08-16 21:11:54.972   -- File entry --
2026-08-16 21:11:54.972   Dest filename: C:\Users\in15\AppData\Local\DriveBackup\_internal\_tcl_data\tzdata\Asia\Aqtobe
2026-08-16 21:11:54.973   Time stamp of our file: 2026-08-16 21:06:04.000
2026-08-16 21:11:54.973   Dest file exists.
2026-08-16 21:11:54.973   Time stamp of existing file: 2026-08-16 21:06:04.000
2026-08-16 21:11:54.973   Installing the file.
2026-08-16 21:11:54.977   Successfully installed the file.
2026-08-16 21:11:54.978   -- File entry --
2026-08-16 21:11:54.978   Dest filename: C:\Users\in15\AppData\Local\DriveBackup\_internal\_tcl_data\tzdata\Asia\Ashgabat
2026-08-16 21:11:54.979   Time stamp of our file: 2026-08-16 21:06:04.000
2026-08-16 21:11:54.979   Dest file exists.
2026-08-16 21:11:54.979   Time stamp of existing file: 2026-08-16 21:06:04.000
2026-08-16 21:11:54.980   Installing the file.
2026-08-16 21:11:54.985   Successfully installed the file.
2026-08-16 21:11:54.985   -- File entry --
2026-08-16 21:11:54.986   Dest filename: C:\Users\in15\AppData\Local\DriveBackup\_internal\_tcl_data\tzdata\Asia\Ashkhabad
2026-08-16 21:11:54.986   Time stamp of our file: 2026-08-16 21:06:04.000
2026-08-16 21:11:54.986   Dest file exists.
2026-08-16 21:11:54.987   Time stamp of existing file: 2026-08-16 21:06:04.000
2026-08-16 21:11:54.987   Installing the file.
2026-08-16 21:11:54.992   Successfully installed the file.
2026-08-16 21:11:54.993   -- File entry --
2026-08-16 21:11:54.993   Dest filename: C:\Users\in15\AppData\Local\DriveBackup\_internal\_tcl_data\tzdata\Asia\Atyrau
2026-08-16 21:11:54.994   Time stamp of our file: 2026-08-16 21:06:04.000
2026-08-16 21:11:54.994   Dest file exists.
2026-08-16 21:11:54.994   Time stamp of existing file: 2026-08-16 21:06:04.000
2026-08-16 21:11:54.994   Installing the file.
2026-08-16 21:11:54.998   Successfully installed the file.
2026-08-16 21:11:54.999   -- File entry --
2026-08-16 21:11:54.999   Dest filename: C:\Users\in15\AppData\Local\DriveBackup\_internal\_tcl_data\tzdata\Asia\Baghdad
2026-08-16 21:11:55.000   Time stamp of our file: 2026-08-16 21:06:04.000
2026-08-16 21:11:55.000   Dest file exists.
2026-08-16 21:11:55.000   Time stamp of existing file: 2026-08-16 21:06:04.000
2026-08-16 21:11:55.000   Installing the file.
2026-08-16 21:11:55.006   Successfully installed the file.
2026-08-16 21:11:55.006   -- File entry --
2026-08-16 21:11:55.006   Dest filename: C:\Users\in15\AppData\Local\DriveBackup\_internal\_tcl_data\tzdata\Asia\Bahrain
2026-08-16 21:11:55.007   Time stamp of our file: 2026-08-16 21:06:04.000
2026-08-16 21:11:55.007   Dest file exists.
2026-08-16 21:11:55.007   Time stamp of existing file: 2026-08-16 21:06:04.000
2026-08-16 21:11:55.007   Installing the file.
2026-08-16 21:11:55.011   Successfully installed the file.
2026-08-16 21:11:55.011   -- File entry --
2026-08-16 21:11:55.012   Dest filename: C:\Users\in15\AppData\Local\DriveBackup\_internal\_tcl_data\tzdata\Asia\Baku
2026-08-16 21:11:55.012   Time stamp of our file: 2026-08-16 21:06:04.000
2026-08-16 21:11:55.013   Dest file exists.
2026-08-16 21:11:55.013   Time stamp of existing file: 2026-08-16 21:06:04.000
2026-08-16 21:11:55.013   Installing the file.
2026-08-16 21:11:55.018   Successfully installed the file.
2026-08-16 21:11:55.019   -- File entry --
2026-08-16 21:11:55.019   Dest filename: C:\Users\in15\AppData\Local\DriveBackup\_internal\_tcl_data\tzdata\Asia\Bangkok
2026-08-16 21:11:55.020   Time stamp of our file: 2026-08-16 21:06:04.000
2026-08-16 21:11:55.020   Dest file exists.
2026-08-16 21:11:55.021   Time stamp of existing file: 2026-08-16 21:06:04.000
2026-08-16 21:11:55.021   Installing the file.
2026-08-16 21:11:55.026   Successfully installed the file.
2026-08-16 21:11:55.027   -- File entry --
2026-08-16 21:11:55.027   Dest filename: C:\Users\in15\AppData\Local\DriveBackup\_internal\_tcl_data\tzdata\Asia\Barnaul
2026-08-16 21:11:55.027   Time stamp of our file: 2026-08-16 21:06:04.000
2026-08-16 21:11:55.028   Dest file exists.
2026-08-16 21:11:55.028   Time stamp of existing file: 2026-08-16 21:06:04.000
2026-08-16 21:11:55.028   Installing the file.
2026-08-16 21:11:55.032   Successfully installed the file.
2026-08-16 21:11:55.032   -- File entry --
2026-08-16 21:11:55.032   Dest filename: C:\Users\in15\AppData\Local\DriveBackup\_internal\_tcl_data\tzdata\Asia\Beirut
2026-08-16 21:11:55.033   Time stamp of our file: 2026-08-16 21:06:04.000
2026-08-16 21:11:55.033   Dest file exists.
2026-08-16 21:11:55.033   Time stamp of existing file: 2026-08-16 21:06:04.000
2026-08-16 21:11:55.033   Installing the file.
2026-08-16 21:11:55.038   Successfully installed the file.
2026-08-16 21:11:55.039   -- File entry --
2026-08-16 21:11:55.039   Dest filename: C:\Users\in15\AppData\Local\DriveBackup\_internal\_tcl_data\tzdata\Asia\Bishkek
2026-08-16 21:11:55.040   Time stamp of our file: 2026-08-16 21:06:04.000
2026-08-16 21:11:55.040   Dest file exists.
2026-08-16 21:11:55.040   Time stamp of existing file: 2026-08-16 21:06:04.000
2026-08-16 21:11:55.040   Installing the file.
2026-08-16 21:11:55.045   Successfully installed the file.
2026-08-16 21:11:55.045   -- File entry --
2026-08-16 21:11:55.046   Dest filename: C:\Users\in15\AppData\Local\DriveBackup\_internal\_tcl_data\tzdata\Asia\Brunei
2026-08-16 21:11:55.047   Time stamp of our file: 2026-08-16 21:06:04.000
2026-08-16 21:11:55.047   Dest file exists.
2026-08-16 21:11:55.047   Time stamp of existing file: 2026-08-16 21:06:04.000
2026-08-16 21:11:55.047   Installing the file.
2026-08-16 21:11:55.052   Successfully installed the file.
2026-08-16 21:11:55.053   -- File entry --
2026-08-16 21:11:55.053   Dest filename: C:\Users\in15\AppData\Local\DriveBackup\_internal\_tcl_data\tzdata\Asia\Calcutta
2026-08-16 21:11:55.054   Time stamp of our file: 2026-08-16 21:06:04.000
2026-08-16 21:11:55.054   Dest file exists.
2026-08-16 21:11:55.054   Time stamp of existing file: 2026-08-16 21:06:04.000
2026-08-16 21:11:55.054   Installing the file.
2026-08-16 21:11:55.059   Successfully installed the file.
2026-08-16 21:11:55.059   -- File entry --
2026-08-16 21:11:55.059   Dest filename: C:\Users\in15\AppData\Local\DriveBackup\_internal\_tcl_data\tzdata\Asia\Chita
2026-08-16 21:11:55.060   Time stamp of our file: 2026-08-16 21:06:04.000
2026-08-16 21:11:55.060   Dest file exists.
2026-08-16 21:11:55.060   Time stamp of existing file: 2026-08-16 21:06:04.000
2026-08-16 21:11:55.060   Installing the file.
2026-08-16 21:11:55.065   Successfully installed the file.
2026-08-16 21:11:55.065   -- File entry --
2026-08-16 21:11:55.066   Dest filename: C:\Users\in15\AppData\Local\DriveBackup\_internal\_tcl_data\tzdata\Asia\Choibalsan
2026-08-16 21:11:55.066   Time stamp of our file: 2026-08-16 21:06:04.000
2026-08-16 21:11:55.066   Dest file exists.
2026-08-16 21:11:55.066   Time stamp of existing file: 2026-08-16 21:06:04.000
2026-08-16 21:11:55.067   Installing the file.
2026-08-16 21:11:55.073   Successfully installed the file.
2026-08-16 21:11:55.073   -- File entry --
2026-08-16 21:11:55.074   Dest filename: C:\Users\in15\AppData\Local\DriveBackup\_internal\_tcl_data\tzdata\Asia\Chongqing
2026-08-16 21:11:55.074   Time stamp of our file: 2026-08-16 21:06:04.000
2026-08-16 21:11:55.074   Dest file exists.
2026-08-16 21:11:55.075   Time stamp of existing file: 2026-08-16 21:06:04.000
2026-08-16 21:11:55.075   Installing the file.
2026-08-16 21:11:55.080   Successfully installed the file.
2026-08-16 21:11:55.080   -- File entry --
2026-08-16 21:11:55.081   Dest filename: C:\Users\in15\AppData\Local\DriveBackup\_internal\_tcl_data\tzdata\Asia\Chungking
2026-08-16 21:11:55.081   Time stamp of our file: 2026-08-16 21:06:04.000
2026-08-16 21:11:55.081   Dest file exists.
2026-08-16 21:11:55.081   Time stamp of existing file: 2026-08-16 21:06:04.000
2026-08-16 21:11:55.081   Installing the file.
2026-08-16 21:11:55.087   Successfully installed the file.
2026-08-16 21:11:55.087   -- File entry --
2026-08-16 21:11:55.087   Dest filename: C:\Users\in15\AppData\Local\DriveBackup\_internal\_tcl_data\tzdata\Asia\Colombo
2026-08-16 21:11:55.087   Time stamp of our file: 2026-08-16 21:06:04.000
2026-08-16 21:11:55.087   Dest file exists.
2026-08-16 21:11:55.087   Time stamp of existing file: 2026-08-16 21:06:04.000
2026-08-16 21:11:55.088   Installing the file.
2026-08-16 21:11:55.093   Successfully installed the file.
2026-08-16 21:11:55.094   -- File entry --
2026-08-16 21:11:55.094   Dest filename: C:\Users\in15\AppData\Local\DriveBackup\_internal\_tcl_data\tzdata\Asia\Dacca
2026-08-16 21:11:55.095   Time stamp of our file: 2026-08-16 21:06:04.000
2026-08-16 21:11:55.095   Dest file exists.
2026-08-16 21:11:55.095   Time stamp of existing file: 2026-08-16 21:06:04.000
2026-08-16 21:11:55.095   Installing the file.
2026-08-16 21:11:55.099   Successfully installed the file.
2026-08-16 21:11:55.099   -- File entry --
2026-08-16 21:11:55.100   Dest filename: C:\Users\in15\AppData\Local\DriveBackup\_internal\_tcl_data\tzdata\Asia\Damascus
2026-08-16 21:11:55.101   Time stamp of our file: 2026-08-16 21:06:04.000
2026-08-16 21:11:55.101   Dest file exists.
2026-08-16 21:11:55.101   Time stamp of existing file: 2026-08-16 21:06:04.000
2026-08-16 21:11:55.101   Installing the file.
2026-08-16 21:11:55.106   Successfully installed the file.
2026-08-16 21:11:55.107   -- File entry --
2026-08-16 21:11:55.107   Dest filename: C:\Users\in15\AppData\Local\DriveBackup\_internal\_tcl_data\tzdata\Asia\Dhaka
2026-08-16 21:11:55.108   Time stamp of our file: 2026-08-16 21:06:04.000
2026-08-16 21:11:55.108   Dest file exists.
2026-08-16 21:11:55.108   Time stamp of existing file: 2026-08-16 21:06:04.000
2026-08-16 21:11:55.108   Installing the file.
2026-08-16 21:11:55.112   Successfully installed the file.
2026-08-16 21:11:55.112   -- File entry --
2026-08-16 21:11:55.112   Dest filename: C:\Users\in15\AppData\Local\DriveBackup\_internal\_tcl_data\tzdata\Asia\Dili
2026-08-16 21:11:55.113   Time stamp of our file: 2026-08-16 21:06:04.000
2026-08-16 21:11:55.113   Dest file exists.
2026-08-16 21:11:55.113   Time stamp of existing file: 2026-08-16 21:06:04.000
2026-08-16 21:11:55.113   Installing the file.
2026-08-16 21:11:55.119   Successfully installed the file.
2026-08-16 21:11:55.119   -- File entry --
2026-08-16 21:11:55.119   Dest filename: C:\Users\in15\AppData\Local\DriveBackup\_internal\_tcl_data\tzdata\Asia\Dubai
2026-08-16 21:11:55.120   Time stamp of our file: 2026-08-16 21:06:04.000
2026-08-16 21:11:55.120   Dest file exists.
2026-08-16 21:11:55.120   Time stamp of existing file: 2026-08-16 21:06:04.000
2026-08-16 21:11:55.121   Installing the file.
2026-08-16 21:11:55.126   Successfully installed the file.
2026-08-16 21:11:55.126   -- File entry --
2026-08-16 21:11:55.126   Dest filename: C:\Users\in15\AppData\Local\DriveBackup\_internal\_tcl_data\tzdata\Asia\Dushanbe
2026-08-16 21:11:55.127   Time stamp of our file: 2026-08-16 21:06:04.000
2026-08-16 21:11:55.127   Dest file exists.
2026-08-16 21:11:55.127   Time stamp of existing file: 2026-08-16 21:06:04.000
2026-08-16 21:11:55.127   Installing the file.
2026-08-16 21:11:55.132   Successfully installed the file.
2026-08-16 21:11:55.132   -- File entry --
2026-08-16 21:11:55.132   Dest filename: C:\Users\in15\AppData\Local\DriveBackup\_internal\_tcl_data\tzdata\Asia\Famagusta
2026-08-16 21:11:55.132   Time stamp of our file: 2026-08-16 21:06:04.000
2026-08-16 21:11:55.132   Dest file exists.
2026-08-16 21:11:55.133   Time stamp of existing file: 2026-08-16 21:06:04.000
2026-08-16 21:11:55.133   Installing the file.
2026-08-16 21:11:55.139   Successfully installed the file.
2026-08-16 21:11:55.140   -- File entry --
2026-08-16 21:11:55.140   Dest filename: C:\Users\in15\AppData\Local\DriveBackup\_internal\_tcl_data\tzdata\Asia\Gaza
2026-08-16 21:11:55.141   Time stamp of our file: 2026-08-16 21:06:04.000
2026-08-16 21:11:55.141   Dest file exists.
2026-08-16 21:11:55.141   Time stamp of existing file: 2026-08-16 21:06:04.000
2026-08-16 21:11:55.141   Installing the file.
2026-08-16 21:11:55.146   Successfully installed the file.
2026-08-16 21:11:55.146   -- File entry --
2026-08-16 21:11:55.146   Dest filename: C:\Users\in15\AppData\Local\DriveBackup\_internal\_tcl_data\tzdata\Asia\Harbin
2026-08-16 21:11:55.147   Time stamp of our file: 2026-08-16 21:06:04.000
2026-08-16 21:11:55.147   Dest file exists.
2026-08-16 21:11:55.147   Time stamp of existing file: 2026-08-16 21:06:04.000
2026-08-16 21:11:55.147   Installing the file.
2026-08-16 21:11:55.155   Successfully installed the file.
2026-08-16 21:11:55.155   -- File entry --
2026-08-16 21:11:55.156   Dest filename: C:\Users\in15\AppData\Local\DriveBackup\_internal\_tcl_data\tzdata\Asia\Hebron
2026-08-16 21:11:55.157   Time stamp of our file: 2026-08-16 21:06:04.000
2026-08-16 21:11:55.157   Dest file exists.
2026-08-16 21:11:55.157   Time stamp of existing file: 2026-08-16 21:06:04.000
2026-08-16 21:11:55.157   Installing the file.
2026-08-16 21:11:55.161   Successfully installed the file.
2026-08-16 21:11:55.162   -- File entry --
2026-08-16 21:11:55.162   Dest filename: C:\Users\in15\AppData\Local\DriveBackup\_internal\_tcl_data\tzdata\Asia\Hong_Kong
2026-08-16 21:11:55.163   Time stamp of our file: 2026-08-16 21:06:04.000
2026-08-16 21:11:55.163   Dest file exists.
2026-08-16 21:11:55.163   Time stamp of existing file: 2026-08-16 21:06:04.000
2026-08-16 21:11:55.163   Installing the file.
2026-08-16 21:11:55.167   Successfully installed the file.
2026-08-16 21:11:55.168   -- File entry --
2026-08-16 21:11:55.168   Dest filename: C:\Users\in15\AppData\Local\DriveBackup\_internal\_tcl_data\tzdata\Asia\Hovd
2026-08-16 21:11:55.172   Time stamp of our file: 2026-08-16 21:06:04.000
2026-08-16 21:11:55.173   Dest file exists.
2026-08-16 21:11:55.173   Time stamp of existing file: 2026-08-16 21:06:04.000
2026-08-16 21:11:55.173   Installing the file.
2026-08-16 21:11:55.183   Successfully installed the file.
2026-08-16 21:11:55.183   -- File entry --
2026-08-16 21:11:55.184   Dest filename: C:\Users\in15\AppData\Local\DriveBackup\_internal\_tcl_data\tzdata\Asia\Ho_Chi_Minh
2026-08-16 21:11:55.184   Time stamp of our file: 2026-08-16 21:06:04.000
2026-08-16 21:11:55.184   Dest file exists.
2026-08-16 21:11:55.185   Time stamp of existing file: 2026-08-16 21:06:04.000
2026-08-16 21:11:55.185   Installing the file.
2026-08-16 21:11:55.189   Successfully installed the file.
2026-08-16 21:11:55.189   -- File entry --
2026-08-16 21:11:55.190   Dest filename: C:\Users\in15\AppData\Local\DriveBackup\_internal\_tcl_data\tzdata\Asia\Irkutsk
2026-08-16 21:11:55.190   Time stamp of our file: 2026-08-16 21:06:04.000
2026-08-16 21:11:55.190   Dest file exists.
2026-08-16 21:11:55.190   Time stamp of existing file: 2026-08-16 21:06:04.000
2026-08-16 21:11:55.190   Installing the file.
2026-08-16 21:11:55.195   Successfully installed the file.
2026-08-16 21:11:55.195   -- File entry --
2026-08-16 21:11:55.195   Dest filename: C:\Users\in15\AppData\Local\DriveBackup\_internal\_tcl_data\tzdata\Asia\Istanbul
2026-08-16 21:11:55.196   Time stamp of our file: 2026-08-16 21:06:04.000
2026-08-16 21:11:55.196   Dest file exists.
2026-08-16 21:11:55.196   Time stamp of existing file: 2026-08-16 21:06:04.000
2026-08-16 21:11:55.196   Installing the file.
2026-08-16 21:11:55.201   Successfully installed the file.
2026-08-16 21:11:55.201   -- File entry --
2026-08-16 21:11:55.201   Dest filename: C:\Users\in15\AppData\Local\DriveBackup\_internal\_tcl_data\tzdata\Asia\Jakarta
2026-08-16 21:11:55.202   Time stamp of our file: 2026-08-16 21:06:04.000
2026-08-16 21:11:55.203   Dest file exists.
2026-08-16 21:11:55.203   Time stamp of existing file: 2026-08-16 21:06:04.000
2026-08-16 21:11:55.203   Installing the file.
2026-08-16 21:11:55.211   Successfully installed the file.
2026-08-16 21:11:55.211   -- File entry --
2026-08-16 21:11:55.213   Dest filename: C:\Users\in15\AppData\Local\DriveBackup\_internal\_tcl_data\tzdata\Asia\Jayapura
2026-08-16 21:11:55.213   Time stamp of our file: 2026-08-16 21:06:04.000
2026-08-16 21:11:55.213   Dest file exists.
2026-08-16 21:11:55.213   Time stamp of existing file: 2026-08-16 21:06:04.000
2026-08-16 21:11:55.213   Installing the file.
2026-08-16 21:11:55.217   Successfully installed the file.
2026-08-16 21:11:55.217   -- File entry --
2026-08-16 21:11:55.217   Dest filename: C:\Users\in15\AppData\Local\DriveBackup\_internal\_tcl_data\tzdata\Asia\Jerusalem
2026-08-16 21:11:55.218   Time stamp of our file: 2026-08-16 21:06:04.000
2026-08-16 21:11:55.218   Dest file exists.
2026-08-16 21:11:55.219   Time stamp of existing file: 2026-08-16 21:06:04.000
2026-08-16 21:11:55.220   Installing the file.
2026-08-16 21:11:55.225   Successfully installed the file.
2026-08-16 21:11:55.226   -- File entry --
2026-08-16 21:11:55.226   Dest filename: C:\Users\in15\AppData\Local\DriveBackup\_internal\_tcl_data\tzdata\Asia\Kabul
2026-08-16 21:11:55.227   Time stamp of our file: 2026-08-16 21:06:04.000
2026-08-16 21:11:55.227   Dest file exists.
2026-08-16 21:11:55.227   Time stamp of existing file: 2026-08-16 21:06:04.000
2026-08-16 21:11:55.227   Installing the file.
2026-08-16 21:11:55.232   Successfully installed the file.
2026-08-16 21:11:55.232   -- File entry --
2026-08-16 21:11:55.232   Dest filename: C:\Users\in15\AppData\Local\DriveBackup\_internal\_tcl_data\tzdata\Asia\Kamchatka
2026-08-16 21:11:55.233   Time stamp of our file: 2026-08-16 21:06:04.000
2026-08-16 21:11:55.233   Dest file exists.
2026-08-16 21:11:55.233   Time stamp of existing file: 2026-08-16 21:06:04.000
2026-08-16 21:11:55.233   Installing the file.
2026-08-16 21:11:55.238   Successfully installed the file.
2026-08-16 21:11:55.238   -- File entry --
2026-08-16 21:11:55.239   Dest filename: C:\Users\in15\AppData\Local\DriveBackup\_internal\_tcl_data\tzdata\Asia\Karachi
2026-08-16 21:11:55.239   Time stamp of our file: 2026-08-16 21:06:04.000
2026-08-16 21:11:55.239   Dest file exists.
2026-08-16 21:11:55.240   Time stamp of existing file: 2026-08-16 21:06:04.000
2026-08-16 21:11:55.240   Installing the file.
2026-08-16 21:11:55.243   Successfully installed the file.
2026-08-16 21:11:55.243   -- File entry --
2026-08-16 21:11:55.245   Dest filename: C:\Users\in15\AppData\Local\DriveBackup\_internal\_tcl_data\tzdata\Asia\Kashgar
2026-08-16 21:11:55.245   Time stamp of our file: 2026-08-16 21:06:04.000
2026-08-16 21:11:55.245   Dest file exists.
2026-08-16 21:11:55.245   Time stamp of existing file: 2026-08-16 21:06:04.000
2026-08-16 21:11:55.245   Installing the file.
2026-08-16 21:11:55.249   Successfully installed the file.
2026-08-16 21:11:55.249   -- File entry --
2026-08-16 21:11:55.249   Dest filename: C:\Users\in15\AppData\Local\DriveBackup\_internal\_tcl_data\tzdata\Asia\Kathmandu
2026-08-16 21:11:55.249   Time stamp of our file: 2026-08-16 21:06:04.000
2026-08-16 21:11:55.249   Dest file exists.
2026-08-16 21:11:55.249   Time stamp of existing file: 2026-08-16 21:06:04.000
2026-08-16 21:11:55.249   Installing the file.
2026-08-16 21:11:55.257   Successfully installed the file.
2026-08-16 21:11:55.260   -- File entry --
2026-08-16 21:11:55.260   Dest filename: C:\Users\in15\AppData\Local\DriveBackup\_internal\_tcl_data\tzdata\Asia\Katmandu
2026-08-16 21:11:55.261   Time stamp of our file: 2026-08-16 21:06:04.000
2026-08-16 21:11:55.261   Dest file exists.
2026-08-16 21:11:55.261   Time stamp of existing file: 2026-08-16 21:06:04.000
2026-08-16 21:11:55.261   Installing the file.
2026-08-16 21:11:55.268   Successfully installed the file.
2026-08-16 21:11:55.268   -- File entry --
2026-08-16 21:11:55.268   Dest filename: C:\Users\in15\AppData\Local\DriveBackup\_internal\_tcl_data\tzdata\Asia\Khandyga
2026-08-16 21:11:55.269   Time stamp of our file: 2026-08-16 21:06:04.000
2026-08-16 21:11:55.269   Dest file exists.
2026-08-16 21:11:55.269   Time stamp of existing file: 2026-08-16 21:06:04.000
2026-08-16 21:11:55.269   Installing the file.
2026-08-16 21:11:55.280   Successfully installed the file.
2026-08-16 21:11:55.280   -- File entry --
2026-08-16 21:11:55.281   Dest filename: C:\Users\in15\AppData\Local\DriveBackup\_internal\_tcl_data\tzdata\Asia\Kolkata
2026-08-16 21:11:55.282   Time stamp of our file: 2026-08-16 21:06:04.000
2026-08-16 21:11:55.282   Dest file exists.
2026-08-16 21:11:55.282   Time stamp of existing file: 2026-08-16 21:06:04.000
2026-08-16 21:11:55.282   Installing the file.
2026-08-16 21:11:55.288   Successfully installed the file.
2026-08-16 21:11:55.288   -- File entry --
2026-08-16 21:11:55.289   Dest filename: C:\Users\in15\AppData\Local\DriveBackup\_internal\_tcl_data\tzdata\Asia\Krasnoyarsk
2026-08-16 21:11:55.289   Time stamp of our file: 2026-08-16 21:06:04.000
2026-08-16 21:11:55.289   Dest file exists.
2026-08-16 21:11:55.290   Time stamp of existing file: 2026-08-16 21:06:04.000
2026-08-16 21:11:55.290   Installing the file.
2026-08-16 21:11:55.294   Successfully installed the file.
2026-08-16 21:11:55.294   -- File entry --
2026-08-16 21:11:55.295   Dest filename: C:\Users\in15\AppData\Local\DriveBackup\_internal\_tcl_data\tzdata\Asia\Kuala_Lumpur
2026-08-16 21:11:55.295   Time stamp of our file: 2026-08-16 21:06:04.000
2026-08-16 21:11:55.295   Dest file exists.
2026-08-16 21:11:55.296   Time stamp of existing file: 2026-08-16 21:06:04.000
2026-08-16 21:11:55.296   Installing the file.
2026-08-16 21:11:55.300   Successfully installed the file.
2026-08-16 21:11:55.300   -- File entry --
2026-08-16 21:11:55.300   Dest filename: C:\Users\in15\AppData\Local\DriveBackup\_internal\_tcl_data\tzdata\Asia\Kuching
2026-08-16 21:11:55.301   Time stamp of our file: 2026-08-16 21:06:04.000
2026-08-16 21:11:55.301   Dest file exists.
2026-08-16 21:11:55.301   Time stamp of existing file: 2026-08-16 21:06:04.000
2026-08-16 21:11:55.301   Installing the file.
2026-08-16 21:11:55.306   Successfully installed the file.
2026-08-16 21:11:55.307   -- File entry --
2026-08-16 21:11:55.308   Dest filename: C:\Users\in15\AppData\Local\DriveBackup\_internal\_tcl_data\tzdata\Asia\Kuwait
2026-08-16 21:11:55.308   Time stamp of our file: 2026-08-16 21:06:04.000
2026-08-16 21:11:55.308   Dest file exists.
2026-08-16 21:11:55.308   Time stamp of existing file: 2026-08-16 21:06:04.000
2026-08-16 21:11:55.308   Installing the file.
2026-08-16 21:11:55.308   Successfully installed the file.
2026-08-16 21:11:55.308   -- File entry --
2026-08-16 21:11:55.308   Dest filename: C:\Users\in15\AppData\Local\DriveBackup\_internal\_tcl_data\tzdata\Asia\Macao
2026-08-16 21:11:55.314   Time stamp of our file: 2026-08-16 21:06:04.000
2026-08-16 21:11:55.314   Dest file exists.
2026-08-16 21:11:55.314   Time stamp of existing file: 2026-08-16 21:06:04.000
2026-08-16 21:11:55.314   Installing the file.
2026-08-16 21:11:55.314   Successfully installed the file.
2026-08-16 21:11:55.314   -- File entry --
2026-08-16 21:11:55.314   Dest filename: C:\Users\in15\AppData\Local\DriveBackup\_internal\_tcl_data\tzdata\Asia\Macau
2026-08-16 21:11:55.319   Time stamp of our file: 2026-08-16 21:06:04.000
2026-08-16 21:11:55.319   Dest file exists.
2026-08-16 21:11:55.319   Time stamp of existing file: 2026-08-16 21:06:04.000
2026-08-16 21:11:55.319   Installing the file.
2026-08-16 21:11:55.324   Successfully installed the file.
2026-08-16 21:11:55.324   -- File entry --
2026-08-16 21:11:55.324   Dest filename: C:\Users\in15\AppData\Local\DriveBackup\_internal\_tcl_data\tzdata\Asia\Magadan
2026-08-16 21:11:55.325   Time stamp of our file: 2026-08-16 21:06:04.000
2026-08-16 21:11:55.325   Dest file exists.
2026-08-16 21:11:55.325   Time stamp of existing file: 2026-08-16 21:06:04.000
2026-08-16 21:11:55.325   Installing the file.
2026-08-16 21:11:55.330   Successfully installed the file.
2026-08-16 21:11:55.330   -- File entry --
2026-08-16 21:11:55.330   Dest filename: C:\Users\in15\AppData\Local\DriveBackup\_internal\_tcl_data\tzdata\Asia\Makassar
2026-08-16 21:11:55.331   Time stamp of our file: 2026-08-16 21:06:04.000
2026-08-16 21:11:55.331   Dest file exists.
2026-08-16 21:11:55.331   Time stamp of existing file: 2026-08-16 21:06:04.000
2026-08-16 21:11:55.331   Installing the file.
2026-08-16 21:11:55.335   Successfully installed the file.
2026-08-16 21:11:55.335   -- File entry --
2026-08-16 21:11:55.335   Dest filename: C:\Users\in15\AppData\Local\DriveBackup\_internal\_tcl_data\tzdata\Asia\Manila
2026-08-16 21:11:55.336   Time stamp of our file: 2026-08-16 21:06:04.000
2026-08-16 21:11:55.336   Dest file exists.
2026-08-16 21:11:55.337   Time stamp of existing file: 2026-08-16 21:06:04.000
2026-08-16 21:11:55.337   Installing the file.
2026-08-16 21:11:55.342   Successfully installed the file.
2026-08-16 21:11:55.342   -- File entry --
2026-08-16 21:11:55.342   Dest filename: C:\Users\in15\AppData\Local\DriveBackup\_internal\_tcl_data\tzdata\Asia\Muscat
2026-08-16 21:11:55.343   Time stamp of our file: 2026-08-16 21:06:04.000
2026-08-16 21:11:55.343   Dest file exists.
2026-08-16 21:11:55.343   Time stamp of existing file: 2026-08-16 21:06:04.000
2026-08-16 21:11:55.343   Installing the file.
2026-08-16 21:11:55.347   Successfully installed the file.
2026-08-16 21:11:55.347   -- File entry --
2026-08-16 21:11:55.348   Dest filename: C:\Users\in15\AppData\Local\DriveBackup\_internal\_tcl_data\tzdata\Asia\Nicosia
2026-08-16 21:11:55.348   Time stamp of our file: 2026-08-16 21:06:04.000
2026-08-16 21:11:55.348   Dest file exists.
2026-08-16 21:11:55.349   Time stamp of existing file: 2026-08-16 21:06:04.000
2026-08-16 21:11:55.349   Installing the file.
2026-08-16 21:11:55.355   Successfully installed the file.
2026-08-16 21:11:55.355   -- File entry --
2026-08-16 21:11:55.355   Dest filename: C:\Users\in15\AppData\Local\DriveBackup\_internal\_tcl_data\tzdata\Asia\Novokuznetsk
2026-08-16 21:11:55.355   Time stamp of our file: 2026-08-16 21:06:04.000
2026-08-16 21:11:55.355   Dest file exists.
2026-08-16 21:11:55.357   Time stamp of existing file: 2026-08-16 21:06:04.000
2026-08-16 21:11:55.357   Installing the file.
2026-08-16 21:11:55.360   Successfully installed the file.
2026-08-16 21:11:55.360   -- File entry --
2026-08-16 21:11:55.362   Dest filename: C:\Users\in15\AppData\Local\DriveBackup\_internal\_tcl_data\tzdata\Asia\Novosibirsk
2026-08-16 21:11:55.362   Time stamp of our file: 2026-08-16 21:06:04.000
2026-08-16 21:11:55.362   Dest file exists.
2026-08-16 21:11:55.362   Time stamp of existing file: 2026-08-16 21:06:04.000
2026-08-16 21:11:55.362   Installing the file.
2026-08-16 21:11:55.367   Successfully installed the file.
2026-08-16 21:11:55.367   -- File entry --
2026-08-16 21:11:55.367   Dest filename: C:\Users\in15\AppData\Local\DriveBackup\_internal\_tcl_data\tzdata\Asia\Omsk
2026-08-16 21:11:55.369   Time stamp of our file: 2026-08-16 21:06:04.000
2026-08-16 21:11:55.369   Dest file exists.
2026-08-16 21:11:55.369   Time stamp of existing file: 2026-08-16 21:06:04.000
2026-08-16 21:11:55.370   Installing the file.
2026-08-16 21:11:55.374   Successfully installed the file.
2026-08-16 21:11:55.374   -- File entry --
2026-08-16 21:11:55.375   Dest filename: C:\Users\in15\AppData\Local\DriveBackup\_internal\_tcl_data\tzdata\Asia\Oral
2026-08-16 21:11:55.375   Time stamp of our file: 2026-08-16 21:06:04.000
2026-08-16 21:11:55.375   Dest file exists.
2026-08-16 21:11:55.376   Time stamp of existing file: 2026-08-16 21:06:04.000
2026-08-16 21:11:55.376   Installing the file.
2026-08-16 21:11:55.380   Successfully installed the file.
2026-08-16 21:11:55.380   -- File entry --
2026-08-16 21:11:55.381   Dest filename: C:\Users\in15\AppData\Local\DriveBackup\_internal\_tcl_data\tzdata\Asia\Phnom_Penh
2026-08-16 21:11:55.381   Time stamp of our file: 2026-08-16 21:06:04.000
2026-08-16 21:11:55.381   Dest file exists.
2026-08-16 21:11:55.381   Time stamp of existing file: 2026-08-16 21:06:04.000
2026-08-16 21:11:55.382   Installing the file.
2026-08-16 21:11:55.387   Successfully installed the file.
2026-08-16 21:11:55.387   -- File entry --
2026-08-16 21:11:55.387   Dest filename: C:\Users\in15\AppData\Local\DriveBackup\_internal\_tcl_data\tzdata\Asia\Pontianak
2026-08-16 21:11:55.387   Time stamp of our file: 2026-08-16 21:06:04.000
2026-08-16 21:11:55.387   Dest file exists.
2026-08-16 21:11:55.387   Time stamp of existing file: 2026-08-16 21:06:04.000
2026-08-16 21:11:55.389   Installing the file.
2026-08-16 21:11:55.389   Successfully installed the file.
2026-08-16 21:11:55.389   -- File entry --
2026-08-16 21:11:55.389   Dest filename: C:\Users\in15\AppData\Local\DriveBackup\_internal\_tcl_data\tzdata\Asia\Pyongyang
2026-08-16 21:11:55.389   Time stamp of our file: 2026-08-16 21:06:04.000
2026-08-16 21:11:55.389   Dest file exists.
2026-08-16 21:11:55.389   Time stamp of existing file: 2026-08-16 21:06:04.000
2026-08-16 21:11:55.389   Installing the file.
2026-08-16 21:11:55.389   Successfully installed the file.
2026-08-16 21:11:55.389   -- File entry --
2026-08-16 21:11:55.389   Dest filename: C:\Users\in15\AppData\Local\DriveBackup\_internal\_tcl_data\tzdata\Asia\Qatar
2026-08-16 21:11:55.389   Time stamp of our file: 2026-08-16 21:06:04.000
2026-08-16 21:11:55.389   Dest file exists.
2026-08-16 21:11:55.389   Time stamp of existing file: 2026-08-16 21:06:04.000
2026-08-16 21:11:55.389   Installing the file.
2026-08-16 21:11:55.405   Successfully installed the file.
2026-08-16 21:11:55.411   -- File entry --
2026-08-16 21:11:55.411   Dest filename: C:\Users\in15\AppData\Local\DriveBackup\_internal\_tcl_data\tzdata\Asia\Qostanay
2026-08-16 21:11:55.411   Time stamp of our file: 2026-08-16 21:06:04.000
2026-08-16 21:11:55.411   Dest file exists.
2026-08-16 21:11:55.412   Time stamp of existing file: 2026-08-16 21:06:04.000
2026-08-16 21:11:55.412   Installing the file.
2026-08-16 21:11:55.416   Successfully installed the file.
2026-08-16 21:11:55.416   -- File entry --
2026-08-16 21:11:55.417   Dest filename: C:\Users\in15\AppData\Local\DriveBackup\_internal\_tcl_data\tzdata\Asia\Qyzylorda
2026-08-16 21:11:55.417   Time stamp of our file: 2026-08-16 21:06:04.000
2026-08-16 21:11:55.417   Dest file exists.
2026-08-16 21:11:55.417   Time stamp of existing file: 2026-08-16 21:06:04.000
2026-08-16 21:11:55.417   Installing the file.
2026-08-16 21:11:55.420   Successfully installed the file.
2026-08-16 21:11:55.420   -- File entry --
2026-08-16 21:11:55.421   Dest filename: C:\Users\in15\AppData\Local\DriveBackup\_internal\_tcl_data\tzdata\Asia\Rangoon
2026-08-16 21:11:55.421   Time stamp of our file: 2026-08-16 21:06:04.000
2026-08-16 21:11:55.422   Dest file exists.
2026-08-16 21:11:55.422   Time stamp of existing file: 2026-08-16 21:06:04.000
2026-08-16 21:11:55.422   Installing the file.
2026-08-16 21:11:55.426   Successfully installed the file.
2026-08-16 21:11:55.427   -- File entry --
2026-08-16 21:11:55.427   Dest filename: C:\Users\in15\AppData\Local\DriveBackup\_internal\_tcl_data\tzdata\Asia\Riyadh
2026-08-16 21:11:55.427   Time stamp of our file: 2026-08-16 21:06:04.000
2026-08-16 21:11:55.427   Dest file exists.
2026-08-16 21:11:55.428   Time stamp of existing file: 2026-08-16 21:06:04.000
2026-08-16 21:11:55.428   Installing the file.
2026-08-16 21:11:55.432   Successfully installed the file.
2026-08-16 21:11:55.432   -- File entry --
2026-08-16 21:11:55.433   Dest filename: C:\Users\in15\AppData\Local\DriveBackup\_internal\_tcl_data\tzdata\Asia\Saigon
2026-08-16 21:11:55.433   Time stamp of our file: 2026-08-16 21:06:04.000
2026-08-16 21:11:55.433   Dest file exists.
2026-08-16 21:11:55.433   Time stamp of existing file: 2026-08-16 21:06:04.000
2026-08-16 21:11:55.434   Installing the file.
2026-08-16 21:11:55.436   Successfully installed the file.
2026-08-16 21:11:55.436   -- File entry --
2026-08-16 21:11:55.436   Dest filename: C:\Users\in15\AppData\Local\DriveBackup\_internal\_tcl_data\tzdata\Asia\Sakhalin
2026-08-16 21:11:55.440   Time stamp of our file: 2026-08-16 21:06:04.000
2026-08-16 21:11:55.440   Dest file exists.
2026-08-16 21:11:55.440   Time stamp of existing file: 2026-08-16 21:06:04.000
2026-08-16 21:11:55.440   Installing the file.
2026-08-16 21:11:55.443   Successfully installed the file.
2026-08-16 21:11:55.443   -- File entry --
2026-08-16 21:11:55.443   Dest filename: C:\Users\in15\AppData\Local\DriveBackup\_internal\_tcl_data\tzdata\Asia\Samarkand
2026-08-16 21:11:55.445   Time stamp of our file: 2026-08-16 21:06:04.000
2026-08-16 21:11:55.445   Dest file exists.
2026-08-16 21:11:55.445   Time stamp of existing file: 2026-08-16 21:06:04.000
2026-08-16 21:11:55.445   Installing the file.
2026-08-16 21:11:55.447   Successfully installed the file.
2026-08-16 21:11:55.447   -- File entry --
2026-08-16 21:11:55.447   Dest filename: C:\Users\in15\AppData\Local\DriveBackup\_internal\_tcl_data\tzdata\Asia\Seoul
2026-08-16 21:11:55.447   Time stamp of our file: 2026-08-16 21:06:04.000
2026-08-16 21:11:55.447   Dest file exists.
2026-08-16 21:11:55.447   Time stamp of existing file: 2026-08-16 21:06:04.000
2026-08-16 21:11:55.447   Installing the file.
2026-08-16 21:11:55.455   Successfully installed the file.
2026-08-16 21:11:55.455   -- File entry --
2026-08-16 21:11:55.455   Dest filename: C:\Users\in15\AppData\Local\DriveBackup\_internal\_tcl_data\tzdata\Asia\Shanghai
2026-08-16 21:11:55.457   Time stamp of our file: 2026-08-16 21:06:04.000
2026-08-16 21:11:55.457   Dest file exists.
2026-08-16 21:11:55.457   Time stamp of existing file: 2026-08-16 21:06:04.000
2026-08-16 21:11:55.457   Installing the file.
2026-08-16 21:11:55.459   Successfully installed the file.
2026-08-16 21:11:55.459   -- File entry --
2026-08-16 21:11:55.459   Dest filename: C:\Users\in15\AppData\Local\DriveBackup\_internal\_tcl_data\tzdata\Asia\Singapore
2026-08-16 21:11:55.465   Time stamp of our file: 2026-08-16 21:06:04.000
2026-08-16 21:11:55.465   Dest file exists.
2026-08-16 21:11:55.465   Time stamp of existing file: 2026-08-16 21:06:04.000
2026-08-16 21:11:55.465   Installing the file.
2026-08-16 21:11:55.474   Successfully installed the file.
2026-08-16 21:11:55.475   -- File entry --
2026-08-16 21:11:55.475   Dest filename: C:\Users\in15\AppData\Local\DriveBackup\_internal\_tcl_data\tzdata\Asia\Srednekolymsk
2026-08-16 21:11:55.476   Time stamp of our file: 2026-08-16 21:06:04.000
2026-08-16 21:11:55.476   Dest file exists.
2026-08-16 21:11:55.476   Time stamp of existing file: 2026-08-16 21:06:04.000
2026-08-16 21:11:55.476   Installing the file.
2026-08-16 21:11:55.480   Successfully installed the file.
2026-08-16 21:11:55.480   -- File entry --
2026-08-16 21:11:55.481   Dest filename: C:\Users\in15\AppData\Local\DriveBackup\_internal\_tcl_data\tzdata\Asia\Taipei
2026-08-16 21:11:55.481   Time stamp of our file: 2026-08-16 21:06:04.000
2026-08-16 21:11:55.482   Dest file exists.
2026-08-16 21:11:55.482   Time stamp of existing file: 2026-08-16 21:06:04.000
2026-08-16 21:11:55.482   Installing the file.
2026-08-16 21:11:55.488   Successfully installed the file.
2026-08-16 21:11:55.488   -- File entry --
2026-08-16 21:11:55.488   Dest filename: C:\Users\in15\AppData\Local\DriveBackup\_internal\_tcl_data\tzdata\Asia\Tashkent
2026-08-16 21:11:55.490   Time stamp of our file: 2026-08-16 21:06:04.000
2026-08-16 21:11:55.490   Dest file exists.
2026-08-16 21:11:55.491   Time stamp of existing file: 2026-08-16 21:06:04.000
2026-08-16 21:11:55.491   Installing the file.
2026-08-16 21:11:55.498   Successfully installed the file.
2026-08-16 21:11:55.498   -- File entry --
2026-08-16 21:11:55.498   Dest filename: C:\Users\in15\AppData\Local\DriveBackup\_internal\_tcl_data\tzdata\Asia\Tbilisi
2026-08-16 21:11:55.498   Time stamp of our file: 2026-08-16 21:06:04.000
2026-08-16 21:11:55.498   Dest file exists.
2026-08-16 21:11:55.498   Time stamp of existing file: 2026-08-16 21:06:04.000
2026-08-16 21:11:55.498   Installing the file.
2026-08-16 21:11:55.505   Successfully installed the file.
2026-08-16 21:11:55.505   -- File entry --
2026-08-16 21:11:55.506   Dest filename: C:\Users\in15\AppData\Local\DriveBackup\_internal\_tcl_data\tzdata\Asia\Tehran
2026-08-16 21:11:55.506   Time stamp of our file: 2026-08-16 21:06:04.000
2026-08-16 21:11:55.506   Dest file exists.
2026-08-16 21:11:55.506   Time stamp of existing file: 2026-08-16 21:06:04.000
2026-08-16 21:11:55.506   Installing the file.
2026-08-16 21:11:55.510   Successfully installed the file.
2026-08-16 21:11:55.510   -- File entry --
2026-08-16 21:11:55.510   Dest filename: C:\Users\in15\AppData\Local\DriveBackup\_internal\_tcl_data\tzdata\Asia\Tel_Aviv
2026-08-16 21:11:55.511   Time stamp of our file: 2026-08-16 21:06:04.000
2026-08-16 21:11:55.511   Dest file exists.
2026-08-16 21:11:55.511   Time stamp of existing file: 2026-08-16 21:06:04.000
2026-08-16 21:11:55.511   Installing the file.
2026-08-16 21:11:55.515   Successfully installed the file.
2026-08-16 21:11:55.515   -- File entry --
2026-08-16 21:11:55.516   Dest filename: C:\Users\in15\AppData\Local\DriveBackup\_internal\_tcl_data\tzdata\Asia\Thimbu
2026-08-16 21:11:55.516   Time stamp of our file: 2026-08-16 21:06:04.000
2026-08-16 21:11:55.516   Dest file exists.
2026-08-16 21:11:55.517   Time stamp of existing file: 2026-08-16 21:06:04.000
2026-08-16 21:11:55.517   Installing the file.
2026-08-16 21:11:55.522   Successfully installed the file.
2026-08-16 21:11:55.523   -- File entry --
2026-08-16 21:11:55.523   Dest filename: C:\Users\in15\AppData\Local\DriveBackup\_internal\_tcl_data\tzdata\Asia\Thimphu
2026-08-16 21:11:55.524   Time stamp of our file: 2026-08-16 21:06:04.000
2026-08-16 21:11:55.524   Dest file exists.
2026-08-16 21:11:55.524   Time stamp of existing file: 2026-08-16 21:06:04.000
2026-08-16 21:11:55.524   Installing the file.
2026-08-16 21:11:55.529   Successfully installed the file.
2026-08-16 21:11:55.529   -- File entry --
2026-08-16 21:11:55.529   Dest filename: C:\Users\in15\AppData\Local\DriveBackup\_internal\_tcl_data\tzdata\Asia\Tokyo
2026-08-16 21:11:55.531   Time stamp of our file: 2026-08-16 21:06:04.000
2026-08-16 21:11:55.531   Dest file exists.
2026-08-16 21:11:55.531   Time stamp of existing file: 2026-08-16 21:06:04.000
2026-08-16 21:11:55.531   Installing the file.
2026-08-16 21:11:55.536   Successfully installed the file.
2026-08-16 21:11:55.536   -- File entry --
2026-08-16 21:11:55.537   Dest filename: C:\Users\in15\AppData\Local\DriveBackup\_internal\_tcl_data\tzdata\Asia\Tomsk
2026-08-16 21:11:55.538   Time stamp of our file: 2026-08-16 21:06:04.000
2026-08-16 21:11:55.538   Dest file exists.
2026-08-16 21:11:55.538   Time stamp of existing file: 2026-08-16 21:06:04.000
2026-08-16 21:11:55.538   Installing the file.
2026-08-16 21:11:55.542   Successfully installed the file.
2026-08-16 21:11:55.542   -- File entry --
2026-08-16 21:11:55.542   Dest filename: C:\Users\in15\AppData\Local\DriveBackup\_internal\_tcl_data\tzdata\Asia\Ujung_Pandang
2026-08-16 21:11:55.543   Time stamp of our file: 2026-08-16 21:06:04.000
2026-08-16 21:11:55.543   Dest file exists.
2026-08-16 21:11:55.543   Time stamp of existing file: 2026-08-16 21:06:04.000
2026-08-16 21:11:55.543   Installing the file.
2026-08-16 21:11:55.547   Successfully installed the file.
2026-08-16 21:11:55.547   -- File entry --
2026-08-16 21:11:55.547   Dest filename: C:\Users\in15\AppData\Local\DriveBackup\_internal\_tcl_data\tzdata\Asia\Ulaanbaatar
2026-08-16 21:11:55.547   Time stamp of our file: 2026-08-16 21:06:04.000
2026-08-16 21:11:55.548   Dest file exists.
2026-08-16 21:11:55.548   Time stamp of existing file: 2026-08-16 21:06:04.000
2026-08-16 21:11:55.548   Installing the file.
2026-08-16 21:11:55.552   Successfully installed the file.
2026-08-16 21:11:55.552   -- File entry --
2026-08-16 21:11:55.553   Dest filename: C:\Users\in15\AppData\Local\DriveBackup\_internal\_tcl_data\tzdata\Asia\Ulan_Bator
2026-08-16 21:11:55.553   Time stamp of our file: 2026-08-16 21:06:04.000
2026-08-16 21:11:55.553   Dest file exists.
2026-08-16 21:11:55.553   Time stamp of existing file: 2026-08-16 21:06:04.000
2026-08-16 21:11:55.553   Installing the file.
2026-08-16 21:11:55.558   Successfully installed the file.
2026-08-16 21:11:55.559   -- File entry --
2026-08-16 21:11:55.559   Dest filename: C:\Users\in15\AppData\Local\DriveBackup\_internal\_tcl_data\tzdata\Asia\Urumqi
2026-08-16 21:11:55.559   Time stamp of our file: 2026-08-16 21:06:04.000
2026-08-16 21:11:55.559   Dest file exists.
2026-08-16 21:11:55.559   Time stamp of existing file: 2026-08-16 21:06:04.000
2026-08-16 21:11:55.559   Installing the file.
2026-08-16 21:11:55.563   Successfully installed the file.
2026-08-16 21:11:55.563   -- File entry --
2026-08-16 21:11:55.563   Dest filename: C:\Users\in15\AppData\Local\DriveBackup\_internal\_tcl_data\tzdata\Asia\Ust-Nera
2026-08-16 21:11:55.563   Time stamp of our file: 2026-08-16 21:06:04.000
2026-08-16 21:11:55.563   Dest file exists.
2026-08-16 21:11:55.563   Time stamp of existing file: 2026-08-16 21:06:04.000
2026-08-16 21:11:55.563   Installing the file.
2026-08-16 21:11:55.570   Successfully installed the file.
2026-08-16 21:11:55.570   -- File entry --
2026-08-16 21:11:55.570   Dest filename: C:\Users\in15\AppData\Local\DriveBackup\_internal\_tcl_data\tzdata\Asia\Vientiane
2026-08-16 21:11:55.572   Time stamp of our file: 2026-08-16 21:06:04.000
2026-08-16 21:11:55.572   Dest file exists.
2026-08-16 21:11:55.573   Time stamp of existing file: 2026-08-16 21:06:04.000
2026-08-16 21:11:55.573   Installing the file.
2026-08-16 21:11:55.577   Successfully installed the file.
2026-08-16 21:11:55.578   -- File entry --
2026-08-16 21:11:55.578   Dest filename: C:\Users\in15\AppData\Local\DriveBackup\_internal\_tcl_data\tzdata\Asia\Vladivostok
2026-08-16 21:11:55.578   Time stamp of our file: 2026-08-16 21:06:04.000
2026-08-16 21:11:55.579   Dest file exists.
2026-08-16 21:11:55.579   Time stamp of existing file: 2026-08-16 21:06:04.000
2026-08-16 21:11:55.579   Installing the file.
2026-08-16 21:11:55.583   Successfully installed the file.
2026-08-16 21:11:55.583   -- File entry --
2026-08-16 21:11:55.584   Dest filename: C:\Users\in15\AppData\Local\DriveBackup\_internal\_tcl_data\tzdata\Asia\Yakutsk
2026-08-16 21:11:55.584   Time stamp of our file: 2026-08-16 21:06:04.000
2026-08-16 21:11:55.584   Dest file exists.
2026-08-16 21:11:55.584   Time stamp of existing file: 2026-08-16 21:06:04.000
2026-08-16 21:11:55.585   Installing the file.
2026-08-16 21:11:55.589   Successfully installed the file.
2026-08-16 21:11:55.589   -- File entry --
2026-08-16 21:11:55.590   Dest filename: C:\Users\in15\AppData\Local\DriveBackup\_internal\_tcl_data\tzdata\Asia\Yangon
2026-08-16 21:11:55.590   Time stamp of our file: 2026-08-16 21:06:04.000
2026-08-16 21:11:55.590   Dest file exists.
2026-08-16 21:11:55.590   Time stamp of existing file: 2026-08-16 21:06:04.000
2026-08-16 21:11:55.590   Installing the file.
2026-08-16 21:11:55.596   Successfully installed the file.
2026-08-16 21:11:55.596   -- File entry --
2026-08-16 21:11:55.596   Dest filename: C:\Users\in15\AppData\Local\DriveBackup\_internal\_tcl_data\tzdata\Asia\Yekaterinburg
2026-08-16 21:11:55.596   Time stamp of our file: 2026-08-16 21:06:04.000
2026-08-16 21:11:55.596   Dest file exists.
2026-08-16 21:11:55.596   Time stamp of existing file: 2026-08-16 21:06:04.000
2026-08-16 21:11:55.596   Installing the file.
2026-08-16 21:11:55.600   Successfully installed the file.
2026-08-16 21:11:55.600   -- File entry --
2026-08-16 21:11:55.600   Dest filename: C:\Users\in15\AppData\Local\DriveBackup\_internal\_tcl_data\tzdata\Asia\Yerevan
2026-08-16 21:11:55.600   Time stamp of our file: 2026-08-16 21:06:04.000
2026-08-16 21:11:55.600   Dest file exists.
2026-08-16 21:11:55.600   Time stamp of existing file: 2026-08-16 21:06:04.000
2026-08-16 21:11:55.600   Installing the file.
2026-08-16 21:11:55.607   Successfully installed the file.
2026-08-16 21:11:55.607   -- File entry --
2026-08-16 21:11:55.607   Dest filename: C:\Users\in15\AppData\Local\DriveBackup\_internal\_tcl_data\tzdata\Atlantic\Azores
2026-08-16 21:11:55.608   Time stamp of our file: 2026-08-16 21:06:04.000
2026-08-16 21:11:55.608   Dest file exists.
2026-08-16 21:11:55.608   Time stamp of existing file: 2026-08-16 21:06:04.000
2026-08-16 21:11:55.608   Installing the file.
2026-08-16 21:11:55.613   Successfully installed the file.
2026-08-16 21:11:55.613   -- File entry --
2026-08-16 21:11:55.614   Dest filename: C:\Users\in15\AppData\Local\DriveBackup\_internal\_tcl_data\tzdata\Atlantic\Bermuda
2026-08-16 21:11:55.615   Time stamp of our file: 2026-08-16 21:06:04.000
2026-08-16 21:11:55.615   Dest file exists.
2026-08-16 21:11:55.615   Time stamp of existing file: 2026-08-16 21:06:04.000
2026-08-16 21:11:55.615   Installing the file.
2026-08-16 21:11:55.624   Successfully installed the file.
2026-08-16 21:11:55.625   -- File entry --
2026-08-16 21:11:55.625   Dest filename: C:\Users\in15\AppData\Local\DriveBackup\_internal\_tcl_data\tzdata\Atlantic\Canary
2026-08-16 21:11:55.625   Time stamp of our file: 2026-08-16 21:06:04.000
2026-08-16 21:11:55.625   Dest file exists.
2026-08-16 21:11:55.626   Time stamp of existing file: 2026-08-16 21:06:04.000
2026-08-16 21:11:55.626   Installing the file.
2026-08-16 21:11:55.631   Successfully installed the file.
2026-08-16 21:11:55.631   -- File entry --
2026-08-16 21:11:55.631   Dest filename: C:\Users\in15\AppData\Local\DriveBackup\_internal\_tcl_data\tzdata\Atlantic\Cape_Verde
2026-08-16 21:11:55.631   Time stamp of our file: 2026-08-16 21:06:04.000
2026-08-16 21:11:55.631   Dest file exists.
2026-08-16 21:11:55.633   Time stamp of existing file: 2026-08-16 21:06:04.000
2026-08-16 21:11:55.633   Installing the file.
2026-08-16 21:11:55.638   Successfully installed the file.
2026-08-16 21:11:55.638   -- File entry --
2026-08-16 21:11:55.638   Dest filename: C:\Users\in15\AppData\Local\DriveBackup\_internal\_tcl_data\tzdata\Atlantic\Faeroe
2026-08-16 21:11:55.639   Time stamp of our file: 2026-08-16 21:06:04.000
2026-08-16 21:11:55.639   Dest file exists.
2026-08-16 21:11:55.639   Time stamp of existing file: 2026-08-16 21:06:04.000
2026-08-16 21:11:55.639   Installing the file.
2026-08-16 21:11:55.644   Successfully installed the file.
2026-08-16 21:11:55.644   -- File entry --
2026-08-16 21:11:55.644   Dest filename: C:\Users\in15\AppData\Local\DriveBackup\_internal\_tcl_data\tzdata\Atlantic\Faroe
2026-08-16 21:11:55.645   Time stamp of our file: 2026-08-16 21:06:04.000
2026-08-16 21:11:55.645   Dest file exists.
2026-08-16 21:11:55.645   Time stamp of existing file: 2026-08-16 21:06:04.000
2026-08-16 21:11:55.645   Installing the file.
2026-08-16 21:11:55.649   Successfully installed the file.
2026-08-16 21:11:55.649   -- File entry --
2026-08-16 21:11:55.650   Dest filename: C:\Users\in15\AppData\Local\DriveBackup\_internal\_tcl_data\tzdata\Atlantic\Jan_Mayen
2026-08-16 21:11:55.650   Time stamp of our file: 2026-08-16 21:06:04.000
2026-08-16 21:11:55.650   Dest file exists.
2026-08-16 21:11:55.650   Time stamp of existing file: 2026-08-16 21:06:04.000
2026-08-16 21:11:55.651   Installing the file.
2026-08-16 21:11:55.655   Successfully installed the file.
2026-08-16 21:11:55.656   -- File entry --
2026-08-16 21:11:55.656   Dest filename: C:\Users\in15\AppData\Local\DriveBackup\_internal\_tcl_data\tzdata\Atlantic\Madeira
2026-08-16 21:11:55.656   Time stamp of our file: 2026-08-16 21:06:04.000
2026-08-16 21:11:55.656   Dest file exists.
2026-08-16 21:11:55.657   Time stamp of existing file: 2026-08-16 21:06:04.000
2026-08-16 21:11:55.657   Installing the file.
2026-08-16 21:11:55.661   Successfully installed the file.
2026-08-16 21:11:55.661   -- File entry --
2026-08-16 21:11:55.661   Dest filename: C:\Users\in15\AppData\Local\DriveBackup\_internal\_tcl_data\tzdata\Atlantic\Reykjavik
2026-08-16 21:11:55.662   Time stamp of our file: 2026-08-16 21:06:04.000
2026-08-16 21:11:55.662   Dest file exists.
2026-08-16 21:11:55.662   Time stamp of existing file: 2026-08-16 21:06:04.000
2026-08-16 21:11:55.662   Installing the file.
2026-08-16 21:11:55.666   Successfully installed the file.
2026-08-16 21:11:55.666   -- File entry --
2026-08-16 21:11:55.666   Dest filename: C:\Users\in15\AppData\Local\DriveBackup\_internal\_tcl_data\tzdata\Atlantic\South_Georgia
2026-08-16 21:11:55.667   Time stamp of our file: 2026-08-16 21:06:04.000
2026-08-16 21:11:55.667   Dest file exists.
2026-08-16 21:11:55.667   Time stamp of existing file: 2026-08-16 21:06:04.000
2026-08-16 21:11:55.667   Installing the file.
2026-08-16 21:11:55.669   Successfully installed the file.
2026-08-16 21:11:55.669   -- File entry --
2026-08-16 21:11:55.669   Dest filename: C:\Users\in15\AppData\Local\DriveBackup\_internal\_tcl_data\tzdata\Atlantic\Stanley
2026-08-16 21:11:55.669   Time stamp of our file: 2026-08-16 21:06:04.000
2026-08-16 21:11:55.669   Dest file exists.
2026-08-16 21:11:55.669   Time stamp of existing file: 2026-08-16 21:06:04.000
2026-08-16 21:11:55.669   Installing the file.
2026-08-16 21:11:55.669   Successfully installed the file.
2026-08-16 21:11:55.669   -- File entry --
2026-08-16 21:11:55.669   Dest filename: C:\Users\in15\AppData\Local\DriveBackup\_internal\_tcl_data\tzdata\Atlantic\St_Helena
2026-08-16 21:11:55.669   Time stamp of our file: 2026-08-16 21:06:04.000
2026-08-16 21:11:55.669   Dest file exists.
2026-08-16 21:11:55.669   Time stamp of existing file: 2026-08-16 21:06:04.000
2026-08-16 21:11:55.669   Installing the file.
2026-08-16 21:11:55.669   Successfully installed the file.
2026-08-16 21:11:55.669   -- File entry --
2026-08-16 21:11:55.669   Dest filename: C:\Users\in15\AppData\Local\DriveBackup\_internal\_tcl_data\tzdata\Australia\ACT
2026-08-16 21:11:55.669   Time stamp of our file: 2026-08-16 21:06:04.000
2026-08-16 21:11:55.669   Dest file exists.
2026-08-16 21:11:55.669   Time stamp of existing file: 2026-08-16 21:06:04.000
2026-08-16 21:11:55.669   Installing the file.
2026-08-16 21:11:55.692   Successfully installed the file.
2026-08-16 21:11:55.692   -- File entry --
2026-08-16 21:11:55.692   Dest filename: C:\Users\in15\AppData\Local\DriveBackup\_internal\_tcl_data\tzdata\Australia\Adelaide
2026-08-16 21:11:55.692   Time stamp of our file: 2026-08-16 21:06:04.000
2026-08-16 21:11:55.692   Dest file exists.
2026-08-16 21:11:55.692   Time stamp of existing file: 2026-08-16 21:06:04.000
2026-08-16 21:11:55.694   Installing the file.
2026-08-16 21:11:55.698   Successfully installed the file.
2026-08-16 21:11:55.698   -- File entry --
2026-08-16 21:11:55.698   Dest filename: C:\Users\in15\AppData\Local\DriveBackup\_internal\_tcl_data\tzdata\Australia\Brisbane
2026-08-16 21:11:55.698   Time stamp of our file: 2026-08-16 21:06:04.000
2026-08-16 21:11:55.698   Dest file exists.
2026-08-16 21:11:55.698   Time stamp of existing file: 2026-08-16 21:06:04.000
2026-08-16 21:11:55.698   Installing the file.
2026-08-16 21:11:55.706   Successfully installed the file.
2026-08-16 21:11:55.706   -- File entry --
2026-08-16 21:11:55.706   Dest filename: C:\Users\in15\AppData\Local\DriveBackup\_internal\_tcl_data\tzdata\Australia\Broken_Hill
2026-08-16 21:11:55.706   Time stamp of our file: 2026-08-16 21:06:04.000
2026-08-16 21:11:55.706   Dest file exists.
2026-08-16 21:11:55.706   Time stamp of existing file: 2026-08-16 21:06:04.000
2026-08-16 21:11:55.706   Installing the file.
2026-08-16 21:11:55.711   Successfully installed the file.
2026-08-16 21:11:55.711   -- File entry --
2026-08-16 21:11:55.711   Dest filename: C:\Users\in15\AppData\Local\DriveBackup\_internal\_tcl_data\tzdata\Australia\Canberra
2026-08-16 21:11:55.711   Time stamp of our file: 2026-08-16 21:06:04.000
2026-08-16 21:11:55.711   Dest file exists.
2026-08-16 21:11:55.711   Time stamp of existing file: 2026-08-16 21:06:04.000
2026-08-16 21:11:55.711   Installing the file.
2026-08-16 21:11:55.711   Successfully installed the file.
2026-08-16 21:11:55.711   -- File entry --
2026-08-16 21:11:55.711   Dest filename: C:\Users\in15\AppData\Local\DriveBackup\_internal\_tcl_data\tzdata\Australia\Currie
2026-08-16 21:11:55.711   Time stamp of our file: 2026-08-16 21:06:04.000
2026-08-16 21:11:55.711   Dest file exists.
2026-08-16 21:11:55.711   Time stamp of existing file: 2026-08-16 21:06:04.000
2026-08-16 21:11:55.711   Installing the file.
2026-08-16 21:11:55.723   Successfully installed the file.
2026-08-16 21:11:55.723   -- File entry --
2026-08-16 21:11:55.723   Dest filename: C:\Users\in15\AppData\Local\DriveBackup\_internal\_tcl_data\tzdata\Australia\Darwin
2026-08-16 21:11:55.724   Time stamp of our file: 2026-08-16 21:06:04.000
2026-08-16 21:11:55.724   Dest file exists.
2026-08-16 21:11:55.724   Time stamp of existing file: 2026-08-16 21:06:04.000
2026-08-16 21:11:55.724   Installing the file.
2026-08-16 21:11:55.729   Successfully installed the file.
2026-08-16 21:11:55.729   -- File entry --
2026-08-16 21:11:55.729   Dest filename: C:\Users\in15\AppData\Local\DriveBackup\_internal\_tcl_data\tzdata\Australia\Eucla
2026-08-16 21:11:55.730   Time stamp of our file: 2026-08-16 21:06:04.000
2026-08-16 21:11:55.730   Dest file exists.
2026-08-16 21:11:55.730   Time stamp of existing file: 2026-08-16 21:06:04.000
2026-08-16 21:11:55.730   Installing the file.
2026-08-16 21:11:55.734   Successfully installed the file.
2026-08-16 21:11:55.734   -- File entry --
2026-08-16 21:11:55.735   Dest filename: C:\Users\in15\AppData\Local\DriveBackup\_internal\_tcl_data\tzdata\Australia\Hobart
2026-08-16 21:11:55.736   Time stamp of our file: 2026-08-16 21:06:04.000
2026-08-16 21:11:55.736   Dest file exists.
2026-08-16 21:11:55.736   Time stamp of existing file: 2026-08-16 21:06:04.000
2026-08-16 21:11:55.736   Installing the file.
2026-08-16 21:11:55.740   Successfully installed the file.
2026-08-16 21:11:55.740   -- File entry --
2026-08-16 21:11:55.742   Dest filename: C:\Users\in15\AppData\Local\DriveBackup\_internal\_tcl_data\tzdata\Australia\LHI
2026-08-16 21:11:55.742   Time stamp of our file: 2026-08-16 21:06:04.000
2026-08-16 21:11:55.742   Dest file exists.
2026-08-16 21:11:55.742   Time stamp of existing file: 2026-08-16 21:06:04.000
2026-08-16 21:11:55.742   Installing the file.
2026-08-16 21:11:55.747   Successfully installed the file.
2026-08-16 21:11:55.747   -- File entry --
2026-08-16 21:11:55.747   Dest filename: C:\Users\in15\AppData\Local\DriveBackup\_internal\_tcl_data\tzdata\Australia\Lindeman
2026-08-16 21:11:55.749   Time stamp of our file: 2026-08-16 21:06:04.000
2026-08-16 21:11:55.749   Dest file exists.
2026-08-16 21:11:55.749   Time stamp of existing file: 2026-08-16 21:06:04.000
2026-08-16 21:11:55.749   Installing the file.
2026-08-16 21:11:55.752   Successfully installed the file.
2026-08-16 21:11:55.752   -- File entry --
2026-08-16 21:11:55.752   Dest filename: C:\Users\in15\AppData\Local\DriveBackup\_internal\_tcl_data\tzdata\Australia\Lord_Howe
2026-08-16 21:11:55.753   Time stamp of our file: 2026-08-16 21:06:04.000
2026-08-16 21:11:55.753   Dest file exists.
2026-08-16 21:11:55.753   Time stamp of existing file: 2026-08-16 21:06:04.000
2026-08-16 21:11:55.753   Installing the file.
2026-08-16 21:11:55.758   Successfully installed the file.
2026-08-16 21:11:55.758   -- File entry --
2026-08-16 21:11:55.758   Dest filename: C:\Users\in15\AppData\Local\DriveBackup\_internal\_tcl_data\tzdata\Australia\Melbourne
2026-08-16 21:11:55.759   Time stamp of our file: 2026-08-16 21:06:04.000
2026-08-16 21:11:55.759   Dest file exists.
2026-08-16 21:11:55.759   Time stamp of existing file: 2026-08-16 21:06:04.000
2026-08-16 21:11:55.759   Installing the file.
2026-08-16 21:11:55.762   Successfully installed the file.
2026-08-16 21:11:55.762   -- File entry --
2026-08-16 21:11:55.763   Dest filename: C:\Users\in15\AppData\Local\DriveBackup\_internal\_tcl_data\tzdata\Australia\North
2026-08-16 21:11:55.763   Time stamp of our file: 2026-08-16 21:06:04.000
2026-08-16 21:11:55.763   Dest file exists.
2026-08-16 21:11:55.763   Time stamp of existing file: 2026-08-16 21:06:04.000
2026-08-16 21:11:55.763   Installing the file.
2026-08-16 21:11:55.767   Successfully installed the file.
2026-08-16 21:11:55.767   -- File entry --
2026-08-16 21:11:55.767   Dest filename: C:\Users\in15\AppData\Local\DriveBackup\_internal\_tcl_data\tzdata\Australia\NSW
2026-08-16 21:11:55.768   Time stamp of our file: 2026-08-16 21:06:04.000
2026-08-16 21:11:55.768   Dest file exists.
2026-08-16 21:11:55.768   Time stamp of existing file: 2026-08-16 21:06:04.000
2026-08-16 21:11:55.768   Installing the file.
2026-08-16 21:11:55.773   Successfully installed the file.
2026-08-16 21:11:55.773   -- File entry --
2026-08-16 21:11:55.774   Dest filename: C:\Users\in15\AppData\Local\DriveBackup\_internal\_tcl_data\tzdata\Australia\Perth
2026-08-16 21:11:55.775   Time stamp of our file: 2026-08-16 21:06:04.000
2026-08-16 21:11:55.775   Dest file exists.
2026-08-16 21:11:55.775   Time stamp of existing file: 2026-08-16 21:06:04.000
2026-08-16 21:11:55.775   Installing the file.
2026-08-16 21:11:55.779   Successfully installed the file.
2026-08-16 21:11:55.779   -- File entry --
2026-08-16 21:11:55.779   Dest filename: C:\Users\in15\AppData\Local\DriveBackup\_internal\_tcl_data\tzdata\Australia\Queensland
2026-08-16 21:11:55.779   Time stamp of our file: 2026-08-16 21:06:04.000
2026-08-16 21:11:55.779   Dest file exists.
2026-08-16 21:11:55.779   Time stamp of existing file: 2026-08-16 21:06:04.000
2026-08-16 21:11:55.779   Installing the file.
2026-08-16 21:11:55.779   Successfully installed the file.
2026-08-16 21:11:55.785   -- File entry --
2026-08-16 21:11:55.785   Dest filename: C:\Users\in15\AppData\Local\DriveBackup\_internal\_tcl_data\tzdata\Australia\South
2026-08-16 21:11:55.785   Time stamp of our file: 2026-08-16 21:06:04.000
2026-08-16 21:11:55.786   Dest file exists.
2026-08-16 21:11:55.786   Time stamp of existing file: 2026-08-16 21:06:04.000
2026-08-16 21:11:55.786   Installing the file.
2026-08-16 21:11:55.793   Successfully installed the file.
2026-08-16 21:11:55.793   -- File entry --
2026-08-16 21:11:55.794   Dest filename: C:\Users\in15\AppData\Local\DriveBackup\_internal\_tcl_data\tzdata\Australia\Sydney
2026-08-16 21:11:55.794   Time stamp of our file: 2026-08-16 21:06:04.000
2026-08-16 21:11:55.794   Dest file exists.
2026-08-16 21:11:55.794   Time stamp of existing file: 2026-08-16 21:06:04.000
2026-08-16 21:11:55.795   Installing the file.
2026-08-16 21:11:55.799   Successfully installed the file.
2026-08-16 21:11:55.800   -- File entry --
2026-08-16 21:11:55.800   Dest filename: C:\Users\in15\AppData\Local\DriveBackup\_internal\_tcl_data\tzdata\Australia\Tasmania
2026-08-16 21:11:55.801   Time stamp of our file: 2026-08-16 21:06:04.000
2026-08-16 21:11:55.801   Dest file exists.
2026-08-16 21:11:55.801   Time stamp of existing file: 2026-08-16 21:06:04.000
2026-08-16 21:11:55.801   Installing the file.
2026-08-16 21:11:55.806   Successfully installed the file.
2026-08-16 21:11:55.807   -- File entry --
2026-08-16 21:11:55.807   Dest filename: C:\Users\in15\AppData\Local\DriveBackup\_internal\_tcl_data\tzdata\Australia\Victoria
2026-08-16 21:11:55.807   Time stamp of our file: 2026-08-16 21:06:04.000
2026-08-16 21:11:55.807   Dest file exists.
2026-08-16 21:11:55.807   Time stamp of existing file: 2026-08-16 21:06:04.000
2026-08-16 21:11:55.807   Installing the file.
2026-08-16 21:11:55.813   Successfully installed the file.
2026-08-16 21:11:55.813   -- File entry --
2026-08-16 21:11:55.813   Dest filename: C:\Users\in15\AppData\Local\DriveBackup\_internal\_tcl_data\tzdata\Australia\West
2026-08-16 21:11:55.815   Time stamp of our file: 2026-08-16 21:06:04.000
2026-08-16 21:11:55.815   Dest file exists.
2026-08-16 21:11:55.815   Time stamp of existing file: 2026-08-16 21:06:04.000
2026-08-16 21:11:55.815   Installing the file.
2026-08-16 21:11:55.821   Successfully installed the file.
2026-08-16 21:11:55.821   -- File entry --
2026-08-16 21:11:55.822   Dest filename: C:\Users\in15\AppData\Local\DriveBackup\_internal\_tcl_data\tzdata\Australia\Yancowinna
2026-08-16 21:11:55.823   Time stamp of our file: 2026-08-16 21:06:04.000
2026-08-16 21:11:55.823   Dest file exists.
2026-08-16 21:11:55.823   Time stamp of existing file: 2026-08-16 21:06:04.000
2026-08-16 21:11:55.823   Installing the file.
2026-08-16 21:11:55.827   Successfully installed the file.
2026-08-16 21:11:55.827   -- File entry --
2026-08-16 21:11:55.828   Dest filename: C:\Users\in15\AppData\Local\DriveBackup\_internal\_tcl_data\tzdata\Brazil\Acre
2026-08-16 21:11:55.828   Time stamp of our file: 2026-08-16 21:06:04.000
2026-08-16 21:11:55.828   Dest file exists.
2026-08-16 21:11:55.828   Time stamp of existing file: 2026-08-16 21:06:04.000
2026-08-16 21:11:55.829   Installing the file.
2026-08-16 21:11:55.832   Successfully installed the file.
2026-08-16 21:11:55.833   -- File entry --
2026-08-16 21:11:55.833   Dest filename: C:\Users\in15\AppData\Local\DriveBackup\_internal\_tcl_data\tzdata\Brazil\DeNoronha
2026-08-16 21:11:55.833   Time stamp of our file: 2026-08-16 21:06:04.000
2026-08-16 21:11:55.833   Dest file exists.
2026-08-16 21:11:55.833   Time stamp of existing file: 2026-08-16 21:06:04.000
2026-08-16 21:11:55.833   Installing the file.
2026-08-16 21:11:55.840   Successfully installed the file.
2026-08-16 21:11:55.840   -- File entry --
2026-08-16 21:11:55.840   Dest filename: C:\Users\in15\AppData\Local\DriveBackup\_internal\_tcl_data\tzdata\Brazil\East
2026-08-16 21:11:55.840   Time stamp of our file: 2026-08-16 21:06:04.000
2026-08-16 21:11:55.840   Dest file exists.
2026-08-16 21:11:55.840   Time stamp of existing file: 2026-08-16 21:06:04.000
2026-08-16 21:11:55.842   Installing the file.
2026-08-16 21:11:55.846   Successfully installed the file.
2026-08-16 21:11:55.846   -- File entry --
2026-08-16 21:11:55.846   Dest filename: C:\Users\in15\AppData\Local\DriveBackup\_internal\_tcl_data\tzdata\Brazil\West
2026-08-16 21:11:55.846   Time stamp of our file: 2026-08-16 21:06:04.000
2026-08-16 21:11:55.846   Dest file exists.
2026-08-16 21:11:55.846   Time stamp of existing file: 2026-08-16 21:06:04.000
2026-08-16 21:11:55.846   Installing the file.
2026-08-16 21:11:55.848   Successfully installed the file.
2026-08-16 21:11:55.848   -- File entry --
2026-08-16 21:11:55.848   Dest filename: C:\Users\in15\AppData\Local\DriveBackup\_internal\_tcl_data\tzdata\Canada\Atlantic
2026-08-16 21:11:55.848   Time stamp of our file: 2026-08-16 21:06:04.000
2026-08-16 21:11:55.848   Dest file exists.
2026-08-16 21:11:55.848   Time stamp of existing file: 2026-08-16 21:06:04.000
2026-08-16 21:11:55.853   Installing the file.
2026-08-16 21:11:55.857   Successfully installed the file.
2026-08-16 21:11:55.858   -- File entry --
2026-08-16 21:11:55.858   Dest filename: C:\Users\in15\AppData\Local\DriveBackup\_internal\_tcl_data\tzdata\Canada\Central
2026-08-16 21:11:55.858   Time stamp of our file: 2026-08-16 21:06:04.000
2026-08-16 21:11:55.858   Dest file exists.
2026-08-16 21:11:55.859   Time stamp of existing file: 2026-08-16 21:06:04.000
2026-08-16 21:11:55.859   Installing the file.
2026-08-16 21:11:55.863   Successfully installed the file.
2026-08-16 21:11:55.863   -- File entry --
2026-08-16 21:11:55.864   Dest filename: C:\Users\in15\AppData\Local\DriveBackup\_internal\_tcl_data\tzdata\Canada\Eastern
2026-08-16 21:11:55.865   Time stamp of our file: 2026-08-16 21:06:04.000
2026-08-16 21:11:55.865   Dest file exists.
2026-08-16 21:11:55.865   Time stamp of existing file: 2026-08-16 21:06:04.000
2026-08-16 21:11:55.865   Installing the file.
2026-08-16 21:11:55.869   Successfully installed the file.
2026-08-16 21:11:55.870   -- File entry --
2026-08-16 21:11:55.871   Dest filename: C:\Users\in15\AppData\Local\DriveBackup\_internal\_tcl_data\tzdata\Canada\Mountain
2026-08-16 21:11:55.872   Time stamp of our file: 2026-08-16 21:06:04.000
2026-08-16 21:11:55.872   Dest file exists.
2026-08-16 21:11:55.872   Time stamp of existing file: 2026-08-16 21:06:04.000
2026-08-16 21:11:55.872   Installing the file.
2026-08-16 21:11:55.877   Successfully installed the file.
2026-08-16 21:11:55.877   -- File entry --
2026-08-16 21:11:55.879   Dest filename: C:\Users\in15\AppData\Local\DriveBackup\_internal\_tcl_data\tzdata\Canada\Newfoundland
2026-08-16 21:11:55.881   Time stamp of our file: 2026-08-16 21:06:04.000
2026-08-16 21:11:55.881   Dest file exists.
2026-08-16 21:11:55.881   Time stamp of existing file: 2026-08-16 21:06:04.000
2026-08-16 21:11:55.881   Installing the file.
2026-08-16 21:11:55.885   Successfully installed the file.
2026-08-16 21:11:55.885   -- File entry --
2026-08-16 21:11:55.886   Dest filename: C:\Users\in15\AppData\Local\DriveBackup\_internal\_tcl_data\tzdata\Canada\Pacific
2026-08-16 21:11:55.886   Time stamp of our file: 2026-08-16 21:06:04.000
2026-08-16 21:11:55.886   Dest file exists.
2026-08-16 21:11:55.888   Time stamp of existing file: 2026-08-16 21:06:04.000
2026-08-16 21:11:55.890   Installing the file.
2026-08-16 21:11:55.897   Successfully installed the file.
2026-08-16 21:11:55.898   -- File entry --
2026-08-16 21:11:55.898   Dest filename: C:\Users\in15\AppData\Local\DriveBackup\_internal\_tcl_data\tzdata\Canada\Saskatchewan
2026-08-16 21:11:55.899   Time stamp of our file: 2026-08-16 21:06:04.000
2026-08-16 21:11:55.899   Dest file exists.
2026-08-16 21:11:55.899   Time stamp of existing file: 2026-08-16 21:06:04.000
2026-08-16 21:11:55.899   Installing the file.
2026-08-16 21:11:55.904   Successfully installed the file.
2026-08-16 21:11:55.904   -- File entry --
2026-08-16 21:11:55.904   Dest filename: C:\Users\in15\AppData\Local\DriveBackup\_internal\_tcl_data\tzdata\Canada\Yukon
2026-08-16 21:11:55.905   Time stamp of our file: 2026-08-16 21:06:04.000
2026-08-16 21:11:55.905   Dest file exists.
2026-08-16 21:11:55.906   Time stamp of existing file: 2026-08-16 21:06:04.000
2026-08-16 21:11:55.906   Installing the file.
2026-08-16 21:11:55.910   Successfully installed the file.
2026-08-16 21:11:55.910   -- File entry --
2026-08-16 21:11:55.911   Dest filename: C:\Users\in15\AppData\Local\DriveBackup\_internal\_tcl_data\tzdata\Chile\Continental
2026-08-16 21:11:55.911   Time stamp of our file: 2026-08-16 21:06:04.000
2026-08-16 21:11:55.911   Dest file exists.
2026-08-16 21:11:55.912   Time stamp of existing file: 2026-08-16 21:06:04.000
2026-08-16 21:11:55.912   Installing the file.
2026-08-16 21:11:55.916   Successfully installed the file.
2026-08-16 21:11:55.916   -- File entry --
2026-08-16 21:11:55.917   Dest filename: C:\Users\in15\AppData\Local\DriveBackup\_internal\_tcl_data\tzdata\Chile\EasterIsland
2026-08-16 21:11:55.917   Time stamp of our file: 2026-08-16 21:06:04.000
2026-08-16 21:11:55.917   Dest file exists.
2026-08-16 21:11:55.918   Time stamp of existing file: 2026-08-16 21:06:04.000
2026-08-16 21:11:55.918   Installing the file.
2026-08-16 21:11:55.924   Successfully installed the file.
2026-08-16 21:11:55.924   -- File entry --
2026-08-16 21:11:55.924   Dest filename: C:\Users\in15\AppData\Local\DriveBackup\_internal\_tcl_data\tzdata\Etc\GMT
2026-08-16 21:11:55.924   Time stamp of our file: 2026-08-16 21:06:04.000
2026-08-16 21:11:55.924   Dest file exists.
2026-08-16 21:11:55.924   Time stamp of existing file: 2026-08-16 21:06:04.000
2026-08-16 21:11:55.924   Installing the file.
2026-08-16 21:11:55.929   Successfully installed the file.
2026-08-16 21:11:55.929   -- File entry --
2026-08-16 21:11:55.929   Dest filename: C:\Users\in15\AppData\Local\DriveBackup\_internal\_tcl_data\tzdata\Etc\GMT+0
2026-08-16 21:11:55.929   Time stamp of our file: 2026-08-16 21:06:04.000
2026-08-16 21:11:55.929   Dest file exists.
2026-08-16 21:11:55.929   Time stamp of existing file: 2026-08-16 21:06:04.000
2026-08-16 21:11:55.929   Installing the file.
2026-08-16 21:11:55.929   Successfully installed the file.
2026-08-16 21:11:55.936   -- File entry --
2026-08-16 21:11:55.936   Dest filename: C:\Users\in15\AppData\Local\DriveBackup\_internal\_tcl_data\tzdata\Etc\GMT+1
2026-08-16 21:11:55.937   Time stamp of our file: 2026-08-16 21:06:04.000
2026-08-16 21:11:55.937   Dest file exists.
2026-08-16 21:11:55.937   Time stamp of existing file: 2026-08-16 21:06:04.000
2026-08-16 21:11:55.937   Installing the file.
2026-08-16 21:11:55.940   Successfully installed the file.
2026-08-16 21:11:55.940   -- File entry --
2026-08-16 21:11:55.940   Dest filename: C:\Users\in15\AppData\Local\DriveBackup\_internal\_tcl_data\tzdata\Etc\GMT+10
2026-08-16 21:11:55.940   Time stamp of our file: 2026-08-16 21:06:04.000
2026-08-16 21:11:55.940   Dest file exists.
2026-08-16 21:11:55.940   Time stamp of existing file: 2026-08-16 21:06:04.000
2026-08-16 21:11:55.940   Installing the file.
2026-08-16 21:11:55.948   Successfully installed the file.
2026-08-16 21:11:55.948   -- File entry --
2026-08-16 21:11:55.948   Dest filename: C:\Users\in15\AppData\Local\DriveBackup\_internal\_tcl_data\tzdata\Etc\GMT+11
2026-08-16 21:11:55.948   Time stamp of our file: 2026-08-16 21:06:04.000
2026-08-16 21:11:55.948   Dest file exists.
2026-08-16 21:11:55.948   Time stamp of existing file: 2026-08-16 21:06:04.000
2026-08-16 21:11:55.950   Installing the file.
2026-08-16 21:11:55.954   Successfully installed the file.
2026-08-16 21:11:55.954   -- File entry --
2026-08-16 21:11:55.955   Dest filename: C:\Users\in15\AppData\Local\DriveBackup\_internal\_tcl_data\tzdata\Etc\GMT+12
2026-08-16 21:11:55.955   Time stamp of our file: 2026-08-16 21:06:04.000
2026-08-16 21:11:55.955   Dest file exists.
2026-08-16 21:11:55.956   Time stamp of existing file: 2026-08-16 21:06:04.000
2026-08-16 21:11:55.956   Installing the file.
2026-08-16 21:11:55.959   Successfully installed the file.
2026-08-16 21:11:55.960   -- File entry --
2026-08-16 21:11:55.960   Dest filename: C:\Users\in15\AppData\Local\DriveBackup\_internal\_tcl_data\tzdata\Etc\GMT+2
2026-08-16 21:11:55.960   Time stamp of our file: 2026-08-16 21:06:04.000
2026-08-16 21:11:55.961   Dest file exists.
2026-08-16 21:11:55.961   Time stamp of existing file: 2026-08-16 21:06:04.000
2026-08-16 21:11:55.961   Installing the file.
2026-08-16 21:11:55.965   Successfully installed the file.
2026-08-16 21:11:55.965   -- File entry --
2026-08-16 21:11:55.965   Dest filename: C:\Users\in15\AppData\Local\DriveBackup\_internal\_tcl_data\tzdata\Etc\GMT+3
2026-08-16 21:11:55.966   Time stamp of our file: 2026-08-16 21:06:04.000
2026-08-16 21:11:55.966   Dest file exists.
2026-08-16 21:11:55.966   Time stamp of existing file: 2026-08-16 21:06:04.000
2026-08-16 21:11:55.966   Installing the file.
2026-08-16 21:11:55.970   Successfully installed the file.
2026-08-16 21:11:55.970   -- File entry --
2026-08-16 21:11:55.971   Dest filename: C:\Users\in15\AppData\Local\DriveBackup\_internal\_tcl_data\tzdata\Etc\GMT+4
2026-08-16 21:11:55.972   Time stamp of our file: 2026-08-16 21:06:04.000
2026-08-16 21:11:55.972   Dest file exists.
2026-08-16 21:11:55.972   Time stamp of existing file: 2026-08-16 21:06:04.000
2026-08-16 21:11:55.972   Installing the file.
2026-08-16 21:11:55.977   Successfully installed the file.
2026-08-16 21:11:55.978   -- File entry --
2026-08-16 21:11:55.978   Dest filename: C:\Users\in15\AppData\Local\DriveBackup\_internal\_tcl_data\tzdata\Etc\GMT+5
2026-08-16 21:11:55.979   Time stamp of our file: 2026-08-16 21:06:04.000
2026-08-16 21:11:55.979   Dest file exists.
2026-08-16 21:11:55.979   Time stamp of existing file: 2026-08-16 21:06:04.000
2026-08-16 21:11:55.979   Installing the file.
2026-08-16 21:11:55.984   Successfully installed the file.
2026-08-16 21:11:55.984   -- File entry --
2026-08-16 21:11:55.984   Dest filename: C:\Users\in15\AppData\Local\DriveBackup\_internal\_tcl_data\tzdata\Etc\GMT+6
2026-08-16 21:11:55.985   Time stamp of our file: 2026-08-16 21:06:04.000
2026-08-16 21:11:55.985   Dest file exists.
2026-08-16 21:11:55.987   Time stamp of existing file: 2026-08-16 21:06:04.000
2026-08-16 21:11:55.987   Installing the file.
2026-08-16 21:11:55.990   Successfully installed the file.
2026-08-16 21:11:55.991   -- File entry --
2026-08-16 21:11:55.991   Dest filename: C:\Users\in15\AppData\Local\DriveBackup\_internal\_tcl_data\tzdata\Etc\GMT+7
2026-08-16 21:11:55.992   Time stamp of our file: 2026-08-16 21:06:04.000
2026-08-16 21:11:55.992   Dest file exists.
2026-08-16 21:11:55.992   Time stamp of existing file: 2026-08-16 21:06:04.000
2026-08-16 21:11:55.992   Installing the file.
2026-08-16 21:11:55.997   Successfully installed the file.
2026-08-16 21:11:55.997   -- File entry --
2026-08-16 21:11:55.998   Dest filename: C:\Users\in15\AppData\Local\DriveBackup\_internal\_tcl_data\tzdata\Etc\GMT+8
2026-08-16 21:11:55.998   Time stamp of our file: 2026-08-16 21:06:04.000
2026-08-16 21:11:55.998   Dest file exists.
2026-08-16 21:11:55.999   Time stamp of existing file: 2026-08-16 21:06:04.000
2026-08-16 21:11:55.999   Installing the file.
2026-08-16 21:11:56.004   Successfully installed the file.
2026-08-16 21:11:56.004   -- File entry --
2026-08-16 21:11:56.004   Dest filename: C:\Users\in15\AppData\Local\DriveBackup\_internal\_tcl_data\tzdata\Etc\GMT+9
2026-08-16 21:11:56.005   Time stamp of our file: 2026-08-16 21:06:04.000
2026-08-16 21:11:56.005   Dest file exists.
2026-08-16 21:11:56.005   Time stamp of existing file: 2026-08-16 21:06:04.000
2026-08-16 21:11:56.005   Installing the file.
2026-08-16 21:11:56.010   Successfully installed the file.
2026-08-16 21:11:56.011   -- File entry --
2026-08-16 21:11:56.011   Dest filename: C:\Users\in15\AppData\Local\DriveBackup\_internal\_tcl_data\tzdata\Etc\GMT-0
2026-08-16 21:11:56.011   Time stamp of our file: 2026-08-16 21:06:04.000
2026-08-16 21:11:56.011   Dest file exists.
2026-08-16 21:11:56.011   Time stamp of existing file: 2026-08-16 21:06:04.000
2026-08-16 21:11:56.012   Installing the file.
2026-08-16 21:11:56.016   Successfully installed the file.
2026-08-16 21:11:56.016   -- File entry --
2026-08-16 21:11:56.016   Dest filename: C:\Users\in15\AppData\Local\DriveBackup\_internal\_tcl_data\tzdata\Etc\GMT-1
2026-08-16 21:11:56.017   Time stamp of our file: 2026-08-16 21:06:04.000
2026-08-16 21:11:56.017   Dest file exists.
2026-08-16 21:11:56.017   Time stamp of existing file: 2026-08-16 21:06:04.000
2026-08-16 21:11:56.017   Installing the file.
2026-08-16 21:11:56.021   Successfully installed the file.
2026-08-16 21:11:56.021   -- File entry --
2026-08-16 21:11:56.022   Dest filename: C:\Users\in15\AppData\Local\DriveBackup\_internal\_tcl_data\tzdata\Etc\GMT-10
2026-08-16 21:11:56.022   Time stamp of our file: 2026-08-16 21:06:04.000
2026-08-16 21:11:56.022   Dest file exists.
2026-08-16 21:11:56.022   Time stamp of existing file: 2026-08-16 21:06:04.000
2026-08-16 21:11:56.022   Installing the file.
2026-08-16 21:11:56.027   Successfully installed the file.
2026-08-16 21:11:56.027   -- File entry --
2026-08-16 21:11:56.027   Dest filename: C:\Users\in15\AppData\Local\DriveBackup\_internal\_tcl_data\tzdata\Etc\GMT-11
2026-08-16 21:11:56.028   Time stamp of our file: 2026-08-16 21:06:04.000
2026-08-16 21:11:56.028   Dest file exists.
2026-08-16 21:11:56.028   Time stamp of existing file: 2026-08-16 21:06:04.000
2026-08-16 21:11:56.028   Installing the file.
2026-08-16 21:11:56.031   Successfully installed the file.
2026-08-16 21:11:56.031   -- File entry --
2026-08-16 21:11:56.031   Dest filename: C:\Users\in15\AppData\Local\DriveBackup\_internal\_tcl_data\tzdata\Etc\GMT-12
2026-08-16 21:11:56.031   Time stamp of our file: 2026-08-16 21:06:04.000
2026-08-16 21:11:56.031   Dest file exists.
2026-08-16 21:11:56.031   Time stamp of existing file: 2026-08-16 21:06:04.000
2026-08-16 21:11:56.032   Installing the file.
2026-08-16 21:11:56.036   Successfully installed the file.
2026-08-16 21:11:56.036   -- File entry --
2026-08-16 21:11:56.037   Dest filename: C:\Users\in15\AppData\Local\DriveBackup\_internal\_tcl_data\tzdata\Etc\GMT-13
2026-08-16 21:11:56.037   Time stamp of our file: 2026-08-16 21:06:04.000
2026-08-16 21:11:56.037   Dest file exists.
2026-08-16 21:11:56.037   Time stamp of existing file: 2026-08-16 21:06:04.000
2026-08-16 21:11:56.038   Installing the file.
2026-08-16 21:11:56.042   Successfully installed the file.
2026-08-16 21:11:56.042   -- File entry --
2026-08-16 21:11:56.043   Dest filename: C:\Users\in15\AppData\Local\DriveBackup\_internal\_tcl_data\tzdata\Etc\GMT-14
2026-08-16 21:11:56.043   Time stamp of our file: 2026-08-16 21:06:04.000
2026-08-16 21:11:56.043   Dest file exists.
2026-08-16 21:11:56.043   Time stamp of existing file: 2026-08-16 21:06:04.000
2026-08-16 21:11:56.044   Installing the file.
2026-08-16 21:11:56.048   Successfully installed the file.
2026-08-16 21:11:56.048   -- File entry --
2026-08-16 21:11:56.048   Dest filename: C:\Users\in15\AppData\Local\DriveBackup\_internal\_tcl_data\tzdata\Etc\GMT-2
2026-08-16 21:11:56.048   Time stamp of our file: 2026-08-16 21:06:04.000
2026-08-16 21:11:56.049   Dest file exists.
2026-08-16 21:11:56.049   Time stamp of existing file: 2026-08-16 21:06:04.000
2026-08-16 21:11:56.049   Installing the file.
2026-08-16 21:11:56.056   Successfully installed the file.
2026-08-16 21:11:56.056   -- File entry --
2026-08-16 21:11:56.056   Dest filename: C:\Users\in15\AppData\Local\DriveBackup\_internal\_tcl_data\tzdata\Etc\GMT-3
2026-08-16 21:11:56.057   Time stamp of our file: 2026-08-16 21:06:04.000
2026-08-16 21:11:56.057   Dest file exists.
2026-08-16 21:11:56.057   Time stamp of existing file: 2026-08-16 21:06:04.000
2026-08-16 21:11:56.057   Installing the file.
2026-08-16 21:11:56.061   Successfully installed the file.
2026-08-16 21:11:56.061   -- File entry --
2026-08-16 21:11:56.061   Dest filename: C:\Users\in15\AppData\Local\DriveBackup\_internal\_tcl_data\tzdata\Etc\GMT-4
2026-08-16 21:11:56.062   Time stamp of our file: 2026-08-16 21:06:04.000
2026-08-16 21:11:56.062   Dest file exists.
2026-08-16 21:11:56.062   Time stamp of existing file: 2026-08-16 21:06:04.000
2026-08-16 21:11:56.062   Installing the file.
2026-08-16 21:11:56.067   Successfully installed the file.
2026-08-16 21:11:56.067   -- File entry --
2026-08-16 21:11:56.067   Dest filename: C:\Users\in15\AppData\Local\DriveBackup\_internal\_tcl_data\tzdata\Etc\GMT-5
2026-08-16 21:11:56.068   Time stamp of our file: 2026-08-16 21:06:04.000
2026-08-16 21:11:56.068   Dest file exists.
2026-08-16 21:11:56.068   Time stamp of existing file: 2026-08-16 21:06:04.000
2026-08-16 21:11:56.068   Installing the file.
2026-08-16 21:11:56.074   Successfully installed the file.
2026-08-16 21:11:56.074   -- File entry --
2026-08-16 21:11:56.074   Dest filename: C:\Users\in15\AppData\Local\DriveBackup\_internal\_tcl_data\tzdata\Etc\GMT-6
2026-08-16 21:11:56.075   Time stamp of our file: 2026-08-16 21:06:04.000
2026-08-16 21:11:56.075   Dest file exists.
2026-08-16 21:11:56.075   Time stamp of existing file: 2026-08-16 21:06:04.000
2026-08-16 21:11:56.075   Installing the file.
2026-08-16 21:11:56.079   Successfully installed the file.
2026-08-16 21:11:56.079   -- File entry --
2026-08-16 21:11:56.080   Dest filename: C:\Users\in15\AppData\Local\DriveBackup\_internal\_tcl_data\tzdata\Etc\GMT-7
2026-08-16 21:11:56.080   Time stamp of our file: 2026-08-16 21:06:04.000
2026-08-16 21:11:56.080   Dest file exists.
2026-08-16 21:11:56.081   Time stamp of existing file: 2026-08-16 21:06:04.000
2026-08-16 21:11:56.081   Installing the file.
2026-08-16 21:11:56.086   Successfully installed the file.
2026-08-16 21:11:56.086   -- File entry --
2026-08-16 21:11:56.086   Dest filename: C:\Users\in15\AppData\Local\DriveBackup\_internal\_tcl_data\tzdata\Etc\GMT-8
2026-08-16 21:11:56.087   Time stamp of our file: 2026-08-16 21:06:04.000
2026-08-16 21:11:56.087   Dest file exists.
2026-08-16 21:11:56.088   Time stamp of existing file: 2026-08-16 21:06:04.000
2026-08-16 21:11:56.088   Installing the file.
2026-08-16 21:11:56.092   Successfully installed the file.
2026-08-16 21:11:56.092   -- File entry --
2026-08-16 21:11:56.093   Dest filename: C:\Users\in15\AppData\Local\DriveBackup\_internal\_tcl_data\tzdata\Etc\GMT-9
2026-08-16 21:11:56.093   Time stamp of our file: 2026-08-16 21:06:04.000
2026-08-16 21:11:56.093   Dest file exists.
2026-08-16 21:11:56.094   Time stamp of existing file: 2026-08-16 21:06:04.000
2026-08-16 21:11:56.094   Installing the file.
2026-08-16 21:11:56.098   Successfully installed the file.
2026-08-16 21:11:56.098   -- File entry --
2026-08-16 21:11:56.098   Dest filename: C:\Users\in15\AppData\Local\DriveBackup\_internal\_tcl_data\tzdata\Etc\GMT0
2026-08-16 21:11:56.099   Time stamp of our file: 2026-08-16 21:06:04.000
2026-08-16 21:11:56.099   Dest file exists.
2026-08-16 21:11:56.099   Time stamp of existing file: 2026-08-16 21:06:04.000
2026-08-16 21:11:56.099   Installing the file.
2026-08-16 21:11:56.104   Successfully installed the file.
2026-08-16 21:11:56.104   -- File entry --
2026-08-16 21:11:56.104   Dest filename: C:\Users\in15\AppData\Local\DriveBackup\_internal\_tcl_data\tzdata\Etc\Greenwich
2026-08-16 21:11:56.105   Time stamp of our file: 2026-08-16 21:06:04.000
2026-08-16 21:11:56.105   Dest file exists.
2026-08-16 21:11:56.105   Time stamp of existing file: 2026-08-16 21:06:04.000
2026-08-16 21:11:56.105   Installing the file.
2026-08-16 21:11:56.109   Successfully installed the file.
2026-08-16 21:11:56.109   -- File entry --
2026-08-16 21:11:56.109   Dest filename: C:\Users\in15\AppData\Local\DriveBackup\_internal\_tcl_data\tzdata\Etc\UCT
2026-08-16 21:11:56.110   Time stamp of our file: 2026-08-16 21:06:04.000
2026-08-16 21:11:56.110   Dest file exists.
2026-08-16 21:11:56.110   Time stamp of existing file: 2026-08-16 21:06:04.000
2026-08-16 21:11:56.110   Installing the file.
2026-08-16 21:11:56.113   Successfully installed the file.
2026-08-16 21:11:56.114   -- File entry --
2026-08-16 21:11:56.114   Dest filename: C:\Users\in15\AppData\Local\DriveBackup\_internal\_tcl_data\tzdata\Etc\Universal
2026-08-16 21:11:56.115   Time stamp of our file: 2026-08-16 21:06:04.000
2026-08-16 21:11:56.115   Dest file exists.
2026-08-16 21:11:56.115   Time stamp of existing file: 2026-08-16 21:06:04.000
2026-08-16 21:11:56.115   Installing the file.
2026-08-16 21:11:56.119   Successfully installed the file.
2026-08-16 21:11:56.120   -- File entry --
2026-08-16 21:11:56.120   Dest filename: C:\Users\in15\AppData\Local\DriveBackup\_internal\_tcl_data\tzdata\Etc\UTC
2026-08-16 21:11:56.121   Time stamp of our file: 2026-08-16 21:06:04.000
2026-08-16 21:11:56.121   Dest file exists.
2026-08-16 21:11:56.121   Time stamp of existing file: 2026-08-16 21:06:04.000
2026-08-16 21:11:56.121   Installing the file.
2026-08-16 21:11:56.126   Successfully installed the file.
2026-08-16 21:11:56.126   -- File entry --
2026-08-16 21:11:56.127   Dest filename: C:\Users\in15\AppData\Local\DriveBackup\_internal\_tcl_data\tzdata\Etc\Zulu
2026-08-16 21:11:56.127   Time stamp of our file: 2026-08-16 21:06:04.000
2026-08-16 21:11:56.127   Dest file exists.
2026-08-16 21:11:56.128   Time stamp of existing file: 2026-08-16 21:06:04.000
2026-08-16 21:11:56.128   Installing the file.
2026-08-16 21:11:56.132   Successfully installed the file.
2026-08-16 21:11:56.133   -- File entry --
2026-08-16 21:11:56.133   Dest filename: C:\Users\in15\AppData\Local\DriveBackup\_internal\_tcl_data\tzdata\Europe\Amsterdam
2026-08-16 21:11:56.133   Time stamp of our file: 2026-08-16 21:06:04.000
2026-08-16 21:11:56.134   Dest file exists.
2026-08-16 21:11:56.134   Time stamp of existing file: 2026-08-16 21:06:04.000
2026-08-16 21:11:56.134   Installing the file.
2026-08-16 21:11:56.140   Successfully installed the file.
2026-08-16 21:11:56.140   -- File entry --
2026-08-16 21:11:56.141   Dest filename: C:\Users\in15\AppData\Local\DriveBackup\_internal\_tcl_data\tzdata\Europe\Andorra
2026-08-16 21:11:56.142   Time stamp of our file: 2026-08-16 21:06:04.000
2026-08-16 21:11:56.142   Dest file exists.
2026-08-16 21:11:56.142   Time stamp of existing file: 2026-08-16 21:06:04.000
2026-08-16 21:11:56.142   Installing the file.
2026-08-16 21:11:56.147   Successfully installed the file.
2026-08-16 21:11:56.148   -- File entry --
2026-08-16 21:11:56.148   Dest filename: C:\Users\in15\AppData\Local\DriveBackup\_internal\_tcl_data\tzdata\Europe\Astrakhan
2026-08-16 21:11:56.149   Time stamp of our file: 2026-08-16 21:06:04.000
2026-08-16 21:11:56.149   Dest file exists.
2026-08-16 21:11:56.149   Time stamp of existing file: 2026-08-16 21:06:04.000
2026-08-16 21:11:56.149   Installing the file.
2026-08-16 21:11:56.153   Successfully installed the file.
2026-08-16 21:11:56.153   -- File entry --
2026-08-16 21:11:56.155   Dest filename: C:\Users\in15\AppData\Local\DriveBackup\_internal\_tcl_data\tzdata\Europe\Athens
2026-08-16 21:11:56.155   Time stamp of our file: 2026-08-16 21:06:04.000
2026-08-16 21:11:56.155   Dest file exists.
2026-08-16 21:11:56.155   Time stamp of existing file: 2026-08-16 21:06:04.000
2026-08-16 21:11:56.155   Installing the file.
2026-08-16 21:11:56.159   Successfully installed the file.
2026-08-16 21:11:56.159   -- File entry --
2026-08-16 21:11:56.159   Dest filename: C:\Users\in15\AppData\Local\DriveBackup\_internal\_tcl_data\tzdata\Europe\Belfast
2026-08-16 21:11:56.159   Time stamp of our file: 2026-08-16 21:06:04.000
2026-08-16 21:11:56.159   Dest file exists.
2026-08-16 21:11:56.159   Time stamp of existing file: 2026-08-16 21:06:04.000
2026-08-16 21:11:56.159   Installing the file.
2026-08-16 21:11:56.159   Successfully installed the file.
2026-08-16 21:11:56.159   -- File entry --
2026-08-16 21:11:56.167   Dest filename: C:\Users\in15\AppData\Local\DriveBackup\_internal\_tcl_data\tzdata\Europe\Belgrade
2026-08-16 21:11:56.167   Time stamp of our file: 2026-08-16 21:06:04.000
2026-08-16 21:11:56.167   Dest file exists.
2026-08-16 21:11:56.167   Time stamp of existing file: 2026-08-16 21:06:04.000
2026-08-16 21:11:56.167   Installing the file.
2026-08-16 21:11:56.170   Successfully installed the file.
2026-08-16 21:11:56.170   -- File entry --
2026-08-16 21:11:56.170   Dest filename: C:\Users\in15\AppData\Local\DriveBackup\_internal\_tcl_data\tzdata\Europe\Berlin
2026-08-16 21:11:56.173   Time stamp of our file: 2026-08-16 21:06:04.000
2026-08-16 21:11:56.173   Dest file exists.
2026-08-16 21:11:56.173   Time stamp of existing file: 2026-08-16 21:06:04.000
2026-08-16 21:11:56.173   Installing the file.
2026-08-16 21:11:56.176   Successfully installed the file.
2026-08-16 21:11:56.176   -- File entry --
2026-08-16 21:11:56.176   Dest filename: C:\Users\in15\AppData\Local\DriveBackup\_internal\_tcl_data\tzdata\Europe\Bratislava
2026-08-16 21:11:56.180   Time stamp of our file: 2026-08-16 21:06:04.000
2026-08-16 21:11:56.180   Dest file exists.
2026-08-16 21:11:56.180   Time stamp of existing file: 2026-08-16 21:06:04.000
2026-08-16 21:11:56.180   Installing the file.
2026-08-16 21:11:56.184   Successfully installed the file.
2026-08-16 21:11:56.184   -- File entry --
2026-08-16 21:11:56.184   Dest filename: C:\Users\in15\AppData\Local\DriveBackup\_internal\_tcl_data\tzdata\Europe\Brussels
2026-08-16 21:11:56.184   Time stamp of our file: 2026-08-16 21:06:04.000
2026-08-16 21:11:56.184   Dest file exists.
2026-08-16 21:11:56.186   Time stamp of existing file: 2026-08-16 21:06:04.000
2026-08-16 21:11:56.186   Installing the file.
2026-08-16 21:11:56.190   Successfully installed the file.
2026-08-16 21:11:56.191   -- File entry --
2026-08-16 21:11:56.191   Dest filename: C:\Users\in15\AppData\Local\DriveBackup\_internal\_tcl_data\tzdata\Europe\Bucharest
2026-08-16 21:11:56.191   Time stamp of our file: 2026-08-16 21:06:04.000
2026-08-16 21:11:56.191   Dest file exists.
2026-08-16 21:11:56.192   Time stamp of existing file: 2026-08-16 21:06:04.000
2026-08-16 21:11:56.192   Installing the file.
2026-08-16 21:11:56.196   Successfully installed the file.
2026-08-16 21:11:56.196   -- File entry --
2026-08-16 21:11:56.197   Dest filename: C:\Users\in15\AppData\Local\DriveBackup\_internal\_tcl_data\tzdata\Europe\Budapest
2026-08-16 21:11:56.197   Time stamp of our file: 2026-08-16 21:06:04.000
2026-08-16 21:11:56.197   Dest file exists.
2026-08-16 21:11:56.197   Time stamp of existing file: 2026-08-16 21:06:04.000
2026-08-16 21:11:56.198   Installing the file.
2026-08-16 21:11:56.201   Successfully installed the file.
2026-08-16 21:11:56.201   -- File entry --
2026-08-16 21:11:56.202   Dest filename: C:\Users\in15\AppData\Local\DriveBackup\_internal\_tcl_data\tzdata\Europe\Busingen
2026-08-16 21:11:56.202   Time stamp of our file: 2026-08-16 21:06:04.000
2026-08-16 21:11:56.203   Dest file exists.
2026-08-16 21:11:56.203   Time stamp of existing file: 2026-08-16 21:06:04.000
2026-08-16 21:11:56.203   Installing the file.
2026-08-16 21:11:56.209   Successfully installed the file.
2026-08-16 21:11:56.209   -- File entry --
2026-08-16 21:11:56.209   Dest filename: C:\Users\in15\AppData\Local\DriveBackup\_internal\_tcl_data\tzdata\Europe\Chisinau
2026-08-16 21:11:56.211   Time stamp of our file: 2026-08-16 21:06:04.000
2026-08-16 21:11:56.211   Dest file exists.
2026-08-16 21:11:56.211   Time stamp of existing file: 2026-08-16 21:06:04.000
2026-08-16 21:11:56.211   Installing the file.
2026-08-16 21:11:56.217   Successfully installed the file.
2026-08-16 21:11:56.217   -- File entry --
2026-08-16 21:11:56.217   Dest filename: C:\Users\in15\AppData\Local\DriveBackup\_internal\_tcl_data\tzdata\Europe\Copenhagen
2026-08-16 21:11:56.220   Time stamp of our file: 2026-08-16 21:06:04.000
2026-08-16 21:11:56.220   Dest file exists.
2026-08-16 21:11:56.220   Time stamp of existing file: 2026-08-16 21:06:04.000
2026-08-16 21:11:56.220   Installing the file.
2026-08-16 21:11:56.225   Successfully installed the file.
2026-08-16 21:11:56.225   -- File entry --
2026-08-16 21:11:56.226   Dest filename: C:\Users\in15\AppData\Local\DriveBackup\_internal\_tcl_data\tzdata\Europe\Dublin
2026-08-16 21:11:56.226   Time stamp of our file: 2026-08-16 21:06:04.000
2026-08-16 21:11:56.226   Dest file exists.
2026-08-16 21:11:56.226   Time stamp of existing file: 2026-08-16 21:06:04.000
2026-08-16 21:11:56.226   Installing the file.
2026-08-16 21:11:56.231   Successfully installed the file.
2026-08-16 21:11:56.231   -- File entry --
2026-08-16 21:11:56.231   Dest filename: C:\Users\in15\AppData\Local\DriveBackup\_internal\_tcl_data\tzdata\Europe\Gibraltar
2026-08-16 21:11:56.232   Time stamp of our file: 2026-08-16 21:06:04.000
2026-08-16 21:11:56.232   Dest file exists.
2026-08-16 21:11:56.233   Time stamp of existing file: 2026-08-16 21:06:04.000
2026-08-16 21:11:56.233   Installing the file.
2026-08-16 21:11:56.239   Successfully installed the file.
2026-08-16 21:11:56.239   -- File entry --
2026-08-16 21:11:56.240   Dest filename: C:\Users\in15\AppData\Local\DriveBackup\_internal\_tcl_data\tzdata\Europe\Guernsey
2026-08-16 21:11:56.240   Time stamp of our file: 2026-08-16 21:06:04.000
2026-08-16 21:11:56.240   Dest file exists.
2026-08-16 21:11:56.240   Time stamp of existing file: 2026-08-16 21:06:04.000
2026-08-16 21:11:56.240   Installing the file.
2026-08-16 21:11:56.245   Successfully installed the file.
2026-08-16 21:11:56.245   -- File entry --
2026-08-16 21:11:56.246   Dest filename: C:\Users\in15\AppData\Local\DriveBackup\_internal\_tcl_data\tzdata\Europe\Helsinki
2026-08-16 21:11:56.246   Time stamp of our file: 2026-08-16 21:06:04.000
2026-08-16 21:11:56.246   Dest file exists.
2026-08-16 21:11:56.246   Time stamp of existing file: 2026-08-16 21:06:04.000
2026-08-16 21:11:56.247   Installing the file.
2026-08-16 21:11:56.251   Successfully installed the file.
2026-08-16 21:11:56.252   -- File entry --
2026-08-16 21:11:56.253   Dest filename: C:\Users\in15\AppData\Local\DriveBackup\_internal\_tcl_data\tzdata\Europe\Isle_of_Man
2026-08-16 21:11:56.253   Time stamp of our file: 2026-08-16 21:06:04.000
2026-08-16 21:11:56.253   Dest file exists.
2026-08-16 21:11:56.253   Time stamp of existing file: 2026-08-16 21:06:04.000
2026-08-16 21:11:56.253   Installing the file.
2026-08-16 21:11:56.257   Successfully installed the file.
2026-08-16 21:11:56.257   -- File entry --
2026-08-16 21:11:56.257   Dest filename: C:\Users\in15\AppData\Local\DriveBackup\_internal\_tcl_data\tzdata\Europe\Istanbul
2026-08-16 21:11:56.257   Time stamp of our file: 2026-08-16 21:06:04.000
2026-08-16 21:11:56.257   Dest file exists.
2026-08-16 21:11:56.257   Time stamp of existing file: 2026-08-16 21:06:04.000
2026-08-16 21:11:56.257   Installing the file.
2026-08-16 21:11:56.260   Successfully installed the file.
2026-08-16 21:11:56.260   -- File entry --
2026-08-16 21:11:56.260   Dest filename: C:\Users\in15\AppData\Local\DriveBackup\_internal\_tcl_data\tzdata\Europe\Jersey
2026-08-16 21:11:56.260   Time stamp of our file: 2026-08-16 21:06:04.000
2026-08-16 21:11:56.260   Dest file exists.
2026-08-16 21:11:56.260   Time stamp of existing file: 2026-08-16 21:06:04.000
2026-08-16 21:11:56.260   Installing the file.
2026-08-16 21:11:56.268   Successfully installed the file.
2026-08-16 21:11:56.268   -- File entry --
2026-08-16 21:11:56.268   Dest filename: C:\Users\in15\AppData\Local\DriveBackup\_internal\_tcl_data\tzdata\Europe\Kaliningrad
2026-08-16 21:11:56.270   Time stamp of our file: 2026-08-16 21:06:04.000
2026-08-16 21:11:56.270   Dest file exists.
2026-08-16 21:11:56.270   Time stamp of existing file: 2026-08-16 21:06:04.000
2026-08-16 21:11:56.270   Installing the file.
2026-08-16 21:11:56.274   Successfully installed the file.
2026-08-16 21:11:56.274   -- File entry --
2026-08-16 21:11:56.274   Dest filename: C:\Users\in15\AppData\Local\DriveBackup\_internal\_tcl_data\tzdata\Europe\Kiev
2026-08-16 21:11:56.274   Time stamp of our file: 2026-08-16 21:06:04.000
2026-08-16 21:11:56.274   Dest file exists.
2026-08-16 21:11:56.274   Time stamp of existing file: 2026-08-16 21:06:04.000
2026-08-16 21:11:56.274   Installing the file.
2026-08-16 21:11:56.277   Successfully installed the file.
2026-08-16 21:11:56.277   -- File entry --
2026-08-16 21:11:56.277   Dest filename: C:\Users\in15\AppData\Local\DriveBackup\_internal\_tcl_data\tzdata\Europe\Kirov
2026-08-16 21:11:56.277   Time stamp of our file: 2026-08-16 21:06:04.000
2026-08-16 21:11:56.277   Dest file exists.
2026-08-16 21:11:56.277   Time stamp of existing file: 2026-08-16 21:06:04.000
2026-08-16 21:11:56.277   Installing the file.
2026-08-16 21:11:56.286   Successfully installed the file.
2026-08-16 21:11:56.287   -- File entry --
2026-08-16 21:11:56.287   Dest filename: C:\Users\in15\AppData\Local\DriveBackup\_internal\_tcl_data\tzdata\Europe\Kyiv
2026-08-16 21:11:56.287   Time stamp of our file: 2026-08-16 21:06:04.000
2026-08-16 21:11:56.288   Dest file exists.
2026-08-16 21:11:56.288   Time stamp of existing file: 2026-08-16 21:06:04.000
2026-08-16 21:11:56.288   Installing the file.
2026-08-16 21:11:56.291   Successfully installed the file.
2026-08-16 21:11:56.291   -- File entry --
2026-08-16 21:11:56.291   Dest filename: C:\Users\in15\AppData\Local\DriveBackup\_internal\_tcl_data\tzdata\Europe\Lisbon
2026-08-16 21:11:56.292   Time stamp of our file: 2026-08-16 21:06:04.000
2026-08-16 21:11:56.292   Dest file exists.
2026-08-16 21:11:56.292   Time stamp of existing file: 2026-08-16 21:06:04.000
2026-08-16 21:11:56.292   Installing the file.
2026-08-16 21:11:56.296   Successfully installed the file.
2026-08-16 21:11:56.296   -- File entry --
2026-08-16 21:11:56.296   Dest filename: C:\Users\in15\AppData\Local\DriveBackup\_internal\_tcl_data\tzdata\Europe\Ljubljana
2026-08-16 21:11:56.297   Time stamp of our file: 2026-08-16 21:06:04.000
2026-08-16 21:11:56.297   Dest file exists.
2026-08-16 21:11:56.297   Time stamp of existing file: 2026-08-16 21:06:04.000
2026-08-16 21:11:56.297   Installing the file.
2026-08-16 21:11:56.301   Successfully installed the file.
2026-08-16 21:11:56.301   -- File entry --
2026-08-16 21:11:56.302   Dest filename: C:\Users\in15\AppData\Local\DriveBackup\_internal\_tcl_data\tzdata\Europe\London
2026-08-16 21:11:56.302   Time stamp of our file: 2026-08-16 21:06:04.000
2026-08-16 21:11:56.302   Dest file exists.
2026-08-16 21:11:56.303   Time stamp of existing file: 2026-08-16 21:06:04.000
2026-08-16 21:11:56.303   Installing the file.
2026-08-16 21:11:56.307   Successfully installed the file.
2026-08-16 21:11:56.307   -- File entry --
2026-08-16 21:11:56.307   Dest filename: C:\Users\in15\AppData\Local\DriveBackup\_internal\_tcl_data\tzdata\Europe\Luxembourg
2026-08-16 21:11:56.309   Time stamp of our file: 2026-08-16 21:06:04.000
2026-08-16 21:11:56.309   Dest file exists.
2026-08-16 21:11:56.309   Time stamp of existing file: 2026-08-16 21:06:04.000
2026-08-16 21:11:56.309   Installing the file.
2026-08-16 21:11:56.309   Successfully installed the file.
2026-08-16 21:11:56.309   -- File entry --
2026-08-16 21:11:56.309   Dest filename: C:\Users\in15\AppData\Local\DriveBackup\_internal\_tcl_data\tzdata\Europe\Madrid
2026-08-16 21:11:56.309   Time stamp of our file: 2026-08-16 21:06:04.000
2026-08-16 21:11:56.309   Dest file exists.
2026-08-16 21:11:56.309   Time stamp of existing file: 2026-08-16 21:06:04.000
2026-08-16 21:11:56.309   Installing the file.
2026-08-16 21:11:56.318   Successfully installed the file.
2026-08-16 21:11:56.318   -- File entry --
2026-08-16 21:11:56.320   Dest filename: C:\Users\in15\AppData\Local\DriveBackup\_internal\_tcl_data\tzdata\Europe\Malta
2026-08-16 21:11:56.320   Time stamp of our file: 2026-08-16 21:06:04.000
2026-08-16 21:11:56.320   Dest file exists.
2026-08-16 21:11:56.320   Time stamp of existing file: 2026-08-16 21:06:04.000
2026-08-16 21:11:56.322   Installing the file.
2026-08-16 21:11:56.327   Successfully installed the file.
2026-08-16 21:11:56.328   -- File entry --
2026-08-16 21:11:56.328   Dest filename: C:\Users\in15\AppData\Local\DriveBackup\_internal\_tcl_data\tzdata\Europe\Mariehamn
2026-08-16 21:11:56.329   Time stamp of our file: 2026-08-16 21:06:04.000
2026-08-16 21:11:56.329   Dest file exists.
2026-08-16 21:11:56.329   Time stamp of existing file: 2026-08-16 21:06:04.000
2026-08-16 21:11:56.329   Installing the file.
2026-08-16 21:11:56.334   Successfully installed the file.
2026-08-16 21:11:56.334   -- File entry --
2026-08-16 21:11:56.334   Dest filename: C:\Users\in15\AppData\Local\DriveBackup\_internal\_tcl_data\tzdata\Europe\Minsk
2026-08-16 21:11:56.335   Time stamp of our file: 2026-08-16 21:06:04.000
2026-08-16 21:11:56.335   Dest file exists.
2026-08-16 21:11:56.335   Time stamp of existing file: 2026-08-16 21:06:04.000
2026-08-16 21:11:56.336   Installing the file.
2026-08-16 21:11:56.341   Successfully installed the file.
2026-08-16 21:11:56.341   -- File entry --
2026-08-16 21:11:56.342   Dest filename: C:\Users\in15\AppData\Local\DriveBackup\_internal\_tcl_data\tzdata\Europe\Monaco
2026-08-16 21:11:56.342   Time stamp of our file: 2026-08-16 21:06:04.000
2026-08-16 21:11:56.342   Dest file exists.
2026-08-16 21:11:56.343   Time stamp of existing file: 2026-08-16 21:06:04.000
2026-08-16 21:11:56.343   Installing the file.
2026-08-16 21:11:56.347   Successfully installed the file.
2026-08-16 21:11:56.347   -- File entry --
2026-08-16 21:11:56.347   Dest filename: C:\Users\in15\AppData\Local\DriveBackup\_internal\_tcl_data\tzdata\Europe\Moscow
2026-08-16 21:11:56.348   Time stamp of our file: 2026-08-16 21:06:04.000
2026-08-16 21:11:56.348   Dest file exists.
2026-08-16 21:11:56.348   Time stamp of existing file: 2026-08-16 21:06:04.000
2026-08-16 21:11:56.348   Installing the file.
2026-08-16 21:11:56.352   Successfully installed the file.
2026-08-16 21:11:56.352   -- File entry --
2026-08-16 21:11:56.353   Dest filename: C:\Users\in15\AppData\Local\DriveBackup\_internal\_tcl_data\tzdata\Europe\Nicosia
2026-08-16 21:11:56.353   Time stamp of our file: 2026-08-16 21:06:04.000
2026-08-16 21:11:56.353   Dest file exists.
2026-08-16 21:11:56.353   Time stamp of existing file: 2026-08-16 21:06:04.000
2026-08-16 21:11:56.353   Installing the file.
2026-08-16 21:11:56.353   Successfully installed the file.
2026-08-16 21:11:56.353   -- File entry --
2026-08-16 21:11:56.353   Dest filename: C:\Users\in15\AppData\Local\DriveBackup\_internal\_tcl_data\tzdata\Europe\Oslo
2026-08-16 21:11:56.353   Time stamp of our file: 2026-08-16 21:06:04.000
2026-08-16 21:11:56.353   Dest file exists.
2026-08-16 21:11:56.353   Time stamp of existing file: 2026-08-16 21:06:04.000
2026-08-16 21:11:56.353   Installing the file.
2026-08-16 21:11:56.353   Successfully installed the file.
2026-08-16 21:11:56.353   -- File entry --
2026-08-16 21:11:56.353   Dest filename: C:\Users\in15\AppData\Local\DriveBackup\_internal\_tcl_data\tzdata\Europe\Paris
2026-08-16 21:11:56.353   Time stamp of our file: 2026-08-16 21:06:04.000
2026-08-16 21:11:56.353   Dest file exists.
2026-08-16 21:11:56.353   Time stamp of existing file: 2026-08-16 21:06:04.000
2026-08-16 21:11:56.353   Installing the file.
2026-08-16 21:11:56.366   Successfully installed the file.
2026-08-16 21:11:56.366   -- File entry --
2026-08-16 21:11:56.366   Dest filename: C:\Users\in15\AppData\Local\DriveBackup\_internal\_tcl_data\tzdata\Europe\Podgorica
2026-08-16 21:11:56.366   Time stamp of our file: 2026-08-16 21:06:04.000
2026-08-16 21:11:56.366   Dest file exists.
2026-08-16 21:11:56.366   Time stamp of existing file: 2026-08-16 21:06:04.000
2026-08-16 21:11:56.368   Installing the file.
2026-08-16 21:11:56.370   Successfully installed the file.
2026-08-16 21:11:56.370   -- File entry --
2026-08-16 21:11:56.370   Dest filename: C:\Users\in15\AppData\Local\DriveBackup\_internal\_tcl_data\tzdata\Europe\Prague
2026-08-16 21:11:56.370   Time stamp of our file: 2026-08-16 21:06:04.000
2026-08-16 21:11:56.370   Dest file exists.
2026-08-16 21:11:56.370   Time stamp of existing file: 2026-08-16 21:06:04.000
2026-08-16 21:11:56.370   Installing the file.
2026-08-16 21:11:56.377   Successfully installed the file.
2026-08-16 21:11:56.377   -- File entry --
2026-08-16 21:11:56.377   Dest filename: C:\Users\in15\AppData\Local\DriveBackup\_internal\_tcl_data\tzdata\Europe\Riga
2026-08-16 21:11:56.379   Time stamp of our file: 2026-08-16 21:06:04.000
2026-08-16 21:11:56.379   Dest file exists.
2026-08-16 21:11:56.379   Time stamp of existing file: 2026-08-16 21:06:04.000
2026-08-16 21:11:56.379   Installing the file.
2026-08-16 21:11:56.384   Successfully installed the file.
2026-08-16 21:11:56.384   -- File entry --
2026-08-16 21:11:56.384   Dest filename: C:\Users\in15\AppData\Local\DriveBackup\_internal\_tcl_data\tzdata\Europe\Rome
2026-08-16 21:11:56.384   Time stamp of our file: 2026-08-16 21:06:04.000
2026-08-16 21:11:56.384   Dest file exists.
2026-08-16 21:11:56.384   Time stamp of existing file: 2026-08-16 21:06:04.000
2026-08-16 21:11:56.386   Installing the file.
2026-08-16 21:11:56.390   Successfully installed the file.
2026-08-16 21:11:56.390   -- File entry --
2026-08-16 21:11:56.390   Dest filename: C:\Users\in15\AppData\Local\DriveBackup\_internal\_tcl_data\tzdata\Europe\Samara
2026-08-16 21:11:56.390   Time stamp of our file: 2026-08-16 21:06:04.000
2026-08-16 21:11:56.390   Dest file exists.
2026-08-16 21:11:56.392   Time stamp of existing file: 2026-08-16 21:06:04.000
2026-08-16 21:11:56.392   Installing the file.
2026-08-16 21:11:56.392   Successfully installed the file.
2026-08-16 21:11:56.392   -- File entry --
2026-08-16 21:11:56.392   Dest filename: C:\Users\in15\AppData\Local\DriveBackup\_internal\_tcl_data\tzdata\Europe\San_Marino
2026-08-16 21:11:56.392   Time stamp of our file: 2026-08-16 21:06:04.000
2026-08-16 21:11:56.392   Dest file exists.
2026-08-16 21:11:56.392   Time stamp of existing file: 2026-08-16 21:06:04.000
2026-08-16 21:11:56.392   Installing the file.
2026-08-16 21:11:56.392   Successfully installed the file.
2026-08-16 21:11:56.392   -- File entry --
2026-08-16 21:11:56.392   Dest filename: C:\Users\in15\AppData\Local\DriveBackup\_internal\_tcl_data\tzdata\Europe\Sarajevo
2026-08-16 21:11:56.392   Time stamp of our file: 2026-08-16 21:06:04.000
2026-08-16 21:11:56.392   Dest file exists.
2026-08-16 21:11:56.392   Time stamp of existing file: 2026-08-16 21:06:04.000
2026-08-16 21:11:56.392   Installing the file.
2026-08-16 21:11:56.407   Successfully installed the file.
2026-08-16 21:11:56.407   -- File entry --
2026-08-16 21:11:56.408   Dest filename: C:\Users\in15\AppData\Local\DriveBackup\_internal\_tcl_data\tzdata\Europe\Saratov
2026-08-16 21:11:56.408   Time stamp of our file: 2026-08-16 21:06:04.000
2026-08-16 21:11:56.408   Dest file exists.
2026-08-16 21:11:56.408   Time stamp of existing file: 2026-08-16 21:06:04.000
2026-08-16 21:11:56.408   Installing the file.
2026-08-16 21:11:56.412   Successfully installed the file.
2026-08-16 21:11:56.412   -- File entry --
2026-08-16 21:11:56.412   Dest filename: C:\Users\in15\AppData\Local\DriveBackup\_internal\_tcl_data\tzdata\Europe\Simferopol
2026-08-16 21:11:56.413   Time stamp of our file: 2026-08-16 21:06:04.000
2026-08-16 21:11:56.413   Dest file exists.
2026-08-16 21:11:56.413   Time stamp of existing file: 2026-08-16 21:06:04.000
2026-08-16 21:11:56.413   Installing the file.
2026-08-16 21:11:56.417   Successfully installed the file.
2026-08-16 21:11:56.418   -- File entry --
2026-08-16 21:11:56.418   Dest filename: C:\Users\in15\AppData\Local\DriveBackup\_internal\_tcl_data\tzdata\Europe\Skopje
2026-08-16 21:11:56.418   Time stamp of our file: 2026-08-16 21:06:04.000
2026-08-16 21:11:56.418   Dest file exists.
2026-08-16 21:11:56.419   Time stamp of existing file: 2026-08-16 21:06:04.000
2026-08-16 21:11:56.419   Installing the file.
2026-08-16 21:11:56.422   Successfully installed the file.
2026-08-16 21:11:56.422   -- File entry --
2026-08-16 21:11:56.423   Dest filename: C:\Users\in15\AppData\Local\DriveBackup\_internal\_tcl_data\tzdata\Europe\Sofia
2026-08-16 21:11:56.423   Time stamp of our file: 2026-08-16 21:06:04.000
2026-08-16 21:11:56.423   Dest file exists.
2026-08-16 21:11:56.423   Time stamp of existing file: 2026-08-16 21:06:04.000
2026-08-16 21:11:56.423   Installing the file.
2026-08-16 21:11:56.426   Successfully installed the file.
2026-08-16 21:11:56.427   -- File entry --
2026-08-16 21:11:56.427   Dest filename: C:\Users\in15\AppData\Local\DriveBackup\_internal\_tcl_data\tzdata\Europe\Stockholm
2026-08-16 21:11:56.427   Time stamp of our file: 2026-08-16 21:06:04.000
2026-08-16 21:11:56.427   Dest file exists.
2026-08-16 21:11:56.427   Time stamp of existing file: 2026-08-16 21:06:04.000
2026-08-16 21:11:56.427   Installing the file.
2026-08-16 21:11:56.430   Successfully installed the file.
2026-08-16 21:11:56.431   -- File entry --
2026-08-16 21:11:56.431   Dest filename: C:\Users\in15\AppData\Local\DriveBackup\_internal\_tcl_data\tzdata\Europe\Tallinn
2026-08-16 21:11:56.431   Time stamp of our file: 2026-08-16 21:06:04.000
2026-08-16 21:11:56.431   Dest file exists.
2026-08-16 21:11:56.431   Time stamp of existing file: 2026-08-16 21:06:04.000
2026-08-16 21:11:56.431   Installing the file.
2026-08-16 21:11:56.435   Successfully installed the file.
2026-08-16 21:11:56.435   -- File entry --
2026-08-16 21:11:56.435   Dest filename: C:\Users\in15\AppData\Local\DriveBackup\_internal\_tcl_data\tzdata\Europe\Tirane
2026-08-16 21:11:56.436   Time stamp of our file: 2026-08-16 21:06:04.000
2026-08-16 21:11:56.436   Dest file exists.
2026-08-16 21:11:56.436   Time stamp of existing file: 2026-08-16 21:06:04.000
2026-08-16 21:11:56.436   Installing the file.
2026-08-16 21:11:56.440   Successfully installed the file.
2026-08-16 21:11:56.440   -- File entry --
2026-08-16 21:11:56.440   Dest filename: C:\Users\in15\AppData\Local\DriveBackup\_internal\_tcl_data\tzdata\Europe\Tiraspol
2026-08-16 21:11:56.440   Time stamp of our file: 2026-08-16 21:06:04.000
2026-08-16 21:11:56.440   Dest file exists.
2026-08-16 21:11:56.440   Time stamp of existing file: 2026-08-16 21:06:04.000
2026-08-16 21:11:56.440   Installing the file.
2026-08-16 21:11:56.440   Successfully installed the file.
2026-08-16 21:11:56.440   -- File entry --
2026-08-16 21:11:56.440   Dest filename: C:\Users\in15\AppData\Local\DriveBackup\_internal\_tcl_data\tzdata\Europe\Ulyanovsk
2026-08-16 21:11:56.440   Time stamp of our file: 2026-08-16 21:06:04.000
2026-08-16 21:11:56.440   Dest file exists.
2026-08-16 21:11:56.440   Time stamp of existing file: 2026-08-16 21:06:04.000
2026-08-16 21:11:56.440   Installing the file.
2026-08-16 21:11:56.440   Successfully installed the file.
2026-08-16 21:11:56.440   -- File entry --
2026-08-16 21:11:56.440   Dest filename: C:\Users\in15\AppData\Local\DriveBackup\_internal\_tcl_data\tzdata\Europe\Uzhgorod
2026-08-16 21:11:56.440   Time stamp of our file: 2026-08-16 21:06:04.000
2026-08-16 21:11:56.440   Dest file exists.
2026-08-16 21:11:56.440   Time stamp of existing file: 2026-08-16 21:06:04.000
2026-08-16 21:11:56.440   Installing the file.
2026-08-16 21:11:56.456   Successfully installed the file.
2026-08-16 21:11:56.456   -- File entry --
2026-08-16 21:11:56.457   Dest filename: C:\Users\in15\AppData\Local\DriveBackup\_internal\_tcl_data\tzdata\Europe\Vaduz
2026-08-16 21:11:56.457   Time stamp of our file: 2026-08-16 21:06:04.000
2026-08-16 21:11:56.457   Dest file exists.
2026-08-16 21:11:56.458   Time stamp of existing file: 2026-08-16 21:06:04.000
2026-08-16 21:11:56.458   Installing the file.
2026-08-16 21:11:56.463   Successfully installed the file.
2026-08-16 21:11:56.463   -- File entry --
2026-08-16 21:11:56.463   Dest filename: C:\Users\in15\AppData\Local\DriveBackup\_internal\_tcl_data\tzdata\Europe\Vatican
2026-08-16 21:11:56.463   Time stamp of our file: 2026-08-16 21:06:04.000
2026-08-16 21:11:56.463   Dest file exists.
2026-08-16 21:11:56.463   Time stamp of existing file: 2026-08-16 21:06:04.000
2026-08-16 21:11:56.465   Installing the file.
2026-08-16 21:11:56.472   Successfully installed the file.
2026-08-16 21:11:56.472   -- File entry --
2026-08-16 21:11:56.473   Dest filename: C:\Users\in15\AppData\Local\DriveBackup\_internal\_tcl_data\tzdata\Europe\Vienna
2026-08-16 21:11:56.474   Time stamp of our file: 2026-08-16 21:06:04.000
2026-08-16 21:11:56.474   Dest file exists.
2026-08-16 21:11:56.475   Time stamp of existing file: 2026-08-16 21:06:04.000
2026-08-16 21:11:56.475   Installing the file.
2026-08-16 21:11:56.490   Successfully installed the file.
2026-08-16 21:11:56.491   -- File entry --
2026-08-16 21:11:56.491   Dest filename: C:\Users\in15\AppData\Local\DriveBackup\_internal\_tcl_data\tzdata\Europe\Vilnius
2026-08-16 21:11:56.492   Time stamp of our file: 2026-08-16 21:06:04.000
2026-08-16 21:11:56.492   Dest file exists.
2026-08-16 21:11:56.492   Time stamp of existing file: 2026-08-16 21:06:04.000
2026-08-16 21:11:56.492   Installing the file.
2026-08-16 21:11:56.496   Successfully installed the file.
2026-08-16 21:11:56.497   -- File entry --
2026-08-16 21:11:56.497   Dest filename: C:\Users\in15\AppData\Local\DriveBackup\_internal\_tcl_data\tzdata\Europe\Volgograd
2026-08-16 21:11:56.497   Time stamp of our file: 2026-08-16 21:06:04.000
2026-08-16 21:11:56.497   Dest file exists.
2026-08-16 21:11:56.497   Time stamp of existing file: 2026-08-16 21:06:04.000
2026-08-16 21:11:56.498   Installing the file.
2026-08-16 21:11:56.502   Successfully installed the file.
2026-08-16 21:11:56.502   -- File entry --
2026-08-16 21:11:56.502   Dest filename: C:\Users\in15\AppData\Local\DriveBackup\_internal\_tcl_data\tzdata\Europe\Warsaw
2026-08-16 21:11:56.503   Time stamp of our file: 2026-08-16 21:06:04.000
2026-08-16 21:11:56.503   Dest file exists.
2026-08-16 21:11:56.503   Time stamp of existing file: 2026-08-16 21:06:04.000
2026-08-16 21:11:56.503   Installing the file.
2026-08-16 21:11:56.507   Successfully installed the file.
2026-08-16 21:11:56.508   -- File entry --
2026-08-16 21:11:56.508   Dest filename: C:\Users\in15\AppData\Local\DriveBackup\_internal\_tcl_data\tzdata\Europe\Zagreb
2026-08-16 21:11:56.508   Time stamp of our file: 2026-08-16 21:06:04.000
2026-08-16 21:11:56.508   Dest file exists.
2026-08-16 21:11:56.509   Time stamp of existing file: 2026-08-16 21:06:04.000
2026-08-16 21:11:56.509   Installing the file.
2026-08-16 21:11:56.512   Successfully installed the file.
2026-08-16 21:11:56.513   -- File entry --
2026-08-16 21:11:56.513   Dest filename: C:\Users\in15\AppData\Local\DriveBackup\_internal\_tcl_data\tzdata\Europe\Zaporozhye
2026-08-16 21:11:56.513   Time stamp of our file: 2026-08-16 21:06:04.000
2026-08-16 21:11:56.513   Dest file exists.
2026-08-16 21:11:56.513   Time stamp of existing file: 2026-08-16 21:06:04.000
2026-08-16 21:11:56.514   Installing the file.
2026-08-16 21:11:56.517   Successfully installed the file.
2026-08-16 21:11:56.518   -- File entry --
2026-08-16 21:11:56.518   Dest filename: C:\Users\in15\AppData\Local\DriveBackup\_internal\_tcl_data\tzdata\Europe\Zurich
2026-08-16 21:11:56.518   Time stamp of our file: 2026-08-16 21:06:04.000
2026-08-16 21:11:56.518   Dest file exists.
2026-08-16 21:11:56.519   Time stamp of existing file: 2026-08-16 21:06:04.000
2026-08-16 21:11:56.519   Installing the file.
2026-08-16 21:11:56.525   Successfully installed the file.
2026-08-16 21:11:56.525   -- File entry --
2026-08-16 21:11:56.525   Dest filename: C:\Users\in15\AppData\Local\DriveBackup\_internal\_tcl_data\tzdata\Indian\Antananarivo
2026-08-16 21:11:56.526   Time stamp of our file: 2026-08-16 21:06:04.000
2026-08-16 21:11:56.526   Dest file exists.
2026-08-16 21:11:56.526   Time stamp of existing file: 2026-08-16 21:06:04.000
2026-08-16 21:11:56.526   Installing the file.
2026-08-16 21:11:56.535   Successfully installed the file.
2026-08-16 21:11:56.535   -- File entry --
2026-08-16 21:11:56.536   Dest filename: C:\Users\in15\AppData\Local\DriveBackup\_internal\_tcl_data\tzdata\Indian\Chagos
2026-08-16 21:11:56.536   Time stamp of our file: 2026-08-16 21:06:04.000
2026-08-16 21:11:56.536   Dest file exists.
2026-08-16 21:11:56.537   Time stamp of existing file: 2026-08-16 21:06:04.000
2026-08-16 21:11:56.537   Installing the file.
2026-08-16 21:11:56.540   Successfully installed the file.
2026-08-16 21:11:56.540   -- File entry --
2026-08-16 21:11:56.541   Dest filename: C:\Users\in15\AppData\Local\DriveBackup\_internal\_tcl_data\tzdata\Indian\Christmas
2026-08-16 21:11:56.541   Time stamp of our file: 2026-08-16 21:06:04.000
2026-08-16 21:11:56.541   Dest file exists.
2026-08-16 21:11:56.541   Time stamp of existing file: 2026-08-16 21:06:04.000
2026-08-16 21:11:56.541   Installing the file.
2026-08-16 21:11:56.545   Successfully installed the file.
2026-08-16 21:11:56.546   -- File entry --
2026-08-16 21:11:56.546   Dest filename: C:\Users\in15\AppData\Local\DriveBackup\_internal\_tcl_data\tzdata\Indian\Cocos
2026-08-16 21:11:56.547   Time stamp of our file: 2026-08-16 21:06:04.000
2026-08-16 21:11:56.547   Dest file exists.
2026-08-16 21:11:56.547   Time stamp of existing file: 2026-08-16 21:06:04.000
2026-08-16 21:11:56.547   Installing the file.
2026-08-16 21:11:56.551   Successfully installed the file.
2026-08-16 21:11:56.551   -- File entry --
2026-08-16 21:11:56.551   Dest filename: C:\Users\in15\AppData\Local\DriveBackup\_internal\_tcl_data\tzdata\Indian\Comoro
2026-08-16 21:11:56.552   Time stamp of our file: 2026-08-16 21:06:04.000
2026-08-16 21:11:56.552   Dest file exists.
2026-08-16 21:11:56.552   Time stamp of existing file: 2026-08-16 21:06:04.000
2026-08-16 21:11:56.552   Installing the file.
2026-08-16 21:11:56.556   Successfully installed the file.
2026-08-16 21:11:56.557   -- File entry --
2026-08-16 21:11:56.557   Dest filename: C:\Users\in15\AppData\Local\DriveBackup\_internal\_tcl_data\tzdata\Indian\Kerguelen
2026-08-16 21:11:56.558   Time stamp of our file: 2026-08-16 21:06:04.000
2026-08-16 21:11:56.558   Dest file exists.
2026-08-16 21:11:56.558   Time stamp of existing file: 2026-08-16 21:06:04.000
2026-08-16 21:11:56.558   Installing the file.
2026-08-16 21:11:56.562   Successfully installed the file.
2026-08-16 21:11:56.562   -- File entry --
2026-08-16 21:11:56.562   Dest filename: C:\Users\in15\AppData\Local\DriveBackup\_internal\_tcl_data\tzdata\Indian\Mahe
2026-08-16 21:11:56.563   Time stamp of our file: 2026-08-16 21:06:04.000
2026-08-16 21:11:56.563   Dest file exists.
2026-08-16 21:11:56.563   Time stamp of existing file: 2026-08-16 21:06:04.000
2026-08-16 21:11:56.563   Installing the file.
2026-08-16 21:11:56.566   Successfully installed the file.
2026-08-16 21:11:56.567   -- File entry --
2026-08-16 21:11:56.567   Dest filename: C:\Users\in15\AppData\Local\DriveBackup\_internal\_tcl_data\tzdata\Indian\Maldives
2026-08-16 21:11:56.567   Time stamp of our file: 2026-08-16 21:06:04.000
2026-08-16 21:11:56.567   Dest file exists.
2026-08-16 21:11:56.567   Time stamp of existing file: 2026-08-16 21:06:04.000
2026-08-16 21:11:56.567   Installing the file.
2026-08-16 21:11:56.571   Successfully installed the file.
2026-08-16 21:11:56.572   -- File entry --
2026-08-16 21:11:56.572   Dest filename: C:\Users\in15\AppData\Local\DriveBackup\_internal\_tcl_data\tzdata\Indian\Mauritius
2026-08-16 21:11:56.572   Time stamp of our file: 2026-08-16 21:06:04.000
2026-08-16 21:11:56.572   Dest file exists.
2026-08-16 21:11:56.572   Time stamp of existing file: 2026-08-16 21:06:04.000
2026-08-16 21:11:56.573   Installing the file.
2026-08-16 21:11:56.577   Successfully installed the file.
2026-08-16 21:11:56.577   -- File entry --
2026-08-16 21:11:56.578   Dest filename: C:\Users\in15\AppData\Local\DriveBackup\_internal\_tcl_data\tzdata\Indian\Mayotte
2026-08-16 21:11:56.578   Time stamp of our file: 2026-08-16 21:06:04.000
2026-08-16 21:11:56.578   Dest file exists.
2026-08-16 21:11:56.579   Time stamp of existing file: 2026-08-16 21:06:04.000
2026-08-16 21:11:56.579   Installing the file.
2026-08-16 21:11:56.582   Successfully installed the file.
2026-08-16 21:11:56.582   -- File entry --
2026-08-16 21:11:56.582   Dest filename: C:\Users\in15\AppData\Local\DriveBackup\_internal\_tcl_data\tzdata\Indian\Reunion
2026-08-16 21:11:56.584   Time stamp of our file: 2026-08-16 21:06:04.000
2026-08-16 21:11:56.584   Dest file exists.
2026-08-16 21:11:56.584   Time stamp of existing file: 2026-08-16 21:06:04.000
2026-08-16 21:11:56.584   Installing the file.
2026-08-16 21:11:56.589   Successfully installed the file.
2026-08-16 21:11:56.589   -- File entry --
2026-08-16 21:11:56.589   Dest filename: C:\Users\in15\AppData\Local\DriveBackup\_internal\_tcl_data\tzdata\Mexico\BajaNorte
2026-08-16 21:11:56.590   Time stamp of our file: 2026-08-16 21:06:04.000
2026-08-16 21:11:56.590   Dest file exists.
2026-08-16 21:11:56.590   Time stamp of existing file: 2026-08-16 21:06:04.000
2026-08-16 21:11:56.590   Installing the file.
2026-08-16 21:11:56.595   Successfully installed the file.
2026-08-16 21:11:56.595   -- File entry --
2026-08-16 21:11:56.595   Dest filename: C:\Users\in15\AppData\Local\DriveBackup\_internal\_tcl_data\tzdata\Mexico\BajaSur
2026-08-16 21:11:56.596   Time stamp of our file: 2026-08-16 21:06:04.000
2026-08-16 21:11:56.596   Dest file exists.
2026-08-16 21:11:56.596   Time stamp of existing file: 2026-08-16 21:06:04.000
2026-08-16 21:11:56.596   Installing the file.
2026-08-16 21:11:56.601   Successfully installed the file.
2026-08-16 21:11:56.601   -- File entry --
2026-08-16 21:11:56.601   Dest filename: C:\Users\in15\AppData\Local\DriveBackup\_internal\_tcl_data\tzdata\Mexico\General
2026-08-16 21:11:56.602   Time stamp of our file: 2026-08-16 21:06:04.000
2026-08-16 21:11:56.602   Dest file exists.
2026-08-16 21:11:56.602   Time stamp of existing file: 2026-08-16 21:06:04.000
2026-08-16 21:11:56.602   Installing the file.
2026-08-16 21:11:56.606   Successfully installed the file.
2026-08-16 21:11:56.606   -- File entry --
2026-08-16 21:11:56.607   Dest filename: C:\Users\in15\AppData\Local\DriveBackup\_internal\_tcl_data\tzdata\Pacific\Apia
2026-08-16 21:11:56.607   Time stamp of our file: 2026-08-16 21:06:04.000
2026-08-16 21:11:56.607   Dest file exists.
2026-08-16 21:11:56.607   Time stamp of existing file: 2026-08-16 21:06:04.000
2026-08-16 21:11:56.607   Installing the file.
2026-08-16 21:11:56.610   Successfully installed the file.
2026-08-16 21:11:56.610   -- File entry --
2026-08-16 21:11:56.611   Dest filename: C:\Users\in15\AppData\Local\DriveBackup\_internal\_tcl_data\tzdata\Pacific\Auckland
2026-08-16 21:11:56.611   Time stamp of our file: 2026-08-16 21:06:04.000
2026-08-16 21:11:56.611   Dest file exists.
2026-08-16 21:11:56.612   Time stamp of existing file: 2026-08-16 21:06:04.000
2026-08-16 21:11:56.612   Installing the file.
2026-08-16 21:11:56.616   Successfully installed the file.
2026-08-16 21:11:56.616   -- File entry --
2026-08-16 21:11:56.616   Dest filename: C:\Users\in15\AppData\Local\DriveBackup\_internal\_tcl_data\tzdata\Pacific\Bougainville
2026-08-16 21:11:56.617   Time stamp of our file: 2026-08-16 21:06:04.000
2026-08-16 21:11:56.617   Dest file exists.
2026-08-16 21:11:56.617   Time stamp of existing file: 2026-08-16 21:06:04.000
2026-08-16 21:11:56.617   Installing the file.
2026-08-16 21:11:56.621   Successfully installed the file.
2026-08-16 21:11:56.622   -- File entry --
2026-08-16 21:11:56.622   Dest filename: C:\Users\in15\AppData\Local\DriveBackup\_internal\_tcl_data\tzdata\Pacific\Chatham
2026-08-16 21:11:56.623   Time stamp of our file: 2026-08-16 21:06:04.000
2026-08-16 21:11:56.623   Dest file exists.
2026-08-16 21:11:56.623   Time stamp of existing file: 2026-08-16 21:06:04.000
2026-08-16 21:11:56.623   Installing the file.
2026-08-16 21:11:56.627   Successfully installed the file.
2026-08-16 21:11:56.627   -- File entry --
2026-08-16 21:11:56.628   Dest filename: C:\Users\in15\AppData\Local\DriveBackup\_internal\_tcl_data\tzdata\Pacific\Chuuk
2026-08-16 21:11:56.628   Time stamp of our file: 2026-08-16 21:06:04.000
2026-08-16 21:11:56.628   Dest file exists.
2026-08-16 21:11:56.629   Time stamp of existing file: 2026-08-16 21:06:04.000
2026-08-16 21:11:56.629   Installing the file.
2026-08-16 21:11:56.633   Successfully installed the file.
2026-08-16 21:11:56.633   -- File entry --
2026-08-16 21:11:56.633   Dest filename: C:\Users\in15\AppData\Local\DriveBackup\_internal\_tcl_data\tzdata\Pacific\Easter
2026-08-16 21:11:56.633   Time stamp of our file: 2026-08-16 21:06:04.000
2026-08-16 21:11:56.633   Dest file exists.
2026-08-16 21:11:56.634   Time stamp of existing file: 2026-08-16 21:06:04.000
2026-08-16 21:11:56.634   Installing the file.
2026-08-16 21:11:56.639   Successfully installed the file.
2026-08-16 21:11:56.639   -- File entry --
2026-08-16 21:11:56.640   Dest filename: C:\Users\in15\AppData\Local\DriveBackup\_internal\_tcl_data\tzdata\Pacific\Efate
2026-08-16 21:11:56.640   Time stamp of our file: 2026-08-16 21:06:04.000
2026-08-16 21:11:56.640   Dest file exists.
2026-08-16 21:11:56.640   Time stamp of existing file: 2026-08-16 21:06:04.000
2026-08-16 21:11:56.641   Installing the file.
2026-08-16 21:11:56.644   Successfully installed the file.
2026-08-16 21:11:56.644   -- File entry --
2026-08-16 21:11:56.645   Dest filename: C:\Users\in15\AppData\Local\DriveBackup\_internal\_tcl_data\tzdata\Pacific\Enderbury
2026-08-16 21:11:56.645   Time stamp of our file: 2026-08-16 21:06:04.000
2026-08-16 21:11:56.645   Dest file exists.
2026-08-16 21:11:56.645   Time stamp of existing file: 2026-08-16 21:06:04.000
2026-08-16 21:11:56.646   Installing the file.
2026-08-16 21:11:56.649   Successfully installed the file.
2026-08-16 21:11:56.649   -- File entry --
2026-08-16 21:11:56.650   Dest filename: C:\Users\in15\AppData\Local\DriveBackup\_internal\_tcl_data\tzdata\Pacific\Fakaofo
2026-08-16 21:11:56.650   Time stamp of our file: 2026-08-16 21:06:04.000
2026-08-16 21:11:56.650   Dest file exists.
2026-08-16 21:11:56.650   Time stamp of existing file: 2026-08-16 21:06:04.000
2026-08-16 21:11:56.650   Installing the file.
2026-08-16 21:11:56.654   Successfully installed the file.
2026-08-16 21:11:56.654   -- File entry --
2026-08-16 21:11:56.654   Dest filename: C:\Users\in15\AppData\Local\DriveBackup\_internal\_tcl_data\tzdata\Pacific\Fiji
2026-08-16 21:11:56.655   Time stamp of our file: 2026-08-16 21:06:04.000
2026-08-16 21:11:56.655   Dest file exists.
2026-08-16 21:11:56.655   Time stamp of existing file: 2026-08-16 21:06:04.000
2026-08-16 21:11:56.655   Installing the file.
2026-08-16 21:11:56.658   Successfully installed the file.
2026-08-16 21:11:56.659   -- File entry --
2026-08-16 21:11:56.659   Dest filename: C:\Users\in15\AppData\Local\DriveBackup\_internal\_tcl_data\tzdata\Pacific\Funafuti
2026-08-16 21:11:56.659   Time stamp of our file: 2026-08-16 21:06:04.000
2026-08-16 21:11:56.659   Dest file exists.
2026-08-16 21:11:56.659   Time stamp of existing file: 2026-08-16 21:06:04.000
2026-08-16 21:11:56.659   Installing the file.
2026-08-16 21:11:56.663   Successfully installed the file.
2026-08-16 21:11:56.664   -- File entry --
2026-08-16 21:11:56.664   Dest filename: C:\Users\in15\AppData\Local\DriveBackup\_internal\_tcl_data\tzdata\Pacific\Galapagos
2026-08-16 21:11:56.665   Time stamp of our file: 2026-08-16 21:06:04.000
2026-08-16 21:11:56.665   Dest file exists.
2026-08-16 21:11:56.665   Time stamp of existing file: 2026-08-16 21:06:04.000
2026-08-16 21:11:56.665   Installing the file.
2026-08-16 21:11:56.675   Successfully installed the file.
2026-08-16 21:11:56.675   -- File entry --
2026-08-16 21:11:56.675   Dest filename: C:\Users\in15\AppData\Local\DriveBackup\_internal\_tcl_data\tzdata\Pacific\Gambier
2026-08-16 21:11:56.676   Time stamp of our file: 2026-08-16 21:06:04.000
2026-08-16 21:11:56.676   Dest file exists.
2026-08-16 21:11:56.676   Time stamp of existing file: 2026-08-16 21:06:04.000
2026-08-16 21:11:56.676   Installing the file.
2026-08-16 21:11:56.680   Successfully installed the file.
2026-08-16 21:11:56.680   -- File entry --
2026-08-16 21:11:56.681   Dest filename: C:\Users\in15\AppData\Local\DriveBackup\_internal\_tcl_data\tzdata\Pacific\Guadalcanal
2026-08-16 21:11:56.681   Time stamp of our file: 2026-08-16 21:06:04.000
2026-08-16 21:11:56.681   Dest file exists.
2026-08-16 21:11:56.681   Time stamp of existing file: 2026-08-16 21:06:04.000
2026-08-16 21:11:56.681   Installing the file.
2026-08-16 21:11:56.685   Successfully installed the file.
2026-08-16 21:11:56.686   -- File entry --
2026-08-16 21:11:56.687   Dest filename: C:\Users\in15\AppData\Local\DriveBackup\_internal\_tcl_data\tzdata\Pacific\Guam
2026-08-16 21:11:56.687   Time stamp of our file: 2026-08-16 21:06:04.000
2026-08-16 21:11:56.687   Dest file exists.
2026-08-16 21:11:56.688   Time stamp of existing file: 2026-08-16 21:06:04.000
2026-08-16 21:11:56.688   Installing the file.
2026-08-16 21:11:56.692   Successfully installed the file.
2026-08-16 21:11:56.692   -- File entry --
2026-08-16 21:11:56.692   Dest filename: C:\Users\in15\AppData\Local\DriveBackup\_internal\_tcl_data\tzdata\Pacific\Honolulu
2026-08-16 21:11:56.693   Time stamp of our file: 2026-08-16 21:06:04.000
2026-08-16 21:11:56.693   Dest file exists.
2026-08-16 21:11:56.693   Time stamp of existing file: 2026-08-16 21:06:04.000
2026-08-16 21:11:56.693   Installing the file.
2026-08-16 21:11:56.697   Successfully installed the file.
2026-08-16 21:11:56.697   -- File entry --
2026-08-16 21:11:56.697   Dest filename: C:\Users\in15\AppData\Local\DriveBackup\_internal\_tcl_data\tzdata\Pacific\Johnston
2026-08-16 21:11:56.698   Time stamp of our file: 2026-08-16 21:06:04.000
2026-08-16 21:11:56.698   Dest file exists.
2026-08-16 21:11:56.698   Time stamp of existing file: 2026-08-16 21:06:04.000
2026-08-16 21:11:56.698   Installing the file.
2026-08-16 21:11:56.701   Successfully installed the file.
2026-08-16 21:11:56.701   -- File entry --
2026-08-16 21:11:56.702   Dest filename: C:\Users\in15\AppData\Local\DriveBackup\_internal\_tcl_data\tzdata\Pacific\Kanton
2026-08-16 21:11:56.702   Time stamp of our file: 2026-08-16 21:06:04.000
2026-08-16 21:11:56.702   Dest file exists.
2026-08-16 21:11:56.702   Time stamp of existing file: 2026-08-16 21:06:04.000
2026-08-16 21:11:56.703   Installing the file.
2026-08-16 21:11:56.707   Successfully installed the file.
2026-08-16 21:11:56.707   -- File entry --
2026-08-16 21:11:56.708   Dest filename: C:\Users\in15\AppData\Local\DriveBackup\_internal\_tcl_data\tzdata\Pacific\Kiritimati
2026-08-16 21:11:56.708   Time stamp of our file: 2026-08-16 21:06:04.000
2026-08-16 21:11:56.708   Dest file exists.
2026-08-16 21:11:56.708   Time stamp of existing file: 2026-08-16 21:06:04.000
2026-08-16 21:11:56.709   Installing the file.
2026-08-16 21:11:56.713   Successfully installed the file.
2026-08-16 21:11:56.713   -- File entry --
2026-08-16 21:11:56.713   Dest filename: C:\Users\in15\AppData\Local\DriveBackup\_internal\_tcl_data\tzdata\Pacific\Kosrae
2026-08-16 21:11:56.714   Time stamp of our file: 2026-08-16 21:06:04.000
2026-08-16 21:11:56.714   Dest file exists.
2026-08-16 21:11:56.714   Time stamp of existing file: 2026-08-16 21:06:04.000
2026-08-16 21:11:56.714   Installing the file.
2026-08-16 21:11:56.718   Successfully installed the file.
2026-08-16 21:11:56.718   -- File entry --
2026-08-16 21:11:56.719   Dest filename: C:\Users\in15\AppData\Local\DriveBackup\_internal\_tcl_data\tzdata\Pacific\Kwajalein
2026-08-16 21:11:56.719   Time stamp of our file: 2026-08-16 21:06:04.000
2026-08-16 21:11:56.719   Dest file exists.
2026-08-16 21:11:56.720   Time stamp of existing file: 2026-08-16 21:06:04.000
2026-08-16 21:11:56.720   Installing the file.
2026-08-16 21:11:56.724   Successfully installed the file.
2026-08-16 21:11:56.724   -- File entry --
2026-08-16 21:11:56.724   Dest filename: C:\Users\in15\AppData\Local\DriveBackup\_internal\_tcl_data\tzdata\Pacific\Majuro
2026-08-16 21:11:56.724   Time stamp of our file: 2026-08-16 21:06:04.000
2026-08-16 21:11:56.724   Dest file exists.
2026-08-16 21:11:56.724   Time stamp of existing file: 2026-08-16 21:06:04.000
2026-08-16 21:11:56.724   Installing the file.
2026-08-16 21:11:56.724   Successfully installed the file.
2026-08-16 21:11:56.724   -- File entry --
2026-08-16 21:11:56.730   Dest filename: C:\Users\in15\AppData\Local\DriveBackup\_internal\_tcl_data\tzdata\Pacific\Marquesas
2026-08-16 21:11:56.730   Time stamp of our file: 2026-08-16 21:06:04.000
2026-08-16 21:11:56.730   Dest file exists.
2026-08-16 21:11:56.730   Time stamp of existing file: 2026-08-16 21:06:04.000
2026-08-16 21:11:56.730   Installing the file.
2026-08-16 21:11:56.734   Successfully installed the file.
2026-08-16 21:11:56.734   -- File entry --
2026-08-16 21:11:56.734   Dest filename: C:\Users\in15\AppData\Local\DriveBackup\_internal\_tcl_data\tzdata\Pacific\Midway
2026-08-16 21:11:56.734   Time stamp of our file: 2026-08-16 21:06:04.000
2026-08-16 21:11:56.734   Dest file exists.
2026-08-16 21:11:56.734   Time stamp of existing file: 2026-08-16 21:06:04.000
2026-08-16 21:11:56.735   Installing the file.
2026-08-16 21:11:56.737   Successfully installed the file.
2026-08-16 21:11:56.739   -- File entry --
2026-08-16 21:11:56.739   Dest filename: C:\Users\in15\AppData\Local\DriveBackup\_internal\_tcl_data\tzdata\Pacific\Nauru
2026-08-16 21:11:56.739   Time stamp of our file: 2026-08-16 21:06:04.000
2026-08-16 21:11:56.740   Dest file exists.
2026-08-16 21:11:56.740   Time stamp of existing file: 2026-08-16 21:06:04.000
2026-08-16 21:11:56.740   Installing the file.
2026-08-16 21:11:56.744   Successfully installed the file.
2026-08-16 21:11:56.744   -- File entry --
2026-08-16 21:11:56.744   Dest filename: C:\Users\in15\AppData\Local\DriveBackup\_internal\_tcl_data\tzdata\Pacific\Niue
2026-08-16 21:11:56.745   Time stamp of our file: 2026-08-16 21:06:04.000
2026-08-16 21:11:56.745   Dest file exists.
2026-08-16 21:11:56.745   Time stamp of existing file: 2026-08-16 21:06:04.000
2026-08-16 21:11:56.745   Installing the file.
2026-08-16 21:11:56.749   Successfully installed the file.
2026-08-16 21:11:56.749   -- File entry --
2026-08-16 21:11:56.749   Dest filename: C:\Users\in15\AppData\Local\DriveBackup\_internal\_tcl_data\tzdata\Pacific\Norfolk
2026-08-16 21:11:56.750   Time stamp of our file: 2026-08-16 21:06:04.000
2026-08-16 21:11:56.750   Dest file exists.
2026-08-16 21:11:56.750   Time stamp of existing file: 2026-08-16 21:06:04.000
2026-08-16 21:11:56.750   Installing the file.
2026-08-16 21:11:56.755   Successfully installed the file.
2026-08-16 21:11:56.756   -- File entry --
2026-08-16 21:11:56.756   Dest filename: C:\Users\in15\AppData\Local\DriveBackup\_internal\_tcl_data\tzdata\Pacific\Noumea
2026-08-16 21:11:56.756   Time stamp of our file: 2026-08-16 21:06:04.000
2026-08-16 21:11:56.756   Dest file exists.
2026-08-16 21:11:56.757   Time stamp of existing file: 2026-08-16 21:06:04.000
2026-08-16 21:11:56.757   Installing the file.
2026-08-16 21:11:56.760   Successfully installed the file.
2026-08-16 21:11:56.760   -- File entry --
2026-08-16 21:11:56.760   Dest filename: C:\Users\in15\AppData\Local\DriveBackup\_internal\_tcl_data\tzdata\Pacific\Pago_Pago
2026-08-16 21:11:56.761   Time stamp of our file: 2026-08-16 21:06:04.000
2026-08-16 21:11:56.761   Dest file exists.
2026-08-16 21:11:56.761   Time stamp of existing file: 2026-08-16 21:06:04.000
2026-08-16 21:11:56.761   Installing the file.
2026-08-16 21:11:56.764   Successfully installed the file.
2026-08-16 21:11:56.764   -- File entry --
2026-08-16 21:11:56.765   Dest filename: C:\Users\in15\AppData\Local\DriveBackup\_internal\_tcl_data\tzdata\Pacific\Palau
2026-08-16 21:11:56.765   Time stamp of our file: 2026-08-16 21:06:04.000
2026-08-16 21:11:56.765   Dest file exists.
2026-08-16 21:11:56.765   Time stamp of existing file: 2026-08-16 21:06:04.000
2026-08-16 21:11:56.766   Installing the file.
2026-08-16 21:11:56.769   Successfully installed the file.
2026-08-16 21:11:56.770   -- File entry --
2026-08-16 21:11:56.770   Dest filename: C:\Users\in15\AppData\Local\DriveBackup\_internal\_tcl_data\tzdata\Pacific\Pitcairn
2026-08-16 21:11:56.770   Time stamp of our file: 2026-08-16 21:06:04.000
2026-08-16 21:11:56.770   Dest file exists.
2026-08-16 21:11:56.770   Time stamp of existing file: 2026-08-16 21:06:04.000
2026-08-16 21:11:56.770   Installing the file.
2026-08-16 21:11:56.774   Successfully installed the file.
2026-08-16 21:11:56.774   -- File entry --
2026-08-16 21:11:56.774   Dest filename: C:\Users\in15\AppData\Local\DriveBackup\_internal\_tcl_data\tzdata\Pacific\Pohnpei
2026-08-16 21:11:56.776   Time stamp of our file: 2026-08-16 21:06:04.000
2026-08-16 21:11:56.776   Dest file exists.
2026-08-16 21:11:56.776   Time stamp of existing file: 2026-08-16 21:06:04.000
2026-08-16 21:11:56.776   Installing the file.
2026-08-16 21:11:56.776   Successfully installed the file.
2026-08-16 21:11:56.776   -- File entry --
2026-08-16 21:11:56.776   Dest filename: C:\Users\in15\AppData\Local\DriveBackup\_internal\_tcl_data\tzdata\Pacific\Ponape
2026-08-16 21:11:56.776   Time stamp of our file: 2026-08-16 21:06:04.000
2026-08-16 21:11:56.776   Dest file exists.
2026-08-16 21:11:56.776   Time stamp of existing file: 2026-08-16 21:06:04.000
2026-08-16 21:11:56.776   Installing the file.
2026-08-16 21:11:56.785   Successfully installed the file.
2026-08-16 21:11:56.785   -- File entry --
2026-08-16 21:11:56.788   Dest filename: C:\Users\in15\AppData\Local\DriveBackup\_internal\_tcl_data\tzdata\Pacific\Port_Moresby
2026-08-16 21:11:56.788   Time stamp of our file: 2026-08-16 21:06:04.000
2026-08-16 21:11:56.788   Dest file exists.
2026-08-16 21:11:56.788   Time stamp of existing file: 2026-08-16 21:06:04.000
2026-08-16 21:11:56.788   Installing the file.
2026-08-16 21:11:56.801   Successfully installed the file.
2026-08-16 21:11:56.801   -- File entry --
2026-08-16 21:11:56.801   Dest filename: C:\Users\in15\AppData\Local\DriveBackup\_internal\_tcl_data\tzdata\Pacific\Rarotonga
2026-08-16 21:11:56.801   Time stamp of our file: 2026-08-16 21:06:04.000
2026-08-16 21:11:56.801   Dest file exists.
2026-08-16 21:11:56.801   Time stamp of existing file: 2026-08-16 21:06:04.000
2026-08-16 21:11:56.808   Installing the file.
2026-08-16 21:11:56.818   Successfully installed the file.
2026-08-16 21:11:56.818   -- File entry --
2026-08-16 21:11:56.818   Dest filename: C:\Users\in15\AppData\Local\DriveBackup\_internal\_tcl_data\tzdata\Pacific\Saipan
2026-08-16 21:11:56.819   Time stamp of our file: 2026-08-16 21:06:04.000
2026-08-16 21:11:56.819   Dest file exists.
2026-08-16 21:11:56.819   Time stamp of existing file: 2026-08-16 21:06:04.000
2026-08-16 21:11:56.819   Installing the file.
2026-08-16 21:11:56.841   Successfully installed the file.
2026-08-16 21:11:56.841   -- File entry --
2026-08-16 21:11:56.841   Dest filename: C:\Users\in15\AppData\Local\DriveBackup\_internal\_tcl_data\tzdata\Pacific\Samoa
2026-08-16 21:11:56.841   Time stamp of our file: 2026-08-16 21:06:04.000
2026-08-16 21:11:56.841   Dest file exists.
2026-08-16 21:11:56.841   Time stamp of existing file: 2026-08-16 21:06:04.000
2026-08-16 21:11:56.841   Installing the file.
2026-08-16 21:11:56.861   Successfully installed the file.
2026-08-16 21:11:56.861   -- File entry --
2026-08-16 21:11:56.861   Dest filename: C:\Users\in15\AppData\Local\DriveBackup\_internal\_tcl_data\tzdata\Pacific\Tahiti
2026-08-16 21:11:56.863   Time stamp of our file: 2026-08-16 21:06:04.000
2026-08-16 21:11:56.863   Dest file exists.
2026-08-16 21:11:56.863   Time stamp of existing file: 2026-08-16 21:06:04.000
2026-08-16 21:11:56.863   Installing the file.
2026-08-16 21:11:56.871   Successfully installed the file.
2026-08-16 21:11:56.871   -- File entry --
2026-08-16 21:11:56.873   Dest filename: C:\Users\in15\AppData\Local\DriveBackup\_internal\_tcl_data\tzdata\Pacific\Tarawa
2026-08-16 21:11:56.873   Time stamp of our file: 2026-08-16 21:06:04.000
2026-08-16 21:11:56.873   Dest file exists.
2026-08-16 21:11:56.873   Time stamp of existing file: 2026-08-16 21:06:04.000
2026-08-16 21:11:56.873   Installing the file.
2026-08-16 21:11:56.877   Successfully installed the file.
2026-08-16 21:11:56.877   -- File entry --
2026-08-16 21:11:56.877   Dest filename: C:\Users\in15\AppData\Local\DriveBackup\_internal\_tcl_data\tzdata\Pacific\Tongatapu
2026-08-16 21:11:56.879   Time stamp of our file: 2026-08-16 21:06:04.000
2026-08-16 21:11:56.879   Dest file exists.
2026-08-16 21:11:56.879   Time stamp of existing file: 2026-08-16 21:06:04.000
2026-08-16 21:11:56.879   Installing the file.
2026-08-16 21:11:56.887   Successfully installed the file.
2026-08-16 21:11:56.887   -- File entry --
2026-08-16 21:11:56.887   Dest filename: C:\Users\in15\AppData\Local\DriveBackup\_internal\_tcl_data\tzdata\Pacific\Truk
2026-08-16 21:11:56.887   Time stamp of our file: 2026-08-16 21:06:04.000
2026-08-16 21:11:56.887   Dest file exists.
2026-08-16 21:11:56.889   Time stamp of existing file: 2026-08-16 21:06:04.000
2026-08-16 21:11:56.889   Installing the file.
2026-08-16 21:11:56.895   Successfully installed the file.
2026-08-16 21:11:56.895   -- File entry --
2026-08-16 21:11:56.899   Dest filename: C:\Users\in15\AppData\Local\DriveBackup\_internal\_tcl_data\tzdata\Pacific\Wake
2026-08-16 21:11:56.899   Time stamp of our file: 2026-08-16 21:06:04.000
2026-08-16 21:11:56.899   Dest file exists.
2026-08-16 21:11:56.899   Time stamp of existing file: 2026-08-16 21:06:04.000
2026-08-16 21:11:56.899   Installing the file.
2026-08-16 21:11:56.905   Successfully installed the file.
2026-08-16 21:11:56.905   -- File entry --
2026-08-16 21:11:56.906   Dest filename: C:\Users\in15\AppData\Local\DriveBackup\_internal\_tcl_data\tzdata\Pacific\Wallis
2026-08-16 21:11:56.906   Time stamp of our file: 2026-08-16 21:06:04.000
2026-08-16 21:11:56.906   Dest file exists.
2026-08-16 21:11:56.907   Time stamp of existing file: 2026-08-16 21:06:04.000
2026-08-16 21:11:56.907   Installing the file.
2026-08-16 21:11:56.911   Successfully installed the file.
2026-08-16 21:11:56.911   -- File entry --
2026-08-16 21:11:56.912   Dest filename: C:\Users\in15\AppData\Local\DriveBackup\_internal\_tcl_data\tzdata\Pacific\Yap
2026-08-16 21:11:56.912   Time stamp of our file: 2026-08-16 21:06:04.000
2026-08-16 21:11:56.912   Dest file exists.
2026-08-16 21:11:56.913   Time stamp of existing file: 2026-08-16 21:06:04.000
2026-08-16 21:11:56.913   Installing the file.
2026-08-16 21:11:56.917   Successfully installed the file.
2026-08-16 21:11:56.917   -- File entry --
2026-08-16 21:11:56.917   Dest filename: C:\Users\in15\AppData\Local\DriveBackup\_internal\_tcl_data\tzdata\SystemV\AST4
2026-08-16 21:11:56.918   Time stamp of our file: 2026-08-16 21:06:04.000
2026-08-16 21:11:56.918   Dest file exists.
2026-08-16 21:11:56.918   Time stamp of existing file: 2026-08-16 21:06:04.000
2026-08-16 21:11:56.918   Installing the file.
2026-08-16 21:11:56.922   Successfully installed the file.
2026-08-16 21:11:56.922   -- File entry --
2026-08-16 21:11:56.922   Dest filename: C:\Users\in15\AppData\Local\DriveBackup\_internal\_tcl_data\tzdata\SystemV\AST4ADT
2026-08-16 21:11:56.923   Time stamp of our file: 2026-08-16 21:06:04.000
2026-08-16 21:11:56.923   Dest file exists.
2026-08-16 21:11:56.923   Time stamp of existing file: 2026-08-16 21:06:04.000
2026-08-16 21:11:56.923   Installing the file.
2026-08-16 21:11:56.927   Successfully installed the file.
2026-08-16 21:11:56.927   -- File entry --
2026-08-16 21:11:56.928   Dest filename: C:\Users\in15\AppData\Local\DriveBackup\_internal\_tcl_data\tzdata\SystemV\CST6
2026-08-16 21:11:56.928   Time stamp of our file: 2026-08-16 21:06:04.000
2026-08-16 21:11:56.928   Dest file exists.
2026-08-16 21:11:56.928   Time stamp of existing file: 2026-08-16 21:06:04.000
2026-08-16 21:11:56.929   Installing the file.
2026-08-16 21:11:56.933   Successfully installed the file.
2026-08-16 21:11:56.933   -- File entry --
2026-08-16 21:11:56.933   Dest filename: C:\Users\in15\AppData\Local\DriveBackup\_internal\_tcl_data\tzdata\SystemV\CST6CDT
2026-08-16 21:11:56.934   Time stamp of our file: 2026-08-16 21:06:04.000
2026-08-16 21:11:56.934   Dest file exists.
2026-08-16 21:11:56.934   Time stamp of existing file: 2026-08-16 21:06:04.000
2026-08-16 21:11:56.934   Installing the file.
2026-08-16 21:11:56.939   Successfully installed the file.
2026-08-16 21:11:56.939   -- File entry --
2026-08-16 21:11:56.940   Dest filename: C:\Users\in15\AppData\Local\DriveBackup\_internal\_tcl_data\tzdata\SystemV\EST5
2026-08-16 21:11:56.940   Time stamp of our file: 2026-08-16 21:06:04.000
2026-08-16 21:11:56.940   Dest file exists.
2026-08-16 21:11:56.940   Time stamp of existing file: 2026-08-16 21:06:04.000
2026-08-16 21:11:56.940   Installing the file.
2026-08-16 21:11:56.940   Successfully installed the file.
2026-08-16 21:11:56.940   -- File entry --
2026-08-16 21:11:56.940   Dest filename: C:\Users\in15\AppData\Local\DriveBackup\_internal\_tcl_data\tzdata\SystemV\EST5EDT
2026-08-16 21:11:56.940   Time stamp of our file: 2026-08-16 21:06:04.000
2026-08-16 21:11:56.940   Dest file exists.
2026-08-16 21:11:56.940   Time stamp of existing file: 2026-08-16 21:06:04.000
2026-08-16 21:11:56.940   Installing the file.
2026-08-16 21:11:56.946   Successfully installed the file.
2026-08-16 21:11:56.946   -- File entry --
2026-08-16 21:11:56.946   Dest filename: C:\Users\in15\AppData\Local\DriveBackup\_internal\_tcl_data\tzdata\SystemV\HST10
2026-08-16 21:11:56.946   Time stamp of our file: 2026-08-16 21:06:04.000
2026-08-16 21:11:56.946   Dest file exists.
2026-08-16 21:11:56.952   Time stamp of existing file: 2026-08-16 21:06:04.000
2026-08-16 21:11:56.952   Installing the file.
2026-08-16 21:11:56.960   Successfully installed the file.
2026-08-16 21:11:56.960   -- File entry --
2026-08-16 21:11:56.960   Dest filename: C:\Users\in15\AppData\Local\DriveBackup\_internal\_tcl_data\tzdata\SystemV\MST7
2026-08-16 21:11:56.960   Time stamp of our file: 2026-08-16 21:06:04.000
2026-08-16 21:11:56.960   Dest file exists.
2026-08-16 21:11:56.960   Time stamp of existing file: 2026-08-16 21:06:04.000
2026-08-16 21:11:56.962   Installing the file.
2026-08-16 21:11:56.967   Successfully installed the file.
2026-08-16 21:11:56.967   -- File entry --
2026-08-16 21:11:56.967   Dest filename: C:\Users\in15\AppData\Local\DriveBackup\_internal\_tcl_data\tzdata\SystemV\MST7MDT
2026-08-16 21:11:56.967   Time stamp of our file: 2026-08-16 21:06:04.000
2026-08-16 21:11:56.967   Dest file exists.
2026-08-16 21:11:56.967   Time stamp of existing file: 2026-08-16 21:06:04.000
2026-08-16 21:11:56.967   Installing the file.
2026-08-16 21:11:56.977   Successfully installed the file.
2026-08-16 21:11:56.977   -- File entry --
2026-08-16 21:11:56.979   Dest filename: C:\Users\in15\AppData\Local\DriveBackup\_internal\_tcl_data\tzdata\SystemV\PST8
2026-08-16 21:11:56.979   Time stamp of our file: 2026-08-16 21:06:04.000
2026-08-16 21:11:56.979   Dest file exists.
2026-08-16 21:11:56.979   Time stamp of existing file: 2026-08-16 21:06:04.000
2026-08-16 21:11:56.980   Installing the file.
2026-08-16 21:11:56.987   Successfully installed the file.
2026-08-16 21:11:56.988   -- File entry --
2026-08-16 21:11:56.988   Dest filename: C:\Users\in15\AppData\Local\DriveBackup\_internal\_tcl_data\tzdata\SystemV\PST8PDT
2026-08-16 21:11:56.988   Time stamp of our file: 2026-08-16 21:06:04.000
2026-08-16 21:11:56.988   Dest file exists.
2026-08-16 21:11:56.989   Time stamp of existing file: 2026-08-16 21:06:04.000
2026-08-16 21:11:56.989   Installing the file.
2026-08-16 21:11:56.996   Successfully installed the file.
2026-08-16 21:11:56.996   -- File entry --
2026-08-16 21:11:56.996   Dest filename: C:\Users\in15\AppData\Local\DriveBackup\_internal\_tcl_data\tzdata\SystemV\YST9
2026-08-16 21:11:56.997   Time stamp of our file: 2026-08-16 21:06:04.000
2026-08-16 21:11:56.997   Dest file exists.
2026-08-16 21:11:56.997   Time stamp of existing file: 2026-08-16 21:06:04.000
2026-08-16 21:11:56.997   Installing the file.
2026-08-16 21:11:57.001   Successfully installed the file.
2026-08-16 21:11:57.001   -- File entry --
2026-08-16 21:11:57.002   Dest filename: C:\Users\in15\AppData\Local\DriveBackup\_internal\_tcl_data\tzdata\SystemV\YST9YDT
2026-08-16 21:11:57.002   Time stamp of our file: 2026-08-16 21:06:04.000
2026-08-16 21:11:57.002   Dest file exists.
2026-08-16 21:11:57.002   Time stamp of existing file: 2026-08-16 21:06:04.000
2026-08-16 21:11:57.003   Installing the file.
2026-08-16 21:11:57.010   Successfully installed the file.
2026-08-16 21:11:57.010   -- File entry --
2026-08-16 21:11:57.010   Dest filename: C:\Users\in15\AppData\Local\DriveBackup\_internal\_tcl_data\tzdata\US\Alaska
2026-08-16 21:11:57.010   Time stamp of our file: 2026-08-16 21:06:04.000
2026-08-16 21:11:57.010   Dest file exists.
2026-08-16 21:11:57.010   Time stamp of existing file: 2026-08-16 21:06:04.000
2026-08-16 21:11:57.012   Installing the file.
2026-08-16 21:11:57.014   Successfully installed the file.
2026-08-16 21:11:57.016   -- File entry --
2026-08-16 21:11:57.016   Dest filename: C:\Users\in15\AppData\Local\DriveBackup\_internal\_tcl_data\tzdata\US\Aleutian
2026-08-16 21:11:57.016   Time stamp of our file: 2026-08-16 21:06:04.000
2026-08-16 21:11:57.016   Dest file exists.
2026-08-16 21:11:57.018   Time stamp of existing file: 2026-08-16 21:06:04.000
2026-08-16 21:11:57.018   Installing the file.
2026-08-16 21:11:57.027   Successfully installed the file.
2026-08-16 21:11:57.027   -- File entry --
2026-08-16 21:11:57.027   Dest filename: C:\Users\in15\AppData\Local\DriveBackup\_internal\_tcl_data\tzdata\US\Arizona
2026-08-16 21:11:57.027   Time stamp of our file: 2026-08-16 21:06:04.000
2026-08-16 21:11:57.027   Dest file exists.
2026-08-16 21:11:57.029   Time stamp of existing file: 2026-08-16 21:06:04.000
2026-08-16 21:11:57.029   Installing the file.
2026-08-16 21:11:57.033   Successfully installed the file.
2026-08-16 21:11:57.033   -- File entry --
2026-08-16 21:11:57.033   Dest filename: C:\Users\in15\AppData\Local\DriveBackup\_internal\_tcl_data\tzdata\US\Central
2026-08-16 21:11:57.035   Time stamp of our file: 2026-08-16 21:06:04.000
2026-08-16 21:11:57.035   Dest file exists.
2026-08-16 21:11:57.035   Time stamp of existing file: 2026-08-16 21:06:04.000
2026-08-16 21:11:57.036   Installing the file.
2026-08-16 21:11:57.040   Successfully installed the file.
2026-08-16 21:11:57.040   -- File entry --
2026-08-16 21:11:57.040   Dest filename: C:\Users\in15\AppData\Local\DriveBackup\_internal\_tcl_data\tzdata\US\East-Indiana
2026-08-16 21:11:57.040   Time stamp of our file: 2026-08-16 21:06:04.000
2026-08-16 21:11:57.040   Dest file exists.
2026-08-16 21:11:57.040   Time stamp of existing file: 2026-08-16 21:06:04.000
2026-08-16 21:11:57.040   Installing the file.
2026-08-16 21:11:57.047   Successfully installed the file.
2026-08-16 21:11:57.047   -- File entry --
2026-08-16 21:11:57.047   Dest filename: C:\Users\in15\AppData\Local\DriveBackup\_internal\_tcl_data\tzdata\US\Eastern
2026-08-16 21:11:57.047   Time stamp of our file: 2026-08-16 21:06:04.000
2026-08-16 21:11:57.047   Dest file exists.
2026-08-16 21:11:57.047   Time stamp of existing file: 2026-08-16 21:06:04.000
2026-08-16 21:11:57.049   Installing the file.
2026-08-16 21:11:57.052   Successfully installed the file.
2026-08-16 21:11:57.053   -- File entry --
2026-08-16 21:11:57.053   Dest filename: C:\Users\in15\AppData\Local\DriveBackup\_internal\_tcl_data\tzdata\US\Hawaii
2026-08-16 21:11:57.054   Time stamp of our file: 2026-08-16 21:06:04.000
2026-08-16 21:11:57.054   Dest file exists.
2026-08-16 21:11:57.054   Time stamp of existing file: 2026-08-16 21:06:04.000
2026-08-16 21:11:57.054   Installing the file.
2026-08-16 21:11:57.058   Successfully installed the file.
2026-08-16 21:11:57.058   -- File entry --
2026-08-16 21:11:57.059   Dest filename: C:\Users\in15\AppData\Local\DriveBackup\_internal\_tcl_data\tzdata\US\Indiana-Starke
2026-08-16 21:11:57.060   Time stamp of our file: 2026-08-16 21:06:04.000
2026-08-16 21:11:57.060   Dest file exists.
2026-08-16 21:11:57.060   Time stamp of existing file: 2026-08-16 21:06:04.000
2026-08-16 21:11:57.060   Installing the file.
2026-08-16 21:11:57.064   Successfully installed the file.
2026-08-16 21:11:57.064   -- File entry --
2026-08-16 21:11:57.064   Dest filename: C:\Users\in15\AppData\Local\DriveBackup\_internal\_tcl_data\tzdata\US\Michigan
2026-08-16 21:11:57.065   Time stamp of our file: 2026-08-16 21:06:04.000
2026-08-16 21:11:57.065   Dest file exists.
2026-08-16 21:11:57.065   Time stamp of existing file: 2026-08-16 21:06:04.000
2026-08-16 21:11:57.065   Installing the file.
2026-08-16 21:11:57.073   Successfully installed the file.
2026-08-16 21:11:57.073   -- File entry --
2026-08-16 21:11:57.073   Dest filename: C:\Users\in15\AppData\Local\DriveBackup\_internal\_tcl_data\tzdata\US\Mountain
2026-08-16 21:11:57.074   Time stamp of our file: 2026-08-16 21:06:04.000
2026-08-16 21:11:57.074   Dest file exists.
2026-08-16 21:11:57.074   Time stamp of existing file: 2026-08-16 21:06:04.000
2026-08-16 21:11:57.074   Installing the file.
2026-08-16 21:11:57.079   Successfully installed the file.
2026-08-16 21:11:57.079   -- File entry --
2026-08-16 21:11:57.079   Dest filename: C:\Users\in15\AppData\Local\DriveBackup\_internal\_tcl_data\tzdata\US\Pacific
2026-08-16 21:11:57.079   Time stamp of our file: 2026-08-16 21:06:04.000
2026-08-16 21:11:57.079   Dest file exists.
2026-08-16 21:11:57.079   Time stamp of existing file: 2026-08-16 21:06:04.000
2026-08-16 21:11:57.079   Installing the file.
2026-08-16 21:11:57.084   Successfully installed the file.
2026-08-16 21:11:57.085   -- File entry --
2026-08-16 21:11:57.085   Dest filename: C:\Users\in15\AppData\Local\DriveBackup\_internal\_tcl_data\tzdata\US\Samoa
2026-08-16 21:11:57.085   Time stamp of our file: 2026-08-16 21:06:04.000
2026-08-16 21:11:57.085   Dest file exists.
2026-08-16 21:11:57.085   Time stamp of existing file: 2026-08-16 21:06:04.000
2026-08-16 21:11:57.085   Installing the file.
2026-08-16 21:11:57.094   Successfully installed the file.
2026-08-16 21:11:57.095   -- File entry --
2026-08-16 21:11:57.095   Dest filename: C:\Users\in15\AppData\Local\DriveBackup\_internal\_tk_data\bgerror.tcl
2026-08-16 21:11:57.095   Time stamp of our file: 2026-08-16 21:06:04.000
2026-08-16 21:11:57.095   Dest file exists.
2026-08-16 21:11:57.096   Time stamp of existing file: 2026-08-16 21:06:04.000
2026-08-16 21:11:57.096   Installing the file.
2026-08-16 21:11:57.109   Successfully installed the file.
2026-08-16 21:11:57.109   -- File entry --
2026-08-16 21:11:57.109   Dest filename: C:\Users\in15\AppData\Local\DriveBackup\_internal\_tk_data\button.tcl
2026-08-16 21:11:57.110   Time stamp of our file: 2026-08-16 21:06:04.000
2026-08-16 21:11:57.110   Dest file exists.
2026-08-16 21:11:57.110   Time stamp of existing file: 2026-08-16 21:06:04.000
2026-08-16 21:11:57.113   Installing the file.
2026-08-16 21:11:57.121   Successfully installed the file.
2026-08-16 21:11:57.121   -- File entry --
2026-08-16 21:11:57.123   Dest filename: C:\Users\in15\AppData\Local\DriveBackup\_internal\_tk_data\choosedir.tcl
2026-08-16 21:11:57.123   Time stamp of our file: 2026-08-16 21:06:04.000
2026-08-16 21:11:57.123   Dest file exists.
2026-08-16 21:11:57.125   Time stamp of existing file: 2026-08-16 21:06:04.000
2026-08-16 21:11:57.125   Installing the file.
2026-08-16 21:11:57.130   Successfully installed the file.
2026-08-16 21:11:57.130   -- File entry --
2026-08-16 21:11:57.132   Dest filename: C:\Users\in15\AppData\Local\DriveBackup\_internal\_tk_data\clrpick.tcl
2026-08-16 21:11:57.132   Time stamp of our file: 2026-08-16 21:06:04.000
2026-08-16 21:11:57.132   Dest file exists.
2026-08-16 21:11:57.132   Time stamp of existing file: 2026-08-16 21:06:04.000
2026-08-16 21:11:57.133   Installing the file.
2026-08-16 21:11:57.139   Successfully installed the file.
2026-08-16 21:11:57.139   -- File entry --
2026-08-16 21:11:57.141   Dest filename: C:\Users\in15\AppData\Local\DriveBackup\_internal\_tk_data\comdlg.tcl
2026-08-16 21:11:57.141   Time stamp of our file: 2026-08-16 21:06:04.000
2026-08-16 21:11:57.141   Dest file exists.
2026-08-16 21:11:57.142   Time stamp of existing file: 2026-08-16 21:06:04.000
2026-08-16 21:11:57.142   Installing the file.
2026-08-16 21:11:57.148   Successfully installed the file.
2026-08-16 21:11:57.154   -- File entry --
2026-08-16 21:11:57.155   Dest filename: C:\Users\in15\AppData\Local\DriveBackup\_internal\_tk_data\console.tcl
2026-08-16 21:11:57.155   Time stamp of our file: 2026-08-16 21:06:04.000
2026-08-16 21:11:57.155   Dest file exists.
2026-08-16 21:11:57.155   Time stamp of existing file: 2026-08-16 21:06:04.000
2026-08-16 21:11:57.155   Installing the file.
2026-08-16 21:11:57.166   Successfully installed the file.
2026-08-16 21:11:57.166   -- File entry --
2026-08-16 21:11:57.166   Dest filename: C:\Users\in15\AppData\Local\DriveBackup\_internal\_tk_data\dialog.tcl
2026-08-16 21:11:57.167   Time stamp of our file: 2026-08-16 21:06:04.000
2026-08-16 21:11:57.167   Dest file exists.
2026-08-16 21:11:57.168   Time stamp of existing file: 2026-08-16 21:06:04.000
2026-08-16 21:11:57.168   Installing the file.
2026-08-16 21:11:57.187   Successfully installed the file.
2026-08-16 21:11:57.187   -- File entry --
2026-08-16 21:11:57.188   Dest filename: C:\Users\in15\AppData\Local\DriveBackup\_internal\_tk_data\entry.tcl
2026-08-16 21:11:57.188   Time stamp of our file: 2026-08-16 21:06:04.000
2026-08-16 21:11:57.188   Dest file exists.
2026-08-16 21:11:57.189   Time stamp of existing file: 2026-08-16 21:06:04.000
2026-08-16 21:11:57.189   Installing the file.
2026-08-16 21:11:57.197   Successfully installed the file.
2026-08-16 21:11:57.197   -- File entry --
2026-08-16 21:11:57.197   Dest filename: C:\Users\in15\AppData\Local\DriveBackup\_internal\_tk_data\focus.tcl
2026-08-16 21:11:57.198   Time stamp of our file: 2026-08-16 21:06:04.000
2026-08-16 21:11:57.198   Dest file exists.
2026-08-16 21:11:57.198   Time stamp of existing file: 2026-08-16 21:06:04.000
2026-08-16 21:11:57.198   Installing the file.
2026-08-16 21:11:57.204   Successfully installed the file.
2026-08-16 21:11:57.204   -- File entry --
2026-08-16 21:11:57.205   Dest filename: C:\Users\in15\AppData\Local\DriveBackup\_internal\_tk_data\fontchooser.tcl
2026-08-16 21:11:57.205   Time stamp of our file: 2026-08-16 21:06:04.000
2026-08-16 21:11:57.205   Dest file exists.
2026-08-16 21:11:57.206   Time stamp of existing file: 2026-08-16 21:06:04.000
2026-08-16 21:11:57.206   Installing the file.
2026-08-16 21:11:57.211   Successfully installed the file.
2026-08-16 21:11:57.212   -- File entry --
2026-08-16 21:11:57.212   Dest filename: C:\Users\in15\AppData\Local\DriveBackup\_internal\_tk_data\iconlist.tcl
2026-08-16 21:11:57.213   Time stamp of our file: 2026-08-16 21:06:04.000
2026-08-16 21:11:57.213   Dest file exists.
2026-08-16 21:11:57.213   Time stamp of existing file: 2026-08-16 21:06:04.000
2026-08-16 21:11:57.213   Installing the file.
2026-08-16 21:11:57.218   Successfully installed the file.
2026-08-16 21:11:57.218   -- File entry --
2026-08-16 21:11:57.219   Dest filename: C:\Users\in15\AppData\Local\DriveBackup\_internal\_tk_data\icons.tcl
2026-08-16 21:11:57.219   Time stamp of our file: 2026-08-16 21:06:04.000
2026-08-16 21:11:57.219   Dest file exists.
2026-08-16 21:11:57.220   Time stamp of existing file: 2026-08-16 21:06:04.000
2026-08-16 21:11:57.220   Installing the file.
2026-08-16 21:11:57.226   Successfully installed the file.
2026-08-16 21:11:57.226   -- File entry --
2026-08-16 21:11:57.226   Dest filename: C:\Users\in15\AppData\Local\DriveBackup\_internal\_tk_data\license.terms
2026-08-16 21:11:57.226   Time stamp of our file: 2026-08-16 21:06:04.000
2026-08-16 21:11:57.226   Dest file exists.
2026-08-16 21:11:57.226   Time stamp of existing file: 2026-08-16 21:06:04.000
2026-08-16 21:11:57.228   Installing the file.
2026-08-16 21:11:57.232   Successfully installed the file.
2026-08-16 21:11:57.234   -- File entry --
2026-08-16 21:11:57.234   Dest filename: C:\Users\in15\AppData\Local\DriveBackup\_internal\_tk_data\listbox.tcl
2026-08-16 21:11:57.234   Time stamp of our file: 2026-08-16 21:06:04.000
2026-08-16 21:11:57.235   Dest file exists.
2026-08-16 21:11:57.235   Time stamp of existing file: 2026-08-16 21:06:04.000
2026-08-16 21:11:57.235   Installing the file.
2026-08-16 21:11:57.244   Successfully installed the file.
2026-08-16 21:11:57.244   -- File entry --
2026-08-16 21:11:57.244   Dest filename: C:\Users\in15\AppData\Local\DriveBackup\_internal\_tk_data\megawidget.tcl
2026-08-16 21:11:57.246   Time stamp of our file: 2026-08-16 21:06:04.000
2026-08-16 21:11:57.246   Dest file exists.
2026-08-16 21:11:57.246   Time stamp of existing file: 2026-08-16 21:06:04.000
2026-08-16 21:11:57.246   Installing the file.
2026-08-16 21:11:57.251   Successfully installed the file.
2026-08-16 21:11:57.251   -- File entry --
2026-08-16 21:11:57.253   Dest filename: C:\Users\in15\AppData\Local\DriveBackup\_internal\_tk_data\menu.tcl
2026-08-16 21:11:57.254   Time stamp of our file: 2026-08-16 21:06:04.000
2026-08-16 21:11:57.254   Dest file exists.
2026-08-16 21:11:57.254   Time stamp of existing file: 2026-08-16 21:06:04.000
2026-08-16 21:11:57.254   Installing the file.
2026-08-16 21:11:57.261   Successfully installed the file.
2026-08-16 21:11:57.261   -- File entry --
2026-08-16 21:11:57.264   Dest filename: C:\Users\in15\AppData\Local\DriveBackup\_internal\_tk_data\mkpsenc.tcl
2026-08-16 21:11:57.264   Time stamp of our file: 2026-08-16 21:06:04.000
2026-08-16 21:11:57.264   Dest file exists.
2026-08-16 21:11:57.265   Time stamp of existing file: 2026-08-16 21:06:04.000
2026-08-16 21:11:57.265   Installing the file.
2026-08-16 21:11:57.272   Successfully installed the file.
2026-08-16 21:11:57.273   -- File entry --
2026-08-16 21:11:57.273   Dest filename: C:\Users\in15\AppData\Local\DriveBackup\_internal\_tk_data\msgbox.tcl
2026-08-16 21:11:57.274   Time stamp of our file: 2026-08-16 21:06:04.000
2026-08-16 21:11:57.274   Dest file exists.
2026-08-16 21:11:57.274   Time stamp of existing file: 2026-08-16 21:06:04.000
2026-08-16 21:11:57.274   Installing the file.
2026-08-16 21:11:57.284   Successfully installed the file.
2026-08-16 21:11:57.284   -- File entry --
2026-08-16 21:11:57.284   Dest filename: C:\Users\in15\AppData\Local\DriveBackup\_internal\_tk_data\obsolete.tcl
2026-08-16 21:11:57.286   Time stamp of our file: 2026-08-16 21:06:04.000
2026-08-16 21:11:57.286   Dest file exists.
2026-08-16 21:11:57.286   Time stamp of existing file: 2026-08-16 21:06:04.000
2026-08-16 21:11:57.286   Installing the file.
2026-08-16 21:11:57.294   Successfully installed the file.
2026-08-16 21:11:57.294   -- File entry --
2026-08-16 21:11:57.294   Dest filename: C:\Users\in15\AppData\Local\DriveBackup\_internal\_tk_data\optMenu.tcl
2026-08-16 21:11:57.295   Time stamp of our file: 2026-08-16 21:06:04.000
2026-08-16 21:11:57.295   Dest file exists.
2026-08-16 21:11:57.295   Time stamp of existing file: 2026-08-16 21:06:04.000
2026-08-16 21:11:57.295   Installing the file.
2026-08-16 21:11:57.301   Successfully installed the file.
2026-08-16 21:11:57.301   -- File entry --
2026-08-16 21:11:57.303   Dest filename: C:\Users\in15\AppData\Local\DriveBackup\_internal\_tk_data\palette.tcl
2026-08-16 21:11:57.303   Time stamp of our file: 2026-08-16 21:06:04.000
2026-08-16 21:11:57.303   Dest file exists.
2026-08-16 21:11:57.307   Time stamp of existing file: 2026-08-16 21:06:04.000
2026-08-16 21:11:57.307   Installing the file.
2026-08-16 21:11:57.313   Successfully installed the file.
2026-08-16 21:11:57.313   -- File entry --
2026-08-16 21:11:57.313   Dest filename: C:\Users\in15\AppData\Local\DriveBackup\_internal\_tk_data\panedwindow.tcl
2026-08-16 21:11:57.315   Time stamp of our file: 2026-08-16 21:06:04.000
2026-08-16 21:11:57.315   Dest file exists.
2026-08-16 21:11:57.317   Time stamp of existing file: 2026-08-16 21:06:04.000
2026-08-16 21:11:57.317   Installing the file.
2026-08-16 21:11:57.325   Successfully installed the file.
2026-08-16 21:11:57.326   -- File entry --
2026-08-16 21:11:57.326   Dest filename: C:\Users\in15\AppData\Local\DriveBackup\_internal\_tk_data\pkgIndex.tcl
2026-08-16 21:11:57.327   Time stamp of our file: 2026-08-16 21:06:04.000
2026-08-16 21:11:57.327   Dest file exists.
2026-08-16 21:11:57.327   Time stamp of existing file: 2026-08-16 21:06:04.000
2026-08-16 21:11:57.327   Installing the file.
2026-08-16 21:11:57.332   Successfully installed the file.
2026-08-16 21:11:57.332   -- File entry --
2026-08-16 21:11:57.333   Dest filename: C:\Users\in15\AppData\Local\DriveBackup\_internal\_tk_data\safetk.tcl
2026-08-16 21:11:57.334   Time stamp of our file: 2026-08-16 21:06:04.000
2026-08-16 21:11:57.334   Dest file exists.
2026-08-16 21:11:57.334   Time stamp of existing file: 2026-08-16 21:06:04.000
2026-08-16 21:11:57.334   Installing the file.
2026-08-16 21:11:57.343   Successfully installed the file.
2026-08-16 21:11:57.344   -- File entry --
2026-08-16 21:11:57.345   Dest filename: C:\Users\in15\AppData\Local\DriveBackup\_internal\_tk_data\scale.tcl
2026-08-16 21:11:57.355   Time stamp of our file: 2026-08-16 21:06:04.000
2026-08-16 21:11:57.355   Dest file exists.
2026-08-16 21:11:57.355   Time stamp of existing file: 2026-08-16 21:06:04.000
2026-08-16 21:11:57.355   Installing the file.
2026-08-16 21:11:57.368   Successfully installed the file.
2026-08-16 21:11:57.372   -- File entry --
2026-08-16 21:11:57.372   Dest filename: C:\Users\in15\AppData\Local\DriveBackup\_internal\_tk_data\scrlbar.tcl
2026-08-16 21:11:57.372   Time stamp of our file: 2026-08-16 21:06:04.000
2026-08-16 21:11:57.372   Dest file exists.
2026-08-16 21:11:57.372   Time stamp of existing file: 2026-08-16 21:06:04.000
2026-08-16 21:11:57.372   Installing the file.
2026-08-16 21:11:57.379   Successfully installed the file.
2026-08-16 21:11:57.381   -- File entry --
2026-08-16 21:11:57.382   Dest filename: C:\Users\in15\AppData\Local\DriveBackup\_internal\_tk_data\spinbox.tcl
2026-08-16 21:11:57.382   Time stamp of our file: 2026-08-16 21:06:04.000
2026-08-16 21:11:57.382   Dest file exists.
2026-08-16 21:11:57.382   Time stamp of existing file: 2026-08-16 21:06:04.000
2026-08-16 21:11:57.382   Installing the file.
2026-08-16 21:11:57.411   Successfully installed the file.
2026-08-16 21:11:57.411   -- File entry --
2026-08-16 21:11:57.411   Dest filename: C:\Users\in15\AppData\Local\DriveBackup\_internal\_tk_data\tclIndex
2026-08-16 21:11:57.411   Time stamp of our file: 2026-08-16 21:06:04.000
2026-08-16 21:11:57.411   Dest file exists.
2026-08-16 21:11:57.413   Time stamp of existing file: 2026-08-16 21:06:04.000
2026-08-16 21:11:57.413   Installing the file.
2026-08-16 21:11:57.427   Successfully installed the file.
2026-08-16 21:11:57.427   -- File entry --
2026-08-16 21:11:57.428   Dest filename: C:\Users\in15\AppData\Local\DriveBackup\_internal\_tk_data\tearoff.tcl
2026-08-16 21:11:57.430   Time stamp of our file: 2026-08-16 21:06:04.000
2026-08-16 21:11:57.430   Dest file exists.
2026-08-16 21:11:57.430   Time stamp of existing file: 2026-08-16 21:06:04.000
2026-08-16 21:11:57.431   Installing the file.
2026-08-16 21:11:57.435   Successfully installed the file.
2026-08-16 21:11:57.435   -- File entry --
2026-08-16 21:11:57.435   Dest filename: C:\Users\in15\AppData\Local\DriveBackup\_internal\_tk_data\text.tcl
2026-08-16 21:11:57.436   Time stamp of our file: 2026-08-16 21:06:04.000
2026-08-16 21:11:57.436   Dest file exists.
2026-08-16 21:11:57.436   Time stamp of existing file: 2026-08-16 21:06:04.000
2026-08-16 21:11:57.437   Installing the file.
2026-08-16 21:11:57.445   Successfully installed the file.
2026-08-16 21:11:57.445   -- File entry --
2026-08-16 21:11:57.446   Dest filename: C:\Users\in15\AppData\Local\DriveBackup\_internal\_tk_data\tk.tcl
2026-08-16 21:11:57.447   Time stamp of our file: 2026-08-16 21:06:04.000
2026-08-16 21:11:57.447   Dest file exists.
2026-08-16 21:11:57.447   Time stamp of existing file: 2026-08-16 21:06:04.000
2026-08-16 21:11:57.447   Installing the file.
2026-08-16 21:11:57.456   Successfully installed the file.
2026-08-16 21:11:57.456   -- File entry --
2026-08-16 21:11:57.456   Dest filename: C:\Users\in15\AppData\Local\DriveBackup\_internal\_tk_data\tkfbox.tcl
2026-08-16 21:11:57.457   Time stamp of our file: 2026-08-16 21:06:04.000
2026-08-16 21:11:57.457   Dest file exists.
2026-08-16 21:11:57.459   Time stamp of existing file: 2026-08-16 21:06:04.000
2026-08-16 21:11:57.459   Installing the file.
2026-08-16 21:11:57.468   Successfully installed the file.
2026-08-16 21:11:57.468   -- File entry --
2026-08-16 21:11:57.468   Dest filename: C:\Users\in15\AppData\Local\DriveBackup\_internal\_tk_data\unsupported.tcl
2026-08-16 21:11:57.469   Time stamp of our file: 2026-08-16 21:06:04.000
2026-08-16 21:11:57.469   Dest file exists.
2026-08-16 21:11:57.470   Time stamp of existing file: 2026-08-16 21:06:04.000
2026-08-16 21:11:57.470   Installing the file.
2026-08-16 21:11:57.478   Successfully installed the file.
2026-08-16 21:11:57.480   -- File entry --
2026-08-16 21:11:57.483   Dest filename: C:\Users\in15\AppData\Local\DriveBackup\_internal\_tk_data\xmfbox.tcl
2026-08-16 21:11:57.483   Time stamp of our file: 2026-08-16 21:06:04.000
2026-08-16 21:11:57.483   Dest file exists.
2026-08-16 21:11:57.485   Time stamp of existing file: 2026-08-16 21:06:04.000
2026-08-16 21:11:57.497   Installing the file.
2026-08-16 21:11:57.509   Successfully installed the file.
2026-08-16 21:11:57.510   -- File entry --
2026-08-16 21:11:57.510   Dest filename: C:\Users\in15\AppData\Local\DriveBackup\_internal\_tk_data\images\logo.eps
2026-08-16 21:11:57.511   Time stamp of our file: 2026-08-16 21:06:04.000
2026-08-16 21:11:57.511   Dest file exists.
2026-08-16 21:11:57.511   Time stamp of existing file: 2026-08-16 21:06:04.000
2026-08-16 21:11:57.511   Installing the file.
2026-08-16 21:11:57.520   Successfully installed the file.
2026-08-16 21:11:57.521   -- File entry --
2026-08-16 21:11:57.521   Dest filename: C:\Users\in15\AppData\Local\DriveBackup\_internal\_tk_data\images\logo100.gif
2026-08-16 21:11:57.522   Time stamp of our file: 2026-08-16 21:06:04.000
2026-08-16 21:11:57.522   Dest file exists.
2026-08-16 21:11:57.522   Time stamp of existing file: 2026-08-16 21:06:04.000
2026-08-16 21:11:57.522   Installing the file.
2026-08-16 21:11:57.531   Successfully installed the file.
2026-08-16 21:11:57.531   -- File entry --
2026-08-16 21:11:57.534   Dest filename: C:\Users\in15\AppData\Local\DriveBackup\_internal\_tk_data\images\logo64.gif
2026-08-16 21:11:57.536   Time stamp of our file: 2026-08-16 21:06:04.000
2026-08-16 21:11:57.536   Dest file exists.
2026-08-16 21:11:57.536   Time stamp of existing file: 2026-08-16 21:06:04.000
2026-08-16 21:11:57.536   Installing the file.
2026-08-16 21:11:57.546   Successfully installed the file.
2026-08-16 21:11:57.547   -- File entry --
2026-08-16 21:11:57.547   Dest filename: C:\Users\in15\AppData\Local\DriveBackup\_internal\_tk_data\images\logoLarge.gif
2026-08-16 21:11:57.550   Time stamp of our file: 2026-08-16 21:06:04.000
2026-08-16 21:11:57.550   Dest file exists.
2026-08-16 21:11:57.550   Time stamp of existing file: 2026-08-16 21:06:04.000
2026-08-16 21:11:57.550   Installing the file.
2026-08-16 21:11:57.563   Successfully installed the file.
2026-08-16 21:11:57.563   -- File entry --
2026-08-16 21:11:57.565   Dest filename: C:\Users\in15\AppData\Local\DriveBackup\_internal\_tk_data\images\logoMed.gif
2026-08-16 21:11:57.566   Time stamp of our file: 2026-08-16 21:06:04.000
2026-08-16 21:11:57.566   Dest file exists.
2026-08-16 21:11:57.566   Time stamp of existing file: 2026-08-16 21:06:04.000
2026-08-16 21:11:57.566   Installing the file.
2026-08-16 21:11:57.575   Successfully installed the file.
2026-08-16 21:11:57.575   -- File entry --
2026-08-16 21:11:57.575   Dest filename: C:\Users\in15\AppData\Local\DriveBackup\_internal\_tk_data\images\pwrdLogo.eps
2026-08-16 21:11:57.577   Time stamp of our file: 2026-08-16 21:06:04.000
2026-08-16 21:11:57.577   Dest file exists.
2026-08-16 21:11:57.578   Time stamp of existing file: 2026-08-16 21:06:04.000
2026-08-16 21:11:57.578   Installing the file.
2026-08-16 21:11:57.585   Successfully installed the file.
2026-08-16 21:11:57.591   -- File entry --
2026-08-16 21:11:57.592   Dest filename: C:\Users\in15\AppData\Local\DriveBackup\_internal\_tk_data\images\pwrdLogo100.gif
2026-08-16 21:11:57.594   Time stamp of our file: 2026-08-16 21:06:04.000
2026-08-16 21:11:57.594   Dest file exists.
2026-08-16 21:11:57.594   Time stamp of existing file: 2026-08-16 21:06:04.000
2026-08-16 21:11:57.594   Installing the file.
2026-08-16 21:11:57.600   Successfully installed the file.
2026-08-16 21:11:57.602   -- File entry --
2026-08-16 21:11:57.602   Dest filename: C:\Users\in15\AppData\Local\DriveBackup\_internal\_tk_data\images\pwrdLogo150.gif
2026-08-16 21:11:57.602   Time stamp of our file: 2026-08-16 21:06:04.000
2026-08-16 21:11:57.602   Dest file exists.
2026-08-16 21:11:57.602   Time stamp of existing file: 2026-08-16 21:06:04.000
2026-08-16 21:11:57.604   Installing the file.
2026-08-16 21:11:57.609   Successfully installed the file.
2026-08-16 21:11:57.609   -- File entry --
2026-08-16 21:11:57.610   Dest filename: C:\Users\in15\AppData\Local\DriveBackup\_internal\_tk_data\images\pwrdLogo175.gif
2026-08-16 21:11:57.610   Time stamp of our file: 2026-08-16 21:06:04.000
2026-08-16 21:11:57.610   Dest file exists.
2026-08-16 21:11:57.611   Time stamp of existing file: 2026-08-16 21:06:04.000
2026-08-16 21:11:57.611   Installing the file.
2026-08-16 21:11:57.616   Successfully installed the file.
2026-08-16 21:11:57.616   -- File entry --
2026-08-16 21:11:57.616   Dest filename: C:\Users\in15\AppData\Local\DriveBackup\_internal\_tk_data\images\pwrdLogo200.gif
2026-08-16 21:11:57.617   Time stamp of our file: 2026-08-16 21:06:04.000
2026-08-16 21:11:57.617   Dest file exists.
2026-08-16 21:11:57.617   Time stamp of existing file: 2026-08-16 21:06:04.000
2026-08-16 21:11:57.617   Installing the file.
2026-08-16 21:11:57.624   Successfully installed the file.
2026-08-16 21:11:57.624   -- File entry --
2026-08-16 21:11:57.625   Dest filename: C:\Users\in15\AppData\Local\DriveBackup\_internal\_tk_data\images\pwrdLogo75.gif
2026-08-16 21:11:57.625   Time stamp of our file: 2026-08-16 21:06:04.000
2026-08-16 21:11:57.626   Dest file exists.
2026-08-16 21:11:57.626   Time stamp of existing file: 2026-08-16 21:06:04.000
2026-08-16 21:11:57.626   Installing the file.
2026-08-16 21:11:57.632   Successfully installed the file.
2026-08-16 21:11:57.632   -- File entry --
2026-08-16 21:11:57.632   Dest filename: C:\Users\in15\AppData\Local\DriveBackup\_internal\_tk_data\images\README
2026-08-16 21:11:57.633   Time stamp of our file: 2026-08-16 21:06:04.000
2026-08-16 21:11:57.633   Dest file exists.
2026-08-16 21:11:57.633   Time stamp of existing file: 2026-08-16 21:06:04.000
2026-08-16 21:11:57.633   Installing the file.
2026-08-16 21:11:57.639   Successfully installed the file.
2026-08-16 21:11:57.639   -- File entry --
2026-08-16 21:11:57.640   Dest filename: C:\Users\in15\AppData\Local\DriveBackup\_internal\_tk_data\images\tai-ku.gif
2026-08-16 21:11:57.641   Time stamp of our file: 2026-08-16 21:06:04.000
2026-08-16 21:11:57.641   Dest file exists.
2026-08-16 21:11:57.641   Time stamp of existing file: 2026-08-16 21:06:04.000
2026-08-16 21:11:57.642   Installing the file.
2026-08-16 21:11:57.648   Successfully installed the file.
2026-08-16 21:11:57.648   -- File entry --
2026-08-16 21:11:57.648   Dest filename: C:\Users\in15\AppData\Local\DriveBackup\_internal\_tk_data\msgs\cs.msg
2026-08-16 21:11:57.648   Time stamp of our file: 2026-08-16 21:06:04.000
2026-08-16 21:11:57.648   Dest file exists.
2026-08-16 21:11:57.650   Time stamp of existing file: 2026-08-16 21:06:04.000
2026-08-16 21:11:57.650   Installing the file.
2026-08-16 21:11:57.655   Successfully installed the file.
2026-08-16 21:11:57.655   -- File entry --
2026-08-16 21:11:57.656   Dest filename: C:\Users\in15\AppData\Local\DriveBackup\_internal\_tk_data\msgs\da.msg
2026-08-16 21:11:57.657   Time stamp of our file: 2026-08-16 21:06:04.000
2026-08-16 21:11:57.657   Dest file exists.
2026-08-16 21:11:57.657   Time stamp of existing file: 2026-08-16 21:06:04.000
2026-08-16 21:11:57.657   Installing the file.
2026-08-16 21:11:57.663   Successfully installed the file.
2026-08-16 21:11:57.663   -- File entry --
2026-08-16 21:11:57.664   Dest filename: C:\Users\in15\AppData\Local\DriveBackup\_internal\_tk_data\msgs\de.msg
2026-08-16 21:11:57.665   Time stamp of our file: 2026-08-16 21:06:04.000
2026-08-16 21:11:57.665   Dest file exists.
2026-08-16 21:11:57.665   Time stamp of existing file: 2026-08-16 21:06:04.000
2026-08-16 21:11:57.665   Installing the file.
2026-08-16 21:11:57.670   Successfully installed the file.
2026-08-16 21:11:57.670   -- File entry --
2026-08-16 21:11:57.671   Dest filename: C:\Users\in15\AppData\Local\DriveBackup\_internal\_tk_data\msgs\el.msg
2026-08-16 21:11:57.672   Time stamp of our file: 2026-08-16 21:06:04.000
2026-08-16 21:11:57.672   Dest file exists.
2026-08-16 21:11:57.672   Time stamp of existing file: 2026-08-16 21:06:04.000
2026-08-16 21:11:57.672   Installing the file.
2026-08-16 21:11:57.677   Successfully installed the file.
2026-08-16 21:11:57.677   -- File entry --
2026-08-16 21:11:57.680   Dest filename: C:\Users\in15\AppData\Local\DriveBackup\_internal\_tk_data\msgs\en.msg
2026-08-16 21:11:57.680   Time stamp of our file: 2026-08-16 21:06:04.000
2026-08-16 21:11:57.680   Dest file exists.
2026-08-16 21:11:57.680   Time stamp of existing file: 2026-08-16 21:06:04.000
2026-08-16 21:11:57.680   Installing the file.
2026-08-16 21:11:57.688   Successfully installed the file.
2026-08-16 21:11:57.690   -- File entry --
2026-08-16 21:11:57.690   Dest filename: C:\Users\in15\AppData\Local\DriveBackup\_internal\_tk_data\msgs\en_gb.msg
2026-08-16 21:11:57.690   Time stamp of our file: 2026-08-16 21:06:04.000
2026-08-16 21:11:57.690   Dest file exists.
2026-08-16 21:11:57.690   Time stamp of existing file: 2026-08-16 21:06:04.000
2026-08-16 21:11:57.690   Installing the file.
2026-08-16 21:11:57.697   Successfully installed the file.
2026-08-16 21:11:57.697   -- File entry --
2026-08-16 21:11:57.697   Dest filename: C:\Users\in15\AppData\Local\DriveBackup\_internal\_tk_data\msgs\eo.msg
2026-08-16 21:11:57.698   Time stamp of our file: 2026-08-16 21:06:04.000
2026-08-16 21:11:57.698   Dest file exists.
2026-08-16 21:11:57.698   Time stamp of existing file: 2026-08-16 21:06:04.000
2026-08-16 21:11:57.698   Installing the file.
2026-08-16 21:11:57.704   Successfully installed the file.
2026-08-16 21:11:57.705   -- File entry --
2026-08-16 21:11:57.705   Dest filename: C:\Users\in15\AppData\Local\DriveBackup\_internal\_tk_data\msgs\es.msg
2026-08-16 21:11:57.706   Time stamp of our file: 2026-08-16 21:06:04.000
2026-08-16 21:11:57.706   Dest file exists.
2026-08-16 21:11:57.706   Time stamp of existing file: 2026-08-16 21:06:04.000
2026-08-16 21:11:57.706   Installing the file.
2026-08-16 21:11:57.713   Successfully installed the file.
2026-08-16 21:11:57.713   -- File entry --
2026-08-16 21:11:57.714   Dest filename: C:\Users\in15\AppData\Local\DriveBackup\_internal\_tk_data\msgs\fi.msg
2026-08-16 21:11:57.714   Time stamp of our file: 2026-08-16 21:06:04.000
2026-08-16 21:11:57.714   Dest file exists.
2026-08-16 21:11:57.714   Time stamp of existing file: 2026-08-16 21:06:04.000
2026-08-16 21:11:57.715   Installing the file.
2026-08-16 21:11:57.723   Successfully installed the file.
2026-08-16 21:11:57.723   -- File entry --
2026-08-16 21:11:57.723   Dest filename: C:\Users\in15\AppData\Local\DriveBackup\_internal\_tk_data\msgs\fr.msg
2026-08-16 21:11:57.725   Time stamp of our file: 2026-08-16 21:06:04.000
2026-08-16 21:11:57.725   Dest file exists.
2026-08-16 21:11:57.725   Time stamp of existing file: 2026-08-16 21:06:04.000
2026-08-16 21:11:57.727   Installing the file.
2026-08-16 21:11:57.733   Successfully installed the file.
2026-08-16 21:11:57.733   -- File entry --
2026-08-16 21:11:57.734   Dest filename: C:\Users\in15\AppData\Local\DriveBackup\_internal\_tk_data\msgs\hu.msg
2026-08-16 21:11:57.734   Time stamp of our file: 2026-08-16 21:06:04.000
2026-08-16 21:11:57.734   Dest file exists.
2026-08-16 21:11:57.734   Time stamp of existing file: 2026-08-16 21:06:04.000
2026-08-16 21:11:57.734   Installing the file.
2026-08-16 21:11:57.741   Successfully installed the file.
2026-08-16 21:11:57.742   -- File entry --
2026-08-16 21:11:57.742   Dest filename: C:\Users\in15\AppData\Local\DriveBackup\_internal\_tk_data\msgs\it.msg
2026-08-16 21:11:57.743   Time stamp of our file: 2026-08-16 21:06:04.000
2026-08-16 21:11:57.743   Dest file exists.
2026-08-16 21:11:57.743   Time stamp of existing file: 2026-08-16 21:06:04.000
2026-08-16 21:11:57.743   Installing the file.
2026-08-16 21:11:57.747   Successfully installed the file.
2026-08-16 21:11:57.748   -- File entry --
2026-08-16 21:11:57.748   Dest filename: C:\Users\in15\AppData\Local\DriveBackup\_internal\_tk_data\msgs\nl.msg
2026-08-16 21:11:57.748   Time stamp of our file: 2026-08-16 21:06:04.000
2026-08-16 21:11:57.748   Dest file exists.
2026-08-16 21:11:57.749   Time stamp of existing file: 2026-08-16 21:06:04.000
2026-08-16 21:11:57.749   Installing the file.
2026-08-16 21:11:57.756   Successfully installed the file.
2026-08-16 21:11:57.756   -- File entry --
2026-08-16 21:11:57.757   Dest filename: C:\Users\in15\AppData\Local\DriveBackup\_internal\_tk_data\msgs\pl.msg
2026-08-16 21:11:57.757   Time stamp of our file: 2026-08-16 21:06:04.000
2026-08-16 21:11:57.757   Dest file exists.
2026-08-16 21:11:57.758   Time stamp of existing file: 2026-08-16 21:06:04.000
2026-08-16 21:11:57.758   Installing the file.
2026-08-16 21:11:57.763   Successfully installed the file.
2026-08-16 21:11:57.763   -- File entry --
2026-08-16 21:11:57.764   Dest filename: C:\Users\in15\AppData\Local\DriveBackup\_internal\_tk_data\msgs\pt.msg
2026-08-16 21:11:57.765   Time stamp of our file: 2026-08-16 21:06:04.000
2026-08-16 21:11:57.765   Dest file exists.
2026-08-16 21:11:57.765   Time stamp of existing file: 2026-08-16 21:06:04.000
2026-08-16 21:11:57.765   Installing the file.
2026-08-16 21:11:57.773   Successfully installed the file.
2026-08-16 21:11:57.773   -- File entry --
2026-08-16 21:11:57.774   Dest filename: C:\Users\in15\AppData\Local\DriveBackup\_internal\_tk_data\msgs\ru.msg
2026-08-16 21:11:57.774   Time stamp of our file: 2026-08-16 21:06:04.000
2026-08-16 21:11:57.774   Dest file exists.
2026-08-16 21:11:57.776   Time stamp of existing file: 2026-08-16 21:06:04.000
2026-08-16 21:11:57.776   Installing the file.
2026-08-16 21:11:57.782   Successfully installed the file.
2026-08-16 21:11:57.782   -- File entry --
2026-08-16 21:11:57.783   Dest filename: C:\Users\in15\AppData\Local\DriveBackup\_internal\_tk_data\msgs\sv.msg
2026-08-16 21:11:57.783   Time stamp of our file: 2026-08-16 21:06:04.000
2026-08-16 21:11:57.783   Dest file exists.
2026-08-16 21:11:57.784   Time stamp of existing file: 2026-08-16 21:06:04.000
2026-08-16 21:11:57.784   Installing the file.
2026-08-16 21:11:57.795   Successfully installed the file.
2026-08-16 21:11:57.796   -- File entry --
2026-08-16 21:11:57.796   Dest filename: C:\Users\in15\AppData\Local\DriveBackup\_internal\_tk_data\msgs\zh_cn.msg
2026-08-16 21:11:57.797   Time stamp of our file: 2026-08-16 21:06:04.000
2026-08-16 21:11:57.797   Dest file exists.
2026-08-16 21:11:57.797   Time stamp of existing file: 2026-08-16 21:06:04.000
2026-08-16 21:11:57.798   Installing the file.
2026-08-16 21:11:57.804   Successfully installed the file.
2026-08-16 21:11:57.804   -- File entry --
2026-08-16 21:11:57.805   Dest filename: C:\Users\in15\AppData\Local\DriveBackup\_internal\_tk_data\ttk\altTheme.tcl
2026-08-16 21:11:57.805   Time stamp of our file: 2026-08-16 21:06:04.000
2026-08-16 21:11:57.805   Dest file exists.
2026-08-16 21:11:57.805   Time stamp of existing file: 2026-08-16 21:06:04.000
2026-08-16 21:11:57.806   Installing the file.
2026-08-16 21:11:57.811   Successfully installed the file.
2026-08-16 21:11:57.811   -- File entry --
2026-08-16 21:11:57.812   Dest filename: C:\Users\in15\AppData\Local\DriveBackup\_internal\_tk_data\ttk\aquaTheme.tcl
2026-08-16 21:11:57.813   Time stamp of our file: 2026-08-16 21:06:04.000
2026-08-16 21:11:57.813   Dest file exists.
2026-08-16 21:11:57.813   Time stamp of existing file: 2026-08-16 21:06:04.000
2026-08-16 21:11:57.813   Installing the file.
2026-08-16 21:11:57.819   Successfully installed the file.
2026-08-16 21:11:57.819   -- File entry --
2026-08-16 21:11:57.819   Dest filename: C:\Users\in15\AppData\Local\DriveBackup\_internal\_tk_data\ttk\button.tcl
2026-08-16 21:11:57.820   Time stamp of our file: 2026-08-16 21:06:04.000
2026-08-16 21:11:57.820   Dest file exists.
2026-08-16 21:11:57.820   Time stamp of existing file: 2026-08-16 21:06:04.000
2026-08-16 21:11:57.820   Installing the file.
2026-08-16 21:11:57.825   Successfully installed the file.
2026-08-16 21:11:57.825   -- File entry --
2026-08-16 21:11:57.826   Dest filename: C:\Users\in15\AppData\Local\DriveBackup\_internal\_tk_data\ttk\clamTheme.tcl
2026-08-16 21:11:57.827   Time stamp of our file: 2026-08-16 21:06:04.000
2026-08-16 21:11:57.827   Dest file exists.
2026-08-16 21:11:57.827   Time stamp of existing file: 2026-08-16 21:06:04.000
2026-08-16 21:11:57.827   Installing the file.
2026-08-16 21:11:57.832   Successfully installed the file.
2026-08-16 21:11:57.833   -- File entry --
2026-08-16 21:11:57.833   Dest filename: C:\Users\in15\AppData\Local\DriveBackup\_internal\_tk_data\ttk\classicTheme.tcl
2026-08-16 21:11:57.833   Time stamp of our file: 2026-08-16 21:06:04.000
2026-08-16 21:11:57.833   Dest file exists.
2026-08-16 21:11:57.835   Time stamp of existing file: 2026-08-16 21:06:04.000
2026-08-16 21:11:57.835   Installing the file.
2026-08-16 21:11:57.842   Successfully installed the file.
2026-08-16 21:11:57.842   -- File entry --
2026-08-16 21:11:57.842   Dest filename: C:\Users\in15\AppData\Local\DriveBackup\_internal\_tk_data\ttk\combobox.tcl
2026-08-16 21:11:57.843   Time stamp of our file: 2026-08-16 21:06:04.000
2026-08-16 21:11:57.843   Dest file exists.
2026-08-16 21:11:57.843   Time stamp of existing file: 2026-08-16 21:06:04.000
2026-08-16 21:11:57.843   Installing the file.
2026-08-16 21:11:57.849   Successfully installed the file.
2026-08-16 21:11:57.849   -- File entry --
2026-08-16 21:11:57.850   Dest filename: C:\Users\in15\AppData\Local\DriveBackup\_internal\_tk_data\ttk\cursors.tcl
2026-08-16 21:11:57.851   Time stamp of our file: 2026-08-16 21:06:04.000
2026-08-16 21:11:57.851   Dest file exists.
2026-08-16 21:11:57.851   Time stamp of existing file: 2026-08-16 21:06:04.000
2026-08-16 21:11:57.851   Installing the file.
2026-08-16 21:11:57.857   Successfully installed the file.
2026-08-16 21:11:57.857   -- File entry --
2026-08-16 21:11:57.857   Dest filename: C:\Users\in15\AppData\Local\DriveBackup\_internal\_tk_data\ttk\defaults.tcl
2026-08-16 21:11:57.859   Time stamp of our file: 2026-08-16 21:06:04.000
2026-08-16 21:11:57.859   Dest file exists.
2026-08-16 21:11:57.859   Time stamp of existing file: 2026-08-16 21:06:04.000
2026-08-16 21:11:57.859   Installing the file.
2026-08-16 21:11:57.864   Successfully installed the file.
2026-08-16 21:11:57.864   -- File entry --
2026-08-16 21:11:57.865   Dest filename: C:\Users\in15\AppData\Local\DriveBackup\_internal\_tk_data\ttk\entry.tcl
2026-08-16 21:11:57.866   Time stamp of our file: 2026-08-16 21:06:04.000
2026-08-16 21:11:57.866   Dest file exists.
2026-08-16 21:11:57.866   Time stamp of existing file: 2026-08-16 21:06:04.000
2026-08-16 21:11:57.866   Installing the file.
2026-08-16 21:11:57.872   Successfully installed the file.
2026-08-16 21:11:57.873   -- File entry --
2026-08-16 21:11:57.874   Dest filename: C:\Users\in15\AppData\Local\DriveBackup\_internal\_tk_data\ttk\fonts.tcl
2026-08-16 21:11:57.874   Time stamp of our file: 2026-08-16 21:06:04.000
2026-08-16 21:11:57.874   Dest file exists.
2026-08-16 21:11:57.874   Time stamp of existing file: 2026-08-16 21:06:04.000
2026-08-16 21:11:57.874   Installing the file.
2026-08-16 21:11:57.881   Successfully installed the file.
2026-08-16 21:11:57.881   -- File entry --
2026-08-16 21:11:57.881   Dest filename: C:\Users\in15\AppData\Local\DriveBackup\_internal\_tk_data\ttk\menubutton.tcl
2026-08-16 21:11:57.882   Time stamp of our file: 2026-08-16 21:06:04.000
2026-08-16 21:11:57.882   Dest file exists.
2026-08-16 21:11:57.883   Time stamp of existing file: 2026-08-16 21:06:04.000
2026-08-16 21:11:57.883   Installing the file.
2026-08-16 21:11:57.894   Successfully installed the file.
2026-08-16 21:11:57.894   -- File entry --
2026-08-16 21:11:57.896   Dest filename: C:\Users\in15\AppData\Local\DriveBackup\_internal\_tk_data\ttk\notebook.tcl
2026-08-16 21:11:57.896   Time stamp of our file: 2026-08-16 21:06:04.000
2026-08-16 21:11:57.896   Dest file exists.
2026-08-16 21:11:57.896   Time stamp of existing file: 2026-08-16 21:06:04.000
2026-08-16 21:11:57.896   Installing the file.
2026-08-16 21:11:57.905   Successfully installed the file.
2026-08-16 21:11:57.905   -- File entry --
2026-08-16 21:11:57.906   Dest filename: C:\Users\in15\AppData\Local\DriveBackup\_internal\_tk_data\ttk\panedwindow.tcl
2026-08-16 21:11:57.907   Time stamp of our file: 2026-08-16 21:06:04.000
2026-08-16 21:11:57.907   Dest file exists.
2026-08-16 21:11:57.907   Time stamp of existing file: 2026-08-16 21:06:04.000
2026-08-16 21:11:57.907   Installing the file.
2026-08-16 21:11:57.914   Successfully installed the file.
2026-08-16 21:11:57.914   -- File entry --
2026-08-16 21:11:57.914   Dest filename: C:\Users\in15\AppData\Local\DriveBackup\_internal\_tk_data\ttk\progress.tcl
2026-08-16 21:11:57.915   Time stamp of our file: 2026-08-16 21:06:04.000
2026-08-16 21:11:57.915   Dest file exists.
2026-08-16 21:11:57.916   Time stamp of existing file: 2026-08-16 21:06:04.000
2026-08-16 21:11:57.916   Installing the file.
2026-08-16 21:11:57.923   Successfully installed the file.
2026-08-16 21:11:57.923   -- File entry --
2026-08-16 21:11:57.923   Dest filename: C:\Users\in15\AppData\Local\DriveBackup\_internal\_tk_data\ttk\scale.tcl
2026-08-16 21:11:57.924   Time stamp of our file: 2026-08-16 21:06:04.000
2026-08-16 21:11:57.924   Dest file exists.
2026-08-16 21:11:57.924   Time stamp of existing file: 2026-08-16 21:06:04.000
2026-08-16 21:11:57.924   Installing the file.
2026-08-16 21:11:57.931   Successfully installed the file.
2026-08-16 21:11:57.931   -- File entry --
2026-08-16 21:11:57.931   Dest filename: C:\Users\in15\AppData\Local\DriveBackup\_internal\_tk_data\ttk\scrollbar.tcl
2026-08-16 21:11:57.932   Time stamp of our file: 2026-08-16 21:06:04.000
2026-08-16 21:11:57.932   Dest file exists.
2026-08-16 21:11:57.933   Time stamp of existing file: 2026-08-16 21:06:04.000
2026-08-16 21:11:57.933   Installing the file.
2026-08-16 21:11:57.939   Successfully installed the file.
2026-08-16 21:11:57.939   -- File entry --
2026-08-16 21:11:57.940   Dest filename: C:\Users\in15\AppData\Local\DriveBackup\_internal\_tk_data\ttk\sizegrip.tcl
2026-08-16 21:11:57.940   Time stamp of our file: 2026-08-16 21:06:04.000
2026-08-16 21:11:57.940   Dest file exists.
2026-08-16 21:11:57.941   Time stamp of existing file: 2026-08-16 21:06:04.000
2026-08-16 21:11:57.941   Installing the file.
2026-08-16 21:11:57.949   Successfully installed the file.
2026-08-16 21:11:57.949   -- File entry --
2026-08-16 21:11:57.950   Dest filename: C:\Users\in15\AppData\Local\DriveBackup\_internal\_tk_data\ttk\spinbox.tcl
2026-08-16 21:11:57.950   Time stamp of our file: 2026-08-16 21:06:04.000
2026-08-16 21:11:57.950   Dest file exists.
2026-08-16 21:11:57.951   Time stamp of existing file: 2026-08-16 21:06:04.000
2026-08-16 21:11:57.951   Installing the file.
2026-08-16 21:11:57.956   Successfully installed the file.
2026-08-16 21:11:57.956   -- File entry --
2026-08-16 21:11:57.956   Dest filename: C:\Users\in15\AppData\Local\DriveBackup\_internal\_tk_data\ttk\treeview.tcl
2026-08-16 21:11:57.957   Time stamp of our file: 2026-08-16 21:06:04.000
2026-08-16 21:11:57.957   Dest file exists.
2026-08-16 21:11:57.958   Time stamp of existing file: 2026-08-16 21:06:04.000
2026-08-16 21:11:57.958   Installing the file.
2026-08-16 21:11:57.963   Successfully installed the file.
2026-08-16 21:11:57.964   -- File entry --
2026-08-16 21:11:57.964   Dest filename: C:\Users\in15\AppData\Local\DriveBackup\_internal\_tk_data\ttk\ttk.tcl
2026-08-16 21:11:57.965   Time stamp of our file: 2026-08-16 21:06:04.000
2026-08-16 21:11:57.965   Dest file exists.
2026-08-16 21:11:57.965   Time stamp of existing file: 2026-08-16 21:06:04.000
2026-08-16 21:11:57.965   Installing the file.
2026-08-16 21:11:57.978   Successfully installed the file.
2026-08-16 21:11:57.979   -- File entry --
2026-08-16 21:11:57.979   Dest filename: C:\Users\in15\AppData\Local\DriveBackup\_internal\_tk_data\ttk\utils.tcl
2026-08-16 21:11:57.979   Time stamp of our file: 2026-08-16 21:06:04.000
2026-08-16 21:11:57.979   Dest file exists.
2026-08-16 21:11:57.979   Time stamp of existing file: 2026-08-16 21:06:04.000
2026-08-16 21:11:57.981   Installing the file.
2026-08-16 21:11:57.991   Successfully installed the file.
2026-08-16 21:11:57.992   -- File entry --
2026-08-16 21:11:57.992   Dest filename: C:\Users\in15\AppData\Local\DriveBackup\_internal\_tk_data\ttk\vistaTheme.tcl
2026-08-16 21:11:57.993   Time stamp of our file: 2026-08-16 21:06:04.000
2026-08-16 21:11:57.993   Dest file exists.
2026-08-16 21:11:57.993   Time stamp of existing file: 2026-08-16 21:06:04.000
2026-08-16 21:11:57.993   Installing the file.
2026-08-16 21:11:58.000   Successfully installed the file.
2026-08-16 21:11:58.002   -- File entry --
2026-08-16 21:11:58.007   Dest filename: C:\Users\in15\AppData\Local\DriveBackup\_internal\_tk_data\ttk\winTheme.tcl
2026-08-16 21:11:58.008   Time stamp of our file: 2026-08-16 21:06:04.000
2026-08-16 21:11:58.008   Dest file exists.
2026-08-16 21:11:58.008   Time stamp of existing file: 2026-08-16 21:06:04.000
2026-08-16 21:11:58.009   Installing the file.
2026-08-16 21:11:58.018   Successfully installed the file.
2026-08-16 21:11:58.020   -- File entry --
2026-08-16 21:11:58.020   Dest filename: C:\Users\in15\AppData\Local\DriveBackup\_internal\_tk_data\ttk\xpTheme.tcl
2026-08-16 21:11:58.021   Time stamp of our file: 2026-08-16 21:06:04.000
2026-08-16 21:11:58.021   Dest file exists.
2026-08-16 21:11:58.021   Time stamp of existing file: 2026-08-16 21:06:04.000
2026-08-16 21:11:58.022   Installing the file.
2026-08-16 21:11:58.027   Successfully installed the file.
2026-08-16 21:11:58.028   -- Icon entry --
2026-08-16 21:11:58.028   Dest filename: C:\Users\in15\AppData\Roaming\Microsoft\Windows\Start Menu\Programs\DriveBackup.lnk
2026-08-16 21:11:58.030   Creating the icon.
2026-08-16 21:11:58.500   Successfully created the icon.
2026-08-16 21:11:58.546   Saving uninstall information.
2026-08-16 21:11:58.546   Renaming uninstaller.
2026-08-16 21:11:58.550   Deleting uninstall key left over from previous non administrative install.
2026-08-16 21:11:58.551   Creating new uninstall key: HKEY_CURRENT_USER\Software\Microsoft\Windows\CurrentVersion\Uninstall\{2E1B8A84-9D3F-4C2A-B5C7-3F9E2D0A6C41}_is1
2026-08-16 21:11:58.551   Writing uninstall key values.
2026-08-16 21:11:58.553   Detected previous administrative 32-bit install? No
2026-08-16 21:11:58.553   Detected previous administrative 64-bit install? No
2026-08-16 21:11:58.589   Installation process succeeded.
2026-08-16 21:11:58.591   Need to restart Windows? No
2026-08-16 21:11:58.601   Deinitializing Setup.
2026-08-16 21:11:58.641   Log closed.
